plotid,sampleid,sample_internal_id,lon,lat,email,flagged,collection_time,analysis_duration,imagery_title,imagery_attributions,sample_geom,confidence,confidence_comment,Land cover elements
100,14286,804477630,-97.77791200610515,30.634930241034567,jbspiritous@gmail.com,false,2026-02-25 21:19,1506.3 secs,CEO: Mapbox Satellite w/ Labels,,POINT(-97.77791200610515 30.634930241034567),50,,Trees
100,14287,804477631,-97.7778076036631,30.634121757276347,jbspiritous@gmail.com,false,2026-02-25 21:19,1506.3 secs,CEO: Mapbox Satellite w/ Labels,,POINT(-97.7778076036631 30.634121757276347),50,,Trees
100,14257,804477601,-97.77812081098931,30.634121757276347,jbspiritous@gmail.com,false,2026-02-25 21:19,1506.3 secs,CEO: Mapbox Satellite w/ Labels,,POINT(-97.77812081098931 30.634121757276347),50,,Grasses
100,14258,804477602,-97.77812081098931,30.634211589138687,jbspiritous@gmail.com,false,2026-02-25 21:19,1506.3 secs,CEO: Mapbox Satellite w/ Labels,,POINT(-97.77812081098931 30.634211589138687),50,,Trees
100,14259,804477603,-97.77812081098931,30.634301420917595,jbspiritous@gmail.com,false,2026-02-25 21:19,1506.3 secs,CEO: Mapbox Satellite w/ Labels,,POINT(-97.77812081098931 30.634301420917595),50,,Built-up
100,14260,804477604,-97.77812081098931,30.6343912526131,jbspiritous@gmail.com,false,2026-02-25 21:19,1506.3 secs,CEO: Mapbox Satellite w/ Labels,,POINT(-97.77812081098931 30.6343912526131),50,,Built-up
100,14261,804477605,-97.77812081098931,30.63448108422523,jbspiritous@gmail.com,false,2026-02-25 21:19,1506.3 secs,CEO: Mapbox Satellite w/ Labels,,POINT(-97.77812081098931 30.63448108422523),50,,Built-up
100,14262,804477606,-97.77812081098931,30.634570915753898,jbspiritous@gmail.com,false,2026-02-25 21:19,1506.3 secs,CEO: Mapbox Satellite w/ Labels,,POINT(-97.77812081098931 30.634570915753898),50,,Trees
100,14263,804477607,-97.77812081098931,30.63466074719919,jbspiritous@gmail.com,false,2026-02-25 21:19,1506.3 secs,CEO: Mapbox Satellite w/ Labels,,POINT(-97.77812081098931 30.63466074719919),50,,Trees
100,14264,804477608,-97.77812081098931,30.634750578561068,jbspiritous@gmail.com,false,2026-02-25 21:19,1506.3 secs,CEO: Mapbox Satellite w/ Labels,,POINT(-97.77812081098931 30.634750578561068),50,,Grasses
100,14265,804477609,-97.77812081098931,30.634840409839526,jbspiritous@gmail.com,false,2026-02-25 21:19,1506.3 secs,CEO: Mapbox Satellite w/ Labels,,POINT(-97.77812081098931 30.634840409839526),50,,Trees
100,14266,804477610,-97.77812081098931,30.634930241034567,jbspiritous@gmail.com,false,2026-02-25 21:19,1506.3 secs,CEO: Mapbox Satellite w/ Labels,,POINT(-97.77812081098931 30.634930241034567),50,,Trees
100,14267,804477611,-97.77801640854723,30.634121757276347,jbspiritous@gmail.com,false,2026-02-25 21:19,1506.3 secs,CEO: Mapbox Satellite w/ Labels,,POINT(-97.77801640854723 30.634121757276347),50,,Grasses
100,14268,804477612,-97.77801640854723,30.634211589138687,jbspiritous@gmail.com,false,2026-02-25 21:19,1506.3 secs,CEO: Mapbox Satellite w/ Labels,,POINT(-97.77801640854723 30.634211589138687),50,,Trees
100,14269,804477613,-97.77801640854723,30.634301420917595,jbspiritous@gmail.com,false,2026-02-25 21:19,1506.3 secs,CEO: Mapbox Satellite w/ Labels,,POINT(-97.77801640854723 30.634301420917595),50,,Built-up
100,14270,804477614,-97.77801640854723,30.6343912526131,jbspiritous@gmail.com,false,2026-02-25 21:19,1506.3 secs,CEO: Mapbox Satellite w/ Labels,,POINT(-97.77801640854723 30.6343912526131),50,,Built-up
100,14271,804477615,-97.77801640854723,30.63448108422523,jbspiritous@gmail.com,false,2026-02-25 21:19,1506.3 secs,CEO: Mapbox Satellite w/ Labels,,POINT(-97.77801640854723 30.63448108422523),50,,Built-up
100,14272,804477616,-97.77801640854723,30.634570915753898,jbspiritous@gmail.com,false,2026-02-25 21:19,1506.3 secs,CEO: Mapbox Satellite w/ Labels,,POINT(-97.77801640854723 30.634570915753898),50,,Trees
100,14273,804477617,-97.77801640854723,30.63466074719919,jbspiritous@gmail.com,false,2026-02-25 21:19,1506.3 secs,CEO: Mapbox Satellite w/ Labels,,POINT(-97.77801640854723 30.63466074719919),50,,Shrubs
100,14274,804477618,-97.77801640854723,30.634750578561068,jbspiritous@gmail.com,false,2026-02-25 21:19,1506.3 secs,CEO: Mapbox Satellite w/ Labels,,POINT(-97.77801640854723 30.634750578561068),50,,Grasses
100,14275,804477619,-97.77801640854723,30.634840409839526,jbspiritous@gmail.com,false,2026-02-25 21:19,1506.3 secs,CEO: Mapbox Satellite w/ Labels,,POINT(-97.77801640854723 30.634840409839526),50,,Grasses
100,14276,804477620,-97.77801640854723,30.634930241034567,jbspiritous@gmail.com,false,2026-02-25 21:19,1506.3 secs,CEO: Mapbox Satellite w/ Labels,,POINT(-97.77801640854723 30.634930241034567),50,,Grasses
100,14277,804477621,-97.77791200610515,30.634121757276347,jbspiritous@gmail.com,false,2026-02-25 21:19,1506.3 secs,CEO: Mapbox Satellite w/ Labels,,POINT(-97.77791200610515 30.634121757276347),50,,Built-up
100,14278,804477622,-97.77791200610515,30.634211589138687,jbspiritous@gmail.com,false,2026-02-25 21:19,1506.3 secs,CEO: Mapbox Satellite w/ Labels,,POINT(-97.77791200610515 30.634211589138687),50,,Built-up
100,14279,804477623,-97.77791200610515,30.634301420917595,jbspiritous@gmail.com,false,2026-02-25 21:19,1506.3 secs,CEO: Mapbox Satellite w/ Labels,,POINT(-97.77791200610515 30.634301420917595),50,,Built-up
100,14280,804477624,-97.77791200610515,30.6343912526131,jbspiritous@gmail.com,false,2026-02-25 21:19,1506.3 secs,CEO: Mapbox Satellite w/ Labels,,POINT(-97.77791200610515 30.6343912526131),50,,Built-up
100,14281,804477625,-97.77791200610515,30.63448108422523,jbspiritous@gmail.com,false,2026-02-25 21:19,1506.3 secs,CEO: Mapbox Satellite w/ Labels,,POINT(-97.77791200610515 30.63448108422523),50,,Built-up
100,14282,804477626,-97.77791200610515,30.634570915753898,jbspiritous@gmail.com,false,2026-02-25 21:19,1506.3 secs,CEO: Mapbox Satellite w/ Labels,,POINT(-97.77791200610515 30.634570915753898),50,,Built-up
100,14283,804477627,-97.77791200610515,30.63466074719919,jbspiritous@gmail.com,false,2026-02-25 21:19,1506.3 secs,CEO: Mapbox Satellite w/ Labels,,POINT(-97.77791200610515 30.63466074719919),50,,Built-up
100,14284,804477628,-97.77791200610515,30.634750578561068,jbspiritous@gmail.com,false,2026-02-25 21:19,1506.3 secs,CEO: Mapbox Satellite w/ Labels,,POINT(-97.77791200610515 30.634750578561068),50,,Grasses
100,14285,804477629,-97.77791200610515,30.634840409839526,jbspiritous@gmail.com,false,2026-02-25 21:19,1506.3 secs,CEO: Mapbox Satellite w/ Labels,,POINT(-97.77791200610515 30.634840409839526),50,,Grasses
100,14288,804477632,-97.7778076036631,30.634211589138687,jbspiritous@gmail.com,false,2026-02-25 21:19,1506.3 secs,CEO: Mapbox Satellite w/ Labels,,POINT(-97.7778076036631 30.634211589138687),50,,Built-up
100,14289,804477633,-97.7778076036631,30.634301420917595,jbspiritous@gmail.com,false,2026-02-25 21:19,1506.3 secs,CEO: Mapbox Satellite w/ Labels,,POINT(-97.7778076036631 30.634301420917595),50,,Built-up
100,14290,804477634,-97.7778076036631,30.6343912526131,jbspiritous@gmail.com,false,2026-02-25 21:19,1506.3 secs,CEO: Mapbox Satellite w/ Labels,,POINT(-97.7778076036631 30.6343912526131),50,,Built-up
100,14291,804477635,-97.7778076036631,30.63448108422523,jbspiritous@gmail.com,false,2026-02-25 21:19,1506.3 secs,CEO: Mapbox Satellite w/ Labels,,POINT(-97.7778076036631 30.63448108422523),50,,Built-up
100,14292,804477636,-97.7778076036631,30.634570915753898,jbspiritous@gmail.com,false,2026-02-25 21:19,1506.3 secs,CEO: Mapbox Satellite w/ Labels,,POINT(-97.7778076036631 30.634570915753898),50,,Shrubs
100,14293,804477637,-97.7778076036631,30.63466074719919,jbspiritous@gmail.com,false,2026-02-25 21:19,1506.3 secs,CEO: Mapbox Satellite w/ Labels,,POINT(-97.7778076036631 30.63466074719919),50,,Shrubs
100,14294,804477638,-97.7778076036631,30.634750578561068,jbspiritous@gmail.com,false,2026-02-25 21:19,1506.3 secs,CEO: Mapbox Satellite w/ Labels,,POINT(-97.7778076036631 30.634750578561068),50,,Built-up
100,14295,804477639,-97.7778076036631,30.634840409839526,jbspiritous@gmail.com,false,2026-02-25 21:19,1506.3 secs,CEO: Mapbox Satellite w/ Labels,,POINT(-97.7778076036631 30.634840409839526),50,,Built-up
100,14296,804477640,-97.7778076036631,30.634930241034567,jbspiritous@gmail.com,false,2026-02-25 21:19,1506.3 secs,CEO: Mapbox Satellite w/ Labels,,POINT(-97.7778076036631 30.634930241034567),50,,Built-up
100,14297,804477641,-97.77770320122103,30.634121757276347,jbspiritous@gmail.com,false,2026-02-25 21:19,1506.3 secs,CEO: Mapbox Satellite w/ Labels,,POINT(-97.77770320122103 30.634121757276347),50,,Trees
100,14298,804477642,-97.77770320122103,30.634211589138687,jbspiritous@gmail.com,false,2026-02-25 21:19,1506.3 secs,CEO: Mapbox Satellite w/ Labels,,POINT(-97.77770320122103 30.634211589138687),50,,Grasses
100,14299,804477643,-97.77770320122103,30.634301420917595,jbspiritous@gmail.com,false,2026-02-25 21:19,1506.3 secs,CEO: Mapbox Satellite w/ Labels,,POINT(-97.77770320122103 30.634301420917595),50,,Built-up
100,14300,804477644,-97.77770320122103,30.6343912526131,jbspiritous@gmail.com,false,2026-02-25 21:19,1506.3 secs,CEO: Mapbox Satellite w/ Labels,,POINT(-97.77770320122103 30.6343912526131),50,,Built-up
100,14301,804477645,-97.77770320122103,30.63448108422523,jbspiritous@gmail.com,false,2026-02-25 21:19,1506.3 secs,CEO: Mapbox Satellite w/ Labels,,POINT(-97.77770320122103 30.63448108422523),50,,Built-up
100,14302,804477646,-97.77770320122103,30.634570915753898,jbspiritous@gmail.com,false,2026-02-25 21:19,1506.3 secs,CEO: Mapbox Satellite w/ Labels,,POINT(-97.77770320122103 30.634570915753898),50,,Built-up
100,14303,804477647,-97.77770320122103,30.63466074719919,jbspiritous@gmail.com,false,2026-02-25 21:19,1506.3 secs,CEO: Mapbox Satellite w/ Labels,,POINT(-97.77770320122103 30.63466074719919),50,,Built-up
100,14304,804477648,-97.77770320122103,30.634750578561068,jbspiritous@gmail.com,false,2026-02-25 21:19,1506.3 secs,CEO: Mapbox Satellite w/ Labels,,POINT(-97.77770320122103 30.634750578561068),50,,Built-up
100,14305,804477649,-97.77770320122103,30.634840409839526,jbspiritous@gmail.com,false,2026-02-25 21:19,1506.3 secs,CEO: Mapbox Satellite w/ Labels,,POINT(-97.77770320122103 30.634840409839526),50,,Built-up
100,14306,804477650,-97.77770320122103,30.634930241034567,jbspiritous@gmail.com,false,2026-02-25 21:19,1506.3 secs,CEO: Mapbox Satellite w/ Labels,,POINT(-97.77770320122103 30.634930241034567),50,,Grasses
100,14307,804477651,-97.77759879877895,30.634121757276347,jbspiritous@gmail.com,false,2026-02-25 21:19,1506.3 secs,CEO: Mapbox Satellite w/ Labels,,POINT(-97.77759879877895 30.634121757276347),50,,Trees
100,14308,804477652,-97.77759879877895,30.634211589138687,jbspiritous@gmail.com,false,2026-02-25 21:19,1506.3 secs,CEO: Mapbox Satellite w/ Labels,,POINT(-97.77759879877895 30.634211589138687),50,,Grasses
100,14309,804477653,-97.77759879877895,30.634301420917595,jbspiritous@gmail.com,false,2026-02-25 21:19,1506.3 secs,CEO: Mapbox Satellite w/ Labels,,POINT(-97.77759879877895 30.634301420917595),50,,Built-up
100,14310,804477654,-97.77759879877895,30.6343912526131,jbspiritous@gmail.com,false,2026-02-25 21:19,1506.3 secs,CEO: Mapbox Satellite w/ Labels,,POINT(-97.77759879877895 30.6343912526131),50,,Built-up
100,14311,804477655,-97.77759879877895,30.63448108422523,jbspiritous@gmail.com,false,2026-02-25 21:19,1506.3 secs,CEO: Mapbox Satellite w/ Labels,,POINT(-97.77759879877895 30.63448108422523),50,,Grasses
100,14312,804477656,-97.77759879877895,30.634570915753898,jbspiritous@gmail.com,false,2026-02-25 21:19,1506.3 secs,CEO: Mapbox Satellite w/ Labels,,POINT(-97.77759879877895 30.634570915753898),50,,Grasses
100,14313,804477657,-97.77759879877895,30.63466074719919,jbspiritous@gmail.com,false,2026-02-25 21:19,1506.3 secs,CEO: Mapbox Satellite w/ Labels,,POINT(-97.77759879877895 30.63466074719919),50,,Grasses
100,14314,804477658,-97.77759879877895,30.634750578561068,jbspiritous@gmail.com,false,2026-02-25 21:19,1506.3 secs,CEO: Mapbox Satellite w/ Labels,,POINT(-97.77759879877895 30.634750578561068),50,,Grasses
100,14315,804477659,-97.77759879877895,30.634840409839526,jbspiritous@gmail.com,false,2026-02-25 21:19,1506.3 secs,CEO: Mapbox Satellite w/ Labels,,POINT(-97.77759879877895 30.634840409839526),50,,Grasses
100,14316,804477660,-97.77759879877895,30.634930241034567,jbspiritous@gmail.com,false,2026-02-25 21:19,1506.3 secs,CEO: Mapbox Satellite w/ Labels,,POINT(-97.77759879877895 30.634930241034567),50,,Built-up
100,14317,804477661,-97.77749439633689,30.634121757276347,jbspiritous@gmail.com,false,2026-02-25 21:19,1506.3 secs,CEO: Mapbox Satellite w/ Labels,,POINT(-97.77749439633689 30.634121757276347),50,,Built-up
100,14318,804477662,-97.77749439633689,30.634211589138687,jbspiritous@gmail.com,false,2026-02-25 21:19,1506.3 secs,CEO: Mapbox Satellite w/ Labels,,POINT(-97.77749439633689 30.634211589138687),50,,Built-up
100,14319,804477663,-97.77749439633689,30.634301420917595,jbspiritous@gmail.com,false,2026-02-25 21:19,1506.3 secs,CEO: Mapbox Satellite w/ Labels,,POINT(-97.77749439633689 30.634301420917595),50,,Built-up
100,14320,804477664,-97.77749439633689,30.6343912526131,jbspiritous@gmail.com,false,2026-02-25 21:19,1506.3 secs,CEO: Mapbox Satellite w/ Labels,,POINT(-97.77749439633689 30.6343912526131),50,,Built-up
100,14321,804477665,-97.77749439633689,30.63448108422523,jbspiritous@gmail.com,false,2026-02-25 21:19,1506.3 secs,CEO: Mapbox Satellite w/ Labels,,POINT(-97.77749439633689 30.63448108422523),50,,Grasses
100,14322,804477666,-97.77749439633689,30.634570915753898,jbspiritous@gmail.com,false,2026-02-25 21:19,1506.3 secs,CEO: Mapbox Satellite w/ Labels,,POINT(-97.77749439633689 30.634570915753898),50,,Trees
100,14323,804477667,-97.77749439633689,30.63466074719919,jbspiritous@gmail.com,false,2026-02-25 21:19,1506.3 secs,CEO: Mapbox Satellite w/ Labels,,POINT(-97.77749439633689 30.63466074719919),50,,Trees
100,14324,804477668,-97.77749439633689,30.634750578561068,jbspiritous@gmail.com,false,2026-02-25 21:19,1506.3 secs,CEO: Mapbox Satellite w/ Labels,,POINT(-97.77749439633689 30.634750578561068),50,,Grasses
100,14325,804477669,-97.77749439633689,30.634840409839526,jbspiritous@gmail.com,false,2026-02-25 21:19,1506.3 secs,CEO: Mapbox Satellite w/ Labels,,POINT(-97.77749439633689 30.634840409839526),50,,Grasses
100,14326,804477670,-97.77749439633689,30.634930241034567,jbspiritous@gmail.com,false,2026-02-25 21:19,1506.3 secs,CEO: Mapbox Satellite w/ Labels,,POINT(-97.77749439633689 30.634930241034567),50,,Trees
100,14327,804477671,-97.77738999389483,30.634121757276347,jbspiritous@gmail.com,false,2026-02-25 21:19,1506.3 secs,CEO: Mapbox Satellite w/ Labels,,POINT(-97.77738999389483 30.634121757276347),50,,Trees
100,14328,804477672,-97.77738999389483,30.634211589138687,jbspiritous@gmail.com,false,2026-02-25 21:19,1506.3 secs,CEO: Mapbox Satellite w/ Labels,,POINT(-97.77738999389483 30.634211589138687),50,,Built-up
100,14329,804477673,-97.77738999389483,30.634301420917595,jbspiritous@gmail.com,false,2026-02-25 21:19,1506.3 secs,CEO: Mapbox Satellite w/ Labels,,POINT(-97.77738999389483 30.634301420917595),50,,Built-up
100,14330,804477674,-97.77738999389483,30.6343912526131,jbspiritous@gmail.com,false,2026-02-25 21:19,1506.3 secs,CEO: Mapbox Satellite w/ Labels,,POINT(-97.77738999389483 30.6343912526131),50,,Built-up
100,14331,804477675,-97.77738999389483,30.63448108422523,jbspiritous@gmail.com,false,2026-02-25 21:19,1506.3 secs,CEO: Mapbox Satellite w/ Labels,,POINT(-97.77738999389483 30.63448108422523),50,,Grasses
100,14332,804477676,-97.77738999389483,30.634570915753898,jbspiritous@gmail.com,false,2026-02-25 21:19,1506.3 secs,CEO: Mapbox Satellite w/ Labels,,POINT(-97.77738999389483 30.634570915753898),50,,Trees
100,14333,804477677,-97.77738999389483,30.63466074719919,jbspiritous@gmail.com,false,2026-02-25 21:19,1506.3 secs,CEO: Mapbox Satellite w/ Labels,,POINT(-97.77738999389483 30.63466074719919),50,,Trees
100,14334,804477678,-97.77738999389483,30.634750578561068,jbspiritous@gmail.com,false,2026-02-25 21:19,1506.3 secs,CEO: Mapbox Satellite w/ Labels,,POINT(-97.77738999389483 30.634750578561068),50,,Grasses
100,14335,804477679,-97.77738999389483,30.634840409839526,jbspiritous@gmail.com,false,2026-02-25 21:19,1506.3 secs,CEO: Mapbox Satellite w/ Labels,,POINT(-97.77738999389483 30.634840409839526),50,,Grasses
100,14336,804477680,-97.77738999389483,30.634930241034567,jbspiritous@gmail.com,false,2026-02-25 21:19,1506.3 secs,CEO: Mapbox Satellite w/ Labels,,POINT(-97.77738999389483 30.634930241034567),50,,Grasses
100,14337,804477681,-97.77728559145275,30.634121757276347,jbspiritous@gmail.com,false,2026-02-25 21:19,1506.3 secs,CEO: Mapbox Satellite w/ Labels,,POINT(-97.77728559145275 30.634121757276347),50,,Grasses
100,14338,804477682,-97.77728559145275,30.634211589138687,jbspiritous@gmail.com,false,2026-02-25 21:19,1506.3 secs,CEO: Mapbox Satellite w/ Labels,,POINT(-97.77728559145275 30.634211589138687),50,,Built-up
100,14339,804477683,-97.77728559145275,30.634301420917595,jbspiritous@gmail.com,false,2026-02-25 21:19,1506.3 secs,CEO: Mapbox Satellite w/ Labels,,POINT(-97.77728559145275 30.634301420917595),50,,Built-up
100,14340,804477684,-97.77728559145275,30.6343912526131,jbspiritous@gmail.com,false,2026-02-25 21:19,1506.3 secs,CEO: Mapbox Satellite w/ Labels,,POINT(-97.77728559145275 30.6343912526131),50,,Built-up
100,14341,804477685,-97.77728559145275,30.63448108422523,jbspiritous@gmail.com,false,2026-02-25 21:19,1506.3 secs,CEO: Mapbox Satellite w/ Labels,,POINT(-97.77728559145275 30.63448108422523),50,,Grasses
100,14342,804477686,-97.77728559145275,30.634570915753898,jbspiritous@gmail.com,false,2026-02-25 21:19,1506.3 secs,CEO: Mapbox Satellite w/ Labels,,POINT(-97.77728559145275 30.634570915753898),50,,Trees
100,14343,804477687,-97.77728559145275,30.63466074719919,jbspiritous@gmail.com,false,2026-02-25 21:19,1506.3 secs,CEO: Mapbox Satellite w/ Labels,,POINT(-97.77728559145275 30.63466074719919),50,,Trees
100,14344,804477688,-97.77728559145275,30.634750578561068,jbspiritous@gmail.com,false,2026-02-25 21:19,1506.3 secs,CEO: Mapbox Satellite w/ Labels,,POINT(-97.77728559145275 30.634750578561068),50,,Trees
100,14345,804477689,-97.77728559145275,30.634840409839526,jbspiritous@gmail.com,false,2026-02-25 21:19,1506.3 secs,CEO: Mapbox Satellite w/ Labels,,POINT(-97.77728559145275 30.634840409839526),50,,Grasses
100,14346,804477690,-97.77728559145275,30.634930241034567,jbspiritous@gmail.com,false,2026-02-25 21:19,1506.3 secs,CEO: Mapbox Satellite w/ Labels,,POINT(-97.77728559145275 30.634930241034567),50,,Shrubs
100,14347,804477691,-97.77718118901069,30.634121757276347,jbspiritous@gmail.com,false,2026-02-25 21:19,1506.3 secs,CEO: Mapbox Satellite w/ Labels,,POINT(-97.77718118901069 30.634121757276347),50,,Trees
100,14348,804477692,-97.77718118901069,30.634211589138687,jbspiritous@gmail.com,false,2026-02-25 21:19,1506.3 secs,CEO: Mapbox Satellite w/ Labels,,POINT(-97.77718118901069 30.634211589138687),50,,Built-up
100,14349,804477693,-97.77718118901069,30.634301420917595,jbspiritous@gmail.com,false,2026-02-25 21:19,1506.3 secs,CEO: Mapbox Satellite w/ Labels,,POINT(-97.77718118901069 30.634301420917595),50,,Built-up
100,14350,804477694,-97.77718118901069,30.6343912526131,jbspiritous@gmail.com,false,2026-02-25 21:19,1506.3 secs,CEO: Mapbox Satellite w/ Labels,,POINT(-97.77718118901069 30.6343912526131),50,,Built-up
100,14351,804477695,-97.77718118901069,30.63448108422523,jbspiritous@gmail.com,false,2026-02-25 21:19,1506.3 secs,CEO: Mapbox Satellite w/ Labels,,POINT(-97.77718118901069 30.63448108422523),50,,Trees
100,14352,804477696,-97.77718118901069,30.634570915753898,jbspiritous@gmail.com,false,2026-02-25 21:19,1506.3 secs,CEO: Mapbox Satellite w/ Labels,,POINT(-97.77718118901069 30.634570915753898),50,,Grasses
100,14353,804477697,-97.77718118901069,30.63466074719919,jbspiritous@gmail.com,false,2026-02-25 21:19,1506.3 secs,CEO: Mapbox Satellite w/ Labels,,POINT(-97.77718118901069 30.63466074719919),50,,Trees
100,14354,804477698,-97.77718118901069,30.634750578561068,jbspiritous@gmail.com,false,2026-02-25 21:19,1506.3 secs,CEO: Mapbox Satellite w/ Labels,,POINT(-97.77718118901069 30.634750578561068),50,,Grasses
100,14355,804477699,-97.77718118901069,30.634840409839526,jbspiritous@gmail.com,false,2026-02-25 21:19,1506.3 secs,CEO: Mapbox Satellite w/ Labels,,POINT(-97.77718118901069 30.634840409839526),50,,Trees
100,14356,804477700,-97.77718118901069,30.634930241034567,jbspiritous@gmail.com,false,2026-02-25 21:19,1506.3 secs,CEO: Mapbox Satellite w/ Labels,,POINT(-97.77718118901069 30.634930241034567),50,,Grasses
101,14401,804477701,-97.79118375641366,30.62287975727672,jbspiritous@gmail.com,false,2026-02-25 23:34,8135.2 secs,,,POINT(-97.79118375641366 30.62287975727672),40,,Trees
101,14402,804477702,-97.79118375641366,30.622969589138904,jbspiritous@gmail.com,false,2026-02-25 23:34,8135.2 secs,,,POINT(-97.79118375641366 30.622969589138904),40,,Trees
101,14403,804477703,-97.79118375641366,30.6230594209177,jbspiritous@gmail.com,false,2026-02-25 23:34,8135.2 secs,,,POINT(-97.79118375641366 30.6230594209177),40,,Barren
101,14404,804477704,-97.79118375641366,30.623149252613146,jbspiritous@gmail.com,false,2026-02-25 23:34,8135.2 secs,,,POINT(-97.79118375641366 30.623149252613146),40,,Barren
101,14405,804477705,-97.79118375641366,30.62323908422519,jbspiritous@gmail.com,false,2026-02-25 23:34,8135.2 secs,,,POINT(-97.79118375641366 30.62323908422519),40,,Barren
101,14406,804477706,-97.79118375641366,30.623328915753916,jbspiritous@gmail.com,false,2026-02-25 23:34,8135.2 secs,,,POINT(-97.79118375641366 30.623328915753916),40,,Trees
101,14407,804477707,-97.79118375641366,30.62341874719921,jbspiritous@gmail.com,false,2026-02-25 23:34,8135.2 secs,,,POINT(-97.79118375641366 30.62341874719921),40,,Barren
101,14408,804477708,-97.79118375641366,30.623508578561186,jbspiritous@gmail.com,false,2026-02-25 23:34,8135.2 secs,,,POINT(-97.79118375641366 30.623508578561186),40,,Barren
101,14409,804477709,-97.79118375641366,30.623598409839772,jbspiritous@gmail.com,false,2026-02-25 23:34,8135.2 secs,,,POINT(-97.79118375641366 30.623598409839772),40,,Trees
101,14410,804477710,-97.79118375641366,30.623688241034955,jbspiritous@gmail.com,false,2026-02-25 23:34,8135.2 secs,,,POINT(-97.79118375641366 30.623688241034955),40,,Trees
101,14411,804477711,-97.79107936609952,30.62287975727672,jbspiritous@gmail.com,false,2026-02-25 23:34,8135.2 secs,,,POINT(-97.79107936609952 30.62287975727672),40,,Barren
101,14412,804477712,-97.79107936609952,30.622969589138904,jbspiritous@gmail.com,false,2026-02-25 23:34,8135.2 secs,,,POINT(-97.79107936609952 30.622969589138904),40,,Barren
101,14413,804477713,-97.79107936609952,30.6230594209177,jbspiritous@gmail.com,false,2026-02-25 23:34,8135.2 secs,,,POINT(-97.79107936609952 30.6230594209177),40,,Barren
101,14414,804477714,-97.79107936609952,30.623149252613146,jbspiritous@gmail.com,false,2026-02-25 23:34,8135.2 secs,,,POINT(-97.79107936609952 30.623149252613146),40,,Barren
101,14415,804477715,-97.79107936609952,30.62323908422519,jbspiritous@gmail.com,false,2026-02-25 23:34,8135.2 secs,,,POINT(-97.79107936609952 30.62323908422519),40,,Barren
101,14416,804477716,-97.79107936609952,30.623328915753916,jbspiritous@gmail.com,false,2026-02-25 23:34,8135.2 secs,,,POINT(-97.79107936609952 30.623328915753916),40,,Trees
101,14417,804477717,-97.79107936609952,30.62341874719921,jbspiritous@gmail.com,false,2026-02-25 23:34,8135.2 secs,,,POINT(-97.79107936609952 30.62341874719921),40,,Barren
101,14418,804477718,-97.79107936609952,30.623508578561186,jbspiritous@gmail.com,false,2026-02-25 23:34,8135.2 secs,,,POINT(-97.79107936609952 30.623508578561186),40,,Barren
101,14419,804477719,-97.79107936609952,30.623598409839772,jbspiritous@gmail.com,false,2026-02-25 23:34,8135.2 secs,,,POINT(-97.79107936609952 30.623598409839772),40,,Barren
101,14420,804477720,-97.79107936609952,30.623688241034955,jbspiritous@gmail.com,false,2026-02-25 23:34,8135.2 secs,,,POINT(-97.79107936609952 30.623688241034955),40,,Barren
101,14421,804477721,-97.79097497578536,30.62287975727672,jbspiritous@gmail.com,false,2026-02-25 23:34,8135.2 secs,,,POINT(-97.79097497578536 30.62287975727672),40,,Barren
101,14422,804477722,-97.79097497578536,30.622969589138904,jbspiritous@gmail.com,false,2026-02-25 23:34,8135.2 secs,,,POINT(-97.79097497578536 30.622969589138904),40,,Barren
101,14423,804477723,-97.79097497578536,30.6230594209177,jbspiritous@gmail.com,false,2026-02-25 23:34,8135.2 secs,,,POINT(-97.79097497578536 30.6230594209177),40,,Barren
101,14424,804477724,-97.79097497578536,30.623149252613146,jbspiritous@gmail.com,false,2026-02-25 23:34,8135.2 secs,,,POINT(-97.79097497578536 30.623149252613146),40,,Barren
101,14425,804477725,-97.79097497578536,30.62323908422519,jbspiritous@gmail.com,false,2026-02-25 23:34,8135.2 secs,,,POINT(-97.79097497578536 30.62323908422519),40,,Barren
101,14426,804477726,-97.79097497578536,30.623328915753916,jbspiritous@gmail.com,false,2026-02-25 23:34,8135.2 secs,,,POINT(-97.79097497578536 30.623328915753916),40,,Trees
101,14427,804477727,-97.79097497578536,30.62341874719921,jbspiritous@gmail.com,false,2026-02-25 23:34,8135.2 secs,,,POINT(-97.79097497578536 30.62341874719921),40,,Barren
101,14428,804477728,-97.79097497578536,30.623508578561186,jbspiritous@gmail.com,false,2026-02-25 23:34,8135.2 secs,,,POINT(-97.79097497578536 30.623508578561186),40,,Trees
101,14429,804477729,-97.79097497578536,30.623598409839772,jbspiritous@gmail.com,false,2026-02-25 23:34,8135.2 secs,,,POINT(-97.79097497578536 30.623598409839772),40,,Barren
101,14430,804477730,-97.79097497578536,30.623688241034955,jbspiritous@gmail.com,false,2026-02-25 23:34,8135.2 secs,,,POINT(-97.79097497578536 30.623688241034955),40,,Shrubs
101,14431,804477731,-97.79087058547121,30.62287975727672,jbspiritous@gmail.com,false,2026-02-25 23:34,8135.2 secs,,,POINT(-97.79087058547121 30.62287975727672),40,,Barren
101,14432,804477732,-97.79087058547121,30.622969589138904,jbspiritous@gmail.com,false,2026-02-25 23:34,8135.2 secs,,,POINT(-97.79087058547121 30.622969589138904),40,,Barren
101,14433,804477733,-97.79087058547121,30.6230594209177,jbspiritous@gmail.com,false,2026-02-25 23:34,8135.2 secs,,,POINT(-97.79087058547121 30.6230594209177),40,,Barren
101,14434,804477734,-97.79087058547121,30.623149252613146,jbspiritous@gmail.com,false,2026-02-25 23:34,8135.2 secs,,,POINT(-97.79087058547121 30.623149252613146),40,,Barren
101,14435,804477735,-97.79087058547121,30.62323908422519,jbspiritous@gmail.com,false,2026-02-25 23:34,8135.2 secs,,,POINT(-97.79087058547121 30.62323908422519),40,,Barren
101,14436,804477736,-97.79087058547121,30.623328915753916,jbspiritous@gmail.com,false,2026-02-25 23:34,8135.2 secs,,,POINT(-97.79087058547121 30.623328915753916),40,,Shrubs
101,14437,804477737,-97.79087058547121,30.62341874719921,jbspiritous@gmail.com,false,2026-02-25 23:34,8135.2 secs,,,POINT(-97.79087058547121 30.62341874719921),40,,Barren
101,14438,804477738,-97.79087058547121,30.623508578561186,jbspiritous@gmail.com,false,2026-02-25 23:34,8135.2 secs,,,POINT(-97.79087058547121 30.623508578561186),40,,Barren
101,14439,804477739,-97.79087058547121,30.623598409839772,jbspiritous@gmail.com,false,2026-02-25 23:34,8135.2 secs,,,POINT(-97.79087058547121 30.623598409839772),40,,Barren
101,14440,804477740,-97.79087058547121,30.623688241034955,jbspiritous@gmail.com,false,2026-02-25 23:34,8135.2 secs,,,POINT(-97.79087058547121 30.623688241034955),40,,Trees
101,14441,804477741,-97.79076619515708,30.62287975727672,jbspiritous@gmail.com,false,2026-02-25 23:34,8135.2 secs,,,POINT(-97.79076619515708 30.62287975727672),40,,Barren
101,14442,804477742,-97.79076619515708,30.622969589138904,jbspiritous@gmail.com,false,2026-02-25 23:34,8135.2 secs,,,POINT(-97.79076619515708 30.622969589138904),40,,Barren
101,14443,804477743,-97.79076619515708,30.6230594209177,jbspiritous@gmail.com,false,2026-02-25 23:34,8135.2 secs,,,POINT(-97.79076619515708 30.6230594209177),40,,Barren
101,14444,804477744,-97.79076619515708,30.623149252613146,jbspiritous@gmail.com,false,2026-02-25 23:34,8135.2 secs,,,POINT(-97.79076619515708 30.623149252613146),40,,Barren
101,14445,804477745,-97.79076619515708,30.62323908422519,jbspiritous@gmail.com,false,2026-02-25 23:34,8135.2 secs,,,POINT(-97.79076619515708 30.62323908422519),40,,Barren
101,14446,804477746,-97.79076619515708,30.623328915753916,jbspiritous@gmail.com,false,2026-02-25 23:34,8135.2 secs,,,POINT(-97.79076619515708 30.623328915753916),40,,Trees
101,14447,804477747,-97.79076619515708,30.62341874719921,jbspiritous@gmail.com,false,2026-02-25 23:34,8135.2 secs,,,POINT(-97.79076619515708 30.62341874719921),40,,Trees
101,14448,804477748,-97.79076619515708,30.623508578561186,jbspiritous@gmail.com,false,2026-02-25 23:34,8135.2 secs,,,POINT(-97.79076619515708 30.623508578561186),40,,Trees
101,14449,804477749,-97.79076619515708,30.623598409839772,jbspiritous@gmail.com,false,2026-02-25 23:34,8135.2 secs,,,POINT(-97.79076619515708 30.623598409839772),40,,Shrubs
101,14450,804477750,-97.79076619515708,30.623688241034955,jbspiritous@gmail.com,false,2026-02-25 23:34,8135.2 secs,,,POINT(-97.79076619515708 30.623688241034955),40,,Trees
101,14451,804477751,-97.79066180484293,30.62287975727672,jbspiritous@gmail.com,false,2026-02-25 23:34,8135.2 secs,,,POINT(-97.79066180484293 30.62287975727672),40,,Barren
101,14452,804477752,-97.79066180484293,30.622969589138904,jbspiritous@gmail.com,false,2026-02-25 23:34,8135.2 secs,,,POINT(-97.79066180484293 30.622969589138904),40,,Barren
101,14453,804477753,-97.79066180484293,30.6230594209177,jbspiritous@gmail.com,false,2026-02-25 23:34,8135.2 secs,,,POINT(-97.79066180484293 30.6230594209177),40,,Barren
101,14454,804477754,-97.79066180484293,30.623149252613146,jbspiritous@gmail.com,false,2026-02-25 23:34,8135.2 secs,,,POINT(-97.79066180484293 30.623149252613146),40,,Barren
101,14455,804477755,-97.79066180484293,30.62323908422519,jbspiritous@gmail.com,false,2026-02-25 23:34,8135.2 secs,,,POINT(-97.79066180484293 30.62323908422519),40,,Barren
101,14456,804477756,-97.79066180484293,30.623328915753916,jbspiritous@gmail.com,false,2026-02-25 23:34,8135.2 secs,,,POINT(-97.79066180484293 30.623328915753916),40,,Barren
101,14457,804477757,-97.79066180484293,30.62341874719921,jbspiritous@gmail.com,false,2026-02-25 23:34,8135.2 secs,,,POINT(-97.79066180484293 30.62341874719921),40,,Trees
101,14458,804477758,-97.79066180484293,30.623508578561186,jbspiritous@gmail.com,false,2026-02-25 23:34,8135.2 secs,,,POINT(-97.79066180484293 30.623508578561186),40,,Trees
101,14459,804477759,-97.79066180484293,30.623598409839772,jbspiritous@gmail.com,false,2026-02-25 23:34,8135.2 secs,,,POINT(-97.79066180484293 30.623598409839772),40,,Barren
101,14460,804477760,-97.79066180484293,30.623688241034955,jbspiritous@gmail.com,false,2026-02-25 23:34,8135.2 secs,,,POINT(-97.79066180484293 30.623688241034955),40,,Barren
101,14461,804477761,-97.79055741452878,30.62287975727672,jbspiritous@gmail.com,false,2026-02-25 23:34,8135.2 secs,,,POINT(-97.79055741452878 30.62287975727672),40,,Barren
101,14462,804477762,-97.79055741452878,30.622969589138904,jbspiritous@gmail.com,false,2026-02-25 23:34,8135.2 secs,,,POINT(-97.79055741452878 30.622969589138904),40,,Barren
101,14463,804477763,-97.79055741452878,30.6230594209177,jbspiritous@gmail.com,false,2026-02-25 23:34,8135.2 secs,,,POINT(-97.79055741452878 30.6230594209177),40,,Barren
101,14464,804477764,-97.79055741452878,30.623149252613146,jbspiritous@gmail.com,false,2026-02-25 23:34,8135.2 secs,,,POINT(-97.79055741452878 30.623149252613146),40,,Barren
101,14465,804477765,-97.79055741452878,30.62323908422519,jbspiritous@gmail.com,false,2026-02-25 23:34,8135.2 secs,,,POINT(-97.79055741452878 30.62323908422519),40,,Barren
101,14466,804477766,-97.79055741452878,30.623328915753916,jbspiritous@gmail.com,false,2026-02-25 23:34,8135.2 secs,,,POINT(-97.79055741452878 30.623328915753916),40,,Barren
101,14467,804477767,-97.79055741452878,30.62341874719921,jbspiritous@gmail.com,false,2026-02-25 23:34,8135.2 secs,,,POINT(-97.79055741452878 30.62341874719921),40,,Barren
101,14468,804477768,-97.79055741452878,30.623508578561186,jbspiritous@gmail.com,false,2026-02-25 23:34,8135.2 secs,,,POINT(-97.79055741452878 30.623508578561186),40,,Trees
101,14469,804477769,-97.79055741452878,30.623598409839772,jbspiritous@gmail.com,false,2026-02-25 23:34,8135.2 secs,,,POINT(-97.79055741452878 30.623598409839772),40,,Barren
101,14470,804477770,-97.79055741452878,30.623688241034955,jbspiritous@gmail.com,false,2026-02-25 23:34,8135.2 secs,,,POINT(-97.79055741452878 30.623688241034955),40,,Barren
101,14471,804477771,-97.79045302421463,30.62287975727672,jbspiritous@gmail.com,false,2026-02-25 23:34,8135.2 secs,,,POINT(-97.79045302421463 30.62287975727672),40,,Barren
101,14472,804477772,-97.79045302421463,30.622969589138904,jbspiritous@gmail.com,false,2026-02-25 23:34,8135.2 secs,,,POINT(-97.79045302421463 30.622969589138904),40,,Barren
101,14473,804477773,-97.79045302421463,30.6230594209177,jbspiritous@gmail.com,false,2026-02-25 23:34,8135.2 secs,,,POINT(-97.79045302421463 30.6230594209177),40,,Barren
101,14474,804477774,-97.79045302421463,30.623149252613146,jbspiritous@gmail.com,false,2026-02-25 23:34,8135.2 secs,,,POINT(-97.79045302421463 30.623149252613146),40,,Barren
101,14475,804477775,-97.79045302421463,30.62323908422519,jbspiritous@gmail.com,false,2026-02-25 23:34,8135.2 secs,,,POINT(-97.79045302421463 30.62323908422519),40,,Barren
101,14476,804477776,-97.79045302421463,30.623328915753916,jbspiritous@gmail.com,false,2026-02-25 23:34,8135.2 secs,,,POINT(-97.79045302421463 30.623328915753916),40,,Barren
101,14477,804477777,-97.79045302421463,30.62341874719921,jbspiritous@gmail.com,false,2026-02-25 23:34,8135.2 secs,,,POINT(-97.79045302421463 30.62341874719921),40,,Barren
101,14478,804477778,-97.79045302421463,30.623508578561186,jbspiritous@gmail.com,false,2026-02-25 23:34,8135.2 secs,,,POINT(-97.79045302421463 30.623508578561186),40,,Barren
101,14479,804477779,-97.79045302421463,30.623598409839772,jbspiritous@gmail.com,false,2026-02-25 23:34,8135.2 secs,,,POINT(-97.79045302421463 30.623598409839772),40,,Barren
101,14480,804477780,-97.79045302421463,30.623688241034955,jbspiritous@gmail.com,false,2026-02-25 23:34,8135.2 secs,,,POINT(-97.79045302421463 30.623688241034955),40,,Barren
101,14481,804477781,-97.79034863390049,30.62287975727672,jbspiritous@gmail.com,false,2026-02-25 23:34,8135.2 secs,,,POINT(-97.79034863390049 30.62287975727672),40,,Barren
101,14482,804477782,-97.79034863390049,30.622969589138904,jbspiritous@gmail.com,false,2026-02-25 23:34,8135.2 secs,,,POINT(-97.79034863390049 30.622969589138904),40,,Barren
101,14483,804477783,-97.79034863390049,30.6230594209177,jbspiritous@gmail.com,false,2026-02-25 23:34,8135.2 secs,,,POINT(-97.79034863390049 30.6230594209177),40,,Barren
101,14484,804477784,-97.79034863390049,30.623149252613146,jbspiritous@gmail.com,false,2026-02-25 23:34,8135.2 secs,,,POINT(-97.79034863390049 30.623149252613146),40,,Barren
101,14485,804477785,-97.79034863390049,30.62323908422519,jbspiritous@gmail.com,false,2026-02-25 23:34,8135.2 secs,,,POINT(-97.79034863390049 30.62323908422519),40,,Barren
101,14486,804477786,-97.79034863390049,30.623328915753916,jbspiritous@gmail.com,false,2026-02-25 23:34,8135.2 secs,,,POINT(-97.79034863390049 30.623328915753916),40,,Barren
101,14487,804477787,-97.79034863390049,30.62341874719921,jbspiritous@gmail.com,false,2026-02-25 23:34,8135.2 secs,,,POINT(-97.79034863390049 30.62341874719921),40,,Barren
101,14488,804477788,-97.79034863390049,30.623508578561186,jbspiritous@gmail.com,false,2026-02-25 23:34,8135.2 secs,,,POINT(-97.79034863390049 30.623508578561186),40,,Barren
101,14489,804477789,-97.79034863390049,30.623598409839772,jbspiritous@gmail.com,false,2026-02-25 23:34,8135.2 secs,,,POINT(-97.79034863390049 30.623598409839772),40,,Barren
101,14490,804477790,-97.79034863390049,30.623688241034955,jbspiritous@gmail.com,false,2026-02-25 23:34,8135.2 secs,,,POINT(-97.79034863390049 30.623688241034955),40,,Trees
101,14491,804477791,-97.79024424358634,30.62287975727672,jbspiritous@gmail.com,false,2026-02-25 23:34,8135.2 secs,,,POINT(-97.79024424358634 30.62287975727672),40,,Barren
101,14492,804477792,-97.79024424358634,30.622969589138904,jbspiritous@gmail.com,false,2026-02-25 23:34,8135.2 secs,,,POINT(-97.79024424358634 30.622969589138904),40,,Barren
101,14493,804477793,-97.79024424358634,30.6230594209177,jbspiritous@gmail.com,false,2026-02-25 23:34,8135.2 secs,,,POINT(-97.79024424358634 30.6230594209177),40,,Barren
101,14494,804477794,-97.79024424358634,30.623149252613146,jbspiritous@gmail.com,false,2026-02-25 23:34,8135.2 secs,,,POINT(-97.79024424358634 30.623149252613146),40,,Barren
101,14495,804477795,-97.79024424358634,30.62323908422519,jbspiritous@gmail.com,false,2026-02-25 23:34,8135.2 secs,,,POINT(-97.79024424358634 30.62323908422519),40,,Barren
101,14496,804477796,-97.79024424358634,30.623328915753916,jbspiritous@gmail.com,false,2026-02-25 23:34,8135.2 secs,,,POINT(-97.79024424358634 30.623328915753916),40,,Barren
101,14497,804477797,-97.79024424358634,30.62341874719921,jbspiritous@gmail.com,false,2026-02-25 23:34,8135.2 secs,,,POINT(-97.79024424358634 30.62341874719921),40,,Barren
101,14498,804477798,-97.79024424358634,30.623508578561186,jbspiritous@gmail.com,false,2026-02-25 23:34,8135.2 secs,,,POINT(-97.79024424358634 30.623508578561186),40,,Barren
101,14499,804477799,-97.79024424358634,30.623598409839772,jbspiritous@gmail.com,false,2026-02-25 23:34,8135.2 secs,,,POINT(-97.79024424358634 30.623598409839772),40,,Barren
101,14500,804477800,-97.79024424358634,30.623688241034955,jbspiritous@gmail.com,false,2026-02-25 23:34,8135.2 secs,,,POINT(-97.79024424358634 30.623688241034955),40,,Trees
102,14545,804477801,-97.79118377824119,30.627376757276608,jbspiritous@gmail.com,false,2026-02-27 22:20,149.0 secs,CEO: Mapbox Satellite w/ Labels,,POINT(-97.79118377824119 30.627376757276608),50,,Barren
102,14546,804477802,-97.79118377824119,30.627466589138834,jbspiritous@gmail.com,false,2026-02-27 22:20,149.0 secs,CEO: Mapbox Satellite w/ Labels,,POINT(-97.79118377824119 30.627466589138834),50,,Barren
102,14547,804477803,-97.79118377824119,30.627556420917685,jbspiritous@gmail.com,false,2026-02-27 22:20,149.0 secs,CEO: Mapbox Satellite w/ Labels,,POINT(-97.79118377824119 30.627556420917685),50,,Barren
102,14548,804477804,-97.79118377824119,30.62764625261316,jbspiritous@gmail.com,false,2026-02-27 22:20,149.0 secs,CEO: Mapbox Satellite w/ Labels,,POINT(-97.79118377824119 30.62764625261316),50,,Barren
102,14549,804477805,-97.79118377824119,30.627736084225234,jbspiritous@gmail.com,false,2026-02-27 22:20,149.0 secs,CEO: Mapbox Satellite w/ Labels,,POINT(-97.79118377824119 30.627736084225234),50,,Barren
102,14550,804477806,-97.79118377824119,30.62782591575393,jbspiritous@gmail.com,false,2026-02-27 22:20,149.0 secs,CEO: Mapbox Satellite w/ Labels,,POINT(-97.79118377824119 30.62782591575393),50,,Trees
102,14551,804477807,-97.79118377824119,30.62791574719924,jbspiritous@gmail.com,false,2026-02-27 22:20,149.0 secs,CEO: Mapbox Satellite w/ Labels,,POINT(-97.79118377824119 30.62791574719924),50,,Barren
102,14552,804477808,-97.79118377824119,30.628005578561158,jbspiritous@gmail.com,false,2026-02-27 22:20,149.0 secs,CEO: Mapbox Satellite w/ Labels,,POINT(-97.79118377824119 30.628005578561158),50,,Barren
102,14553,804477809,-97.79118377824119,30.628095409839673,jbspiritous@gmail.com,false,2026-02-27 22:20,149.0 secs,CEO: Mapbox Satellite w/ Labels,,POINT(-97.79118377824119 30.628095409839673),50,,Trees
102,14554,804477810,-97.79118377824119,30.628185241034856,jbspiritous@gmail.com,false,2026-02-27 22:20,149.0 secs,CEO: Mapbox Satellite w/ Labels,,POINT(-97.79118377824119 30.628185241034856),50,,Shrubs
102,14555,804477811,-97.7910793830765,30.627376757276608,jbspiritous@gmail.com,false,2026-02-27 22:20,149.0 secs,CEO: Mapbox Satellite w/ Labels,,POINT(-97.7910793830765 30.627376757276608),50,,Barren
102,14556,804477812,-97.7910793830765,30.627466589138834,jbspiritous@gmail.com,false,2026-02-27 22:20,149.0 secs,CEO: Mapbox Satellite w/ Labels,,POINT(-97.7910793830765 30.627466589138834),50,,Barren
102,14557,804477813,-97.7910793830765,30.627556420917685,jbspiritous@gmail.com,false,2026-02-27 22:20,149.0 secs,CEO: Mapbox Satellite w/ Labels,,POINT(-97.7910793830765 30.627556420917685),50,,Barren
102,14558,804477814,-97.7910793830765,30.62764625261316,jbspiritous@gmail.com,false,2026-02-27 22:20,149.0 secs,CEO: Mapbox Satellite w/ Labels,,POINT(-97.7910793830765 30.62764625261316),50,,Shrubs
102,14559,804477815,-97.7910793830765,30.627736084225234,jbspiritous@gmail.com,false,2026-02-27 22:20,149.0 secs,CEO: Mapbox Satellite w/ Labels,,POINT(-97.7910793830765 30.627736084225234),50,,Barren
102,14560,804477816,-97.7910793830765,30.62782591575393,jbspiritous@gmail.com,false,2026-02-27 22:20,149.0 secs,CEO: Mapbox Satellite w/ Labels,,POINT(-97.7910793830765 30.62782591575393),50,,Barren
102,14561,804477817,-97.7910793830765,30.62791574719924,jbspiritous@gmail.com,false,2026-02-27 22:20,149.0 secs,CEO: Mapbox Satellite w/ Labels,,POINT(-97.7910793830765 30.62791574719924),50,,Trees
102,14562,804477818,-97.7910793830765,30.628005578561158,jbspiritous@gmail.com,false,2026-02-27 22:20,149.0 secs,CEO: Mapbox Satellite w/ Labels,,POINT(-97.7910793830765 30.628005578561158),50,,Trees
102,14563,804477819,-97.7910793830765,30.628095409839673,jbspiritous@gmail.com,false,2026-02-27 22:20,149.0 secs,CEO: Mapbox Satellite w/ Labels,,POINT(-97.7910793830765 30.628095409839673),50,,Trees
102,14564,804477820,-97.7910793830765,30.628185241034856,jbspiritous@gmail.com,false,2026-02-27 22:20,149.0 secs,CEO: Mapbox Satellite w/ Labels,,POINT(-97.7910793830765 30.628185241034856),50,,Trees
102,14565,804477821,-97.79097498791177,30.627376757276608,jbspiritous@gmail.com,false,2026-02-27 22:20,149.0 secs,CEO: Mapbox Satellite w/ Labels,,POINT(-97.79097498791177 30.627376757276608),50,,Barren
102,14566,804477822,-97.79097498791177,30.627466589138834,jbspiritous@gmail.com,false,2026-02-27 22:20,149.0 secs,CEO: Mapbox Satellite w/ Labels,,POINT(-97.79097498791177 30.627466589138834),50,,Barren
102,14567,804477823,-97.79097498791177,30.627556420917685,jbspiritous@gmail.com,false,2026-02-27 22:20,149.0 secs,CEO: Mapbox Satellite w/ Labels,,POINT(-97.79097498791177 30.627556420917685),50,,Barren
102,14568,804477824,-97.79097498791177,30.62764625261316,jbspiritous@gmail.com,false,2026-02-27 22:20,149.0 secs,CEO: Mapbox Satellite w/ Labels,,POINT(-97.79097498791177 30.62764625261316),50,,Barren
102,14569,804477825,-97.79097498791177,30.627736084225234,jbspiritous@gmail.com,false,2026-02-27 22:20,149.0 secs,CEO: Mapbox Satellite w/ Labels,,POINT(-97.79097498791177 30.627736084225234),50,,Barren
102,14570,804477826,-97.79097498791177,30.62782591575393,jbspiritous@gmail.com,false,2026-02-27 22:20,149.0 secs,CEO: Mapbox Satellite w/ Labels,,POINT(-97.79097498791177 30.62782591575393),50,,Trees
102,14571,804477827,-97.79097498791177,30.62791574719924,jbspiritous@gmail.com,false,2026-02-27 22:20,149.0 secs,CEO: Mapbox Satellite w/ Labels,,POINT(-97.79097498791177 30.62791574719924),50,,Trees
102,14572,804477828,-97.79097498791177,30.628005578561158,jbspiritous@gmail.com,false,2026-02-27 22:20,149.0 secs,CEO: Mapbox Satellite w/ Labels,,POINT(-97.79097498791177 30.628005578561158),50,,Trees
102,14573,804477829,-97.79097498791177,30.628095409839673,jbspiritous@gmail.com,false,2026-02-27 22:20,149.0 secs,CEO: Mapbox Satellite w/ Labels,,POINT(-97.79097498791177 30.628095409839673),50,,Trees
102,14574,804477830,-97.79097498791177,30.628185241034856,jbspiritous@gmail.com,false,2026-02-27 22:20,149.0 secs,CEO: Mapbox Satellite w/ Labels,,POINT(-97.79097498791177 30.628185241034856),50,,Trees
102,14575,804477831,-97.79087059274705,30.627376757276608,jbspiritous@gmail.com,false,2026-02-27 22:20,149.0 secs,CEO: Mapbox Satellite w/ Labels,,POINT(-97.79087059274705 30.627376757276608),50,,Trees
102,14576,804477832,-97.79087059274705,30.627466589138834,jbspiritous@gmail.com,false,2026-02-27 22:20,149.0 secs,CEO: Mapbox Satellite w/ Labels,,POINT(-97.79087059274705 30.627466589138834),50,,Barren
102,14577,804477833,-97.79087059274705,30.627556420917685,jbspiritous@gmail.com,false,2026-02-27 22:20,149.0 secs,CEO: Mapbox Satellite w/ Labels,,POINT(-97.79087059274705 30.627556420917685),50,,Barren
102,14578,804477834,-97.79087059274705,30.62764625261316,jbspiritous@gmail.com,false,2026-02-27 22:20,149.0 secs,CEO: Mapbox Satellite w/ Labels,,POINT(-97.79087059274705 30.62764625261316),50,,Trees
102,14579,804477835,-97.79087059274705,30.627736084225234,jbspiritous@gmail.com,false,2026-02-27 22:20,149.0 secs,CEO: Mapbox Satellite w/ Labels,,POINT(-97.79087059274705 30.627736084225234),50,,Barren
102,14580,804477836,-97.79087059274705,30.62782591575393,jbspiritous@gmail.com,false,2026-02-27 22:20,149.0 secs,CEO: Mapbox Satellite w/ Labels,,POINT(-97.79087059274705 30.62782591575393),50,,Trees
102,14581,804477837,-97.79087059274705,30.62791574719924,jbspiritous@gmail.com,false,2026-02-27 22:20,149.0 secs,CEO: Mapbox Satellite w/ Labels,,POINT(-97.79087059274705 30.62791574719924),50,,Trees
102,14582,804477838,-97.79087059274705,30.628005578561158,jbspiritous@gmail.com,false,2026-02-27 22:20,149.0 secs,CEO: Mapbox Satellite w/ Labels,,POINT(-97.79087059274705 30.628005578561158),50,,Barren
102,14583,804477839,-97.79087059274705,30.628095409839673,jbspiritous@gmail.com,false,2026-02-27 22:20,149.0 secs,CEO: Mapbox Satellite w/ Labels,,POINT(-97.79087059274705 30.628095409839673),50,,Shrubs
102,14584,804477840,-97.79087059274705,30.628185241034856,jbspiritous@gmail.com,false,2026-02-27 22:20,149.0 secs,CEO: Mapbox Satellite w/ Labels,,POINT(-97.79087059274705 30.628185241034856),50,,Trees
102,14585,804477841,-97.79076619758236,30.627376757276608,jbspiritous@gmail.com,false,2026-02-27 22:20,149.0 secs,CEO: Mapbox Satellite w/ Labels,,POINT(-97.79076619758236 30.627376757276608),50,,Barren
102,14586,804477842,-97.79076619758236,30.627466589138834,jbspiritous@gmail.com,false,2026-02-27 22:20,149.0 secs,CEO: Mapbox Satellite w/ Labels,,POINT(-97.79076619758236 30.627466589138834),50,,Trees
102,14587,804477843,-97.79076619758236,30.627556420917685,jbspiritous@gmail.com,false,2026-02-27 22:20,149.0 secs,CEO: Mapbox Satellite w/ Labels,,POINT(-97.79076619758236 30.627556420917685),50,,Trees
102,14588,804477844,-97.79076619758236,30.62764625261316,jbspiritous@gmail.com,false,2026-02-27 22:20,149.0 secs,CEO: Mapbox Satellite w/ Labels,,POINT(-97.79076619758236 30.62764625261316),50,,Barren
102,14589,804477845,-97.79076619758236,30.627736084225234,jbspiritous@gmail.com,false,2026-02-27 22:20,149.0 secs,CEO: Mapbox Satellite w/ Labels,,POINT(-97.79076619758236 30.627736084225234),50,,Trees
102,14590,804477846,-97.79076619758236,30.62782591575393,jbspiritous@gmail.com,false,2026-02-27 22:20,149.0 secs,CEO: Mapbox Satellite w/ Labels,,POINT(-97.79076619758236 30.62782591575393),50,,Trees
102,14591,804477847,-97.79076619758236,30.62791574719924,jbspiritous@gmail.com,false,2026-02-27 22:20,149.0 secs,CEO: Mapbox Satellite w/ Labels,,POINT(-97.79076619758236 30.62791574719924),50,,Barren
102,14592,804477848,-97.79076619758236,30.628005578561158,jbspiritous@gmail.com,false,2026-02-27 22:20,149.0 secs,CEO: Mapbox Satellite w/ Labels,,POINT(-97.79076619758236 30.628005578561158),50,,Trees
102,14593,804477849,-97.79076619758236,30.628095409839673,jbspiritous@gmail.com,false,2026-02-27 22:20,149.0 secs,CEO: Mapbox Satellite w/ Labels,,POINT(-97.79076619758236 30.628095409839673),50,,Barren
102,14594,804477850,-97.79076619758236,30.628185241034856,jbspiritous@gmail.com,false,2026-02-27 22:20,149.0 secs,CEO: Mapbox Satellite w/ Labels,,POINT(-97.79076619758236 30.628185241034856),50,,Trees
102,14595,804477851,-97.79066180241763,30.627376757276608,jbspiritous@gmail.com,false,2026-02-27 22:20,149.0 secs,CEO: Mapbox Satellite w/ Labels,,POINT(-97.79066180241763 30.627376757276608),50,,Trees
102,14596,804477852,-97.79066180241763,30.627466589138834,jbspiritous@gmail.com,false,2026-02-27 22:20,149.0 secs,CEO: Mapbox Satellite w/ Labels,,POINT(-97.79066180241763 30.627466589138834),50,,Trees
102,14597,804477853,-97.79066180241763,30.627556420917685,jbspiritous@gmail.com,false,2026-02-27 22:20,149.0 secs,CEO: Mapbox Satellite w/ Labels,,POINT(-97.79066180241763 30.627556420917685),50,,Trees
102,14598,804477854,-97.79066180241763,30.62764625261316,jbspiritous@gmail.com,false,2026-02-27 22:20,149.0 secs,CEO: Mapbox Satellite w/ Labels,,POINT(-97.79066180241763 30.62764625261316),50,,Trees
102,14599,804477855,-97.79066180241763,30.627736084225234,jbspiritous@gmail.com,false,2026-02-27 22:20,149.0 secs,CEO: Mapbox Satellite w/ Labels,,POINT(-97.79066180241763 30.627736084225234),50,,Barren
102,14600,804477856,-97.79066180241763,30.62782591575393,jbspiritous@gmail.com,false,2026-02-27 22:20,149.0 secs,CEO: Mapbox Satellite w/ Labels,,POINT(-97.79066180241763 30.62782591575393),50,,Shrubs
102,14601,804477857,-97.79066180241763,30.62791574719924,jbspiritous@gmail.com,false,2026-02-27 22:20,149.0 secs,CEO: Mapbox Satellite w/ Labels,,POINT(-97.79066180241763 30.62791574719924),50,,Trees
102,14602,804477858,-97.79066180241763,30.628005578561158,jbspiritous@gmail.com,false,2026-02-27 22:20,149.0 secs,CEO: Mapbox Satellite w/ Labels,,POINT(-97.79066180241763 30.628005578561158),50,,Trees
102,14603,804477859,-97.79066180241763,30.628095409839673,jbspiritous@gmail.com,false,2026-02-27 22:20,149.0 secs,CEO: Mapbox Satellite w/ Labels,,POINT(-97.79066180241763 30.628095409839673),50,,Trees
102,14604,804477860,-97.79066180241763,30.628185241034856,jbspiritous@gmail.com,false,2026-02-27 22:20,149.0 secs,CEO: Mapbox Satellite w/ Labels,,POINT(-97.79066180241763 30.628185241034856),50,,Barren
102,14605,804477861,-97.79055740725293,30.627376757276608,jbspiritous@gmail.com,false,2026-02-27 22:20,149.0 secs,CEO: Mapbox Satellite w/ Labels,,POINT(-97.79055740725293 30.627376757276608),50,,Shrubs
102,14606,804477862,-97.79055740725293,30.627466589138834,jbspiritous@gmail.com,false,2026-02-27 22:20,149.0 secs,CEO: Mapbox Satellite w/ Labels,,POINT(-97.79055740725293 30.627466589138834),50,,Barren
102,14607,804477863,-97.79055740725293,30.627556420917685,jbspiritous@gmail.com,false,2026-02-27 22:20,149.0 secs,CEO: Mapbox Satellite w/ Labels,,POINT(-97.79055740725293 30.627556420917685),50,,Trees
102,14608,804477864,-97.79055740725293,30.62764625261316,jbspiritous@gmail.com,false,2026-02-27 22:20,149.0 secs,CEO: Mapbox Satellite w/ Labels,,POINT(-97.79055740725293 30.62764625261316),50,,Trees
102,14609,804477865,-97.79055740725293,30.627736084225234,jbspiritous@gmail.com,false,2026-02-27 22:20,149.0 secs,CEO: Mapbox Satellite w/ Labels,,POINT(-97.79055740725293 30.627736084225234),50,,Shrubs
102,14610,804477866,-97.79055740725293,30.62782591575393,jbspiritous@gmail.com,false,2026-02-27 22:20,149.0 secs,CEO: Mapbox Satellite w/ Labels,,POINT(-97.79055740725293 30.62782591575393),50,,Shrubs
102,14611,804477867,-97.79055740725293,30.62791574719924,jbspiritous@gmail.com,false,2026-02-27 22:20,149.0 secs,CEO: Mapbox Satellite w/ Labels,,POINT(-97.79055740725293 30.62791574719924),50,,Trees
102,14612,804477868,-97.79055740725293,30.628005578561158,jbspiritous@gmail.com,false,2026-02-27 22:20,149.0 secs,CEO: Mapbox Satellite w/ Labels,,POINT(-97.79055740725293 30.628005578561158),50,,Trees
102,14613,804477869,-97.79055740725293,30.628095409839673,jbspiritous@gmail.com,false,2026-02-27 22:20,149.0 secs,CEO: Mapbox Satellite w/ Labels,,POINT(-97.79055740725293 30.628095409839673),50,,Barren
102,14614,804477870,-97.79055740725293,30.628185241034856,jbspiritous@gmail.com,false,2026-02-27 22:20,149.0 secs,CEO: Mapbox Satellite w/ Labels,,POINT(-97.79055740725293 30.628185241034856),50,,Barren
102,14615,804477871,-97.79045301208822,30.627376757276608,jbspiritous@gmail.com,false,2026-02-27 22:20,149.0 secs,CEO: Mapbox Satellite w/ Labels,,POINT(-97.79045301208822 30.627376757276608),50,,Shrubs
102,14616,804477872,-97.79045301208822,30.627466589138834,jbspiritous@gmail.com,false,2026-02-27 22:20,149.0 secs,CEO: Mapbox Satellite w/ Labels,,POINT(-97.79045301208822 30.627466589138834),50,,Barren
102,14617,804477873,-97.79045301208822,30.627556420917685,jbspiritous@gmail.com,false,2026-02-27 22:20,149.0 secs,CEO: Mapbox Satellite w/ Labels,,POINT(-97.79045301208822 30.627556420917685),50,,Shrubs
102,14618,804477874,-97.79045301208822,30.62764625261316,jbspiritous@gmail.com,false,2026-02-27 22:20,149.0 secs,CEO: Mapbox Satellite w/ Labels,,POINT(-97.79045301208822 30.62764625261316),50,,Shrubs
102,14619,804477875,-97.79045301208822,30.627736084225234,jbspiritous@gmail.com,false,2026-02-27 22:20,149.0 secs,CEO: Mapbox Satellite w/ Labels,,POINT(-97.79045301208822 30.627736084225234),50,,Trees
102,14620,804477876,-97.79045301208822,30.62782591575393,jbspiritous@gmail.com,false,2026-02-27 22:20,149.0 secs,CEO: Mapbox Satellite w/ Labels,,POINT(-97.79045301208822 30.62782591575393),50,,Trees
102,14621,804477877,-97.79045301208822,30.62791574719924,jbspiritous@gmail.com,false,2026-02-27 22:20,149.0 secs,CEO: Mapbox Satellite w/ Labels,,POINT(-97.79045301208822 30.62791574719924),50,,Barren
102,14622,804477878,-97.79045301208822,30.628005578561158,jbspiritous@gmail.com,false,2026-02-27 22:20,149.0 secs,CEO: Mapbox Satellite w/ Labels,,POINT(-97.79045301208822 30.628005578561158),50,,Barren
102,14623,804477879,-97.79045301208822,30.628095409839673,jbspiritous@gmail.com,false,2026-02-27 22:20,149.0 secs,CEO: Mapbox Satellite w/ Labels,,POINT(-97.79045301208822 30.628095409839673),50,,Barren
102,14624,804477880,-97.79045301208822,30.628185241034856,jbspiritous@gmail.com,false,2026-02-27 22:20,149.0 secs,CEO: Mapbox Satellite w/ Labels,,POINT(-97.79045301208822 30.628185241034856),50,,Barren
102,14625,804477881,-97.7903486169235,30.627376757276608,jbspiritous@gmail.com,false,2026-02-27 22:20,149.0 secs,CEO: Mapbox Satellite w/ Labels,,POINT(-97.7903486169235 30.627376757276608),50,,Shrubs
102,14626,804477882,-97.7903486169235,30.627466589138834,jbspiritous@gmail.com,false,2026-02-27 22:20,149.0 secs,CEO: Mapbox Satellite w/ Labels,,POINT(-97.7903486169235 30.627466589138834),50,,Trees
102,14627,804477883,-97.7903486169235,30.627556420917685,jbspiritous@gmail.com,false,2026-02-27 22:20,149.0 secs,CEO: Mapbox Satellite w/ Labels,,POINT(-97.7903486169235 30.627556420917685),50,,Trees
102,14628,804477884,-97.7903486169235,30.62764625261316,jbspiritous@gmail.com,false,2026-02-27 22:20,149.0 secs,CEO: Mapbox Satellite w/ Labels,,POINT(-97.7903486169235 30.62764625261316),50,,Trees
102,14629,804477885,-97.7903486169235,30.627736084225234,jbspiritous@gmail.com,false,2026-02-27 22:20,149.0 secs,CEO: Mapbox Satellite w/ Labels,,POINT(-97.7903486169235 30.627736084225234),50,,Trees
102,14630,804477886,-97.7903486169235,30.62782591575393,jbspiritous@gmail.com,false,2026-02-27 22:20,149.0 secs,CEO: Mapbox Satellite w/ Labels,,POINT(-97.7903486169235 30.62782591575393),50,,Trees
102,14631,804477887,-97.7903486169235,30.62791574719924,jbspiritous@gmail.com,false,2026-02-27 22:20,149.0 secs,CEO: Mapbox Satellite w/ Labels,,POINT(-97.7903486169235 30.62791574719924),50,,Trees
102,14632,804477888,-97.7903486169235,30.628005578561158,jbspiritous@gmail.com,false,2026-02-27 22:20,149.0 secs,CEO: Mapbox Satellite w/ Labels,,POINT(-97.7903486169235 30.628005578561158),50,,Barren
102,14633,804477889,-97.7903486169235,30.628095409839673,jbspiritous@gmail.com,false,2026-02-27 22:20,149.0 secs,CEO: Mapbox Satellite w/ Labels,,POINT(-97.7903486169235 30.628095409839673),50,,Barren
102,14634,804477890,-97.7903486169235,30.628185241034856,jbspiritous@gmail.com,false,2026-02-27 22:20,149.0 secs,CEO: Mapbox Satellite w/ Labels,,POINT(-97.7903486169235 30.628185241034856),50,,Barren
102,14635,804477891,-97.7902442217588,30.627376757276608,jbspiritous@gmail.com,false,2026-02-27 22:20,149.0 secs,CEO: Mapbox Satellite w/ Labels,,POINT(-97.7902442217588 30.627376757276608),50,,Shrubs
102,14636,804477892,-97.7902442217588,30.627466589138834,jbspiritous@gmail.com,false,2026-02-27 22:20,149.0 secs,CEO: Mapbox Satellite w/ Labels,,POINT(-97.7902442217588 30.627466589138834),50,,Trees
102,14637,804477893,-97.7902442217588,30.627556420917685,jbspiritous@gmail.com,false,2026-02-27 22:20,149.0 secs,CEO: Mapbox Satellite w/ Labels,,POINT(-97.7902442217588 30.627556420917685),50,,Trees
102,14638,804477894,-97.7902442217588,30.62764625261316,jbspiritous@gmail.com,false,2026-02-27 22:20,149.0 secs,CEO: Mapbox Satellite w/ Labels,,POINT(-97.7902442217588 30.62764625261316),50,,Trees
102,14639,804477895,-97.7902442217588,30.627736084225234,jbspiritous@gmail.com,false,2026-02-27 22:20,149.0 secs,CEO: Mapbox Satellite w/ Labels,,POINT(-97.7902442217588 30.627736084225234),50,,Trees
102,14640,804477896,-97.7902442217588,30.62782591575393,jbspiritous@gmail.com,false,2026-02-27 22:20,149.0 secs,CEO: Mapbox Satellite w/ Labels,,POINT(-97.7902442217588 30.62782591575393),50,,Barren
102,14641,804477897,-97.7902442217588,30.62791574719924,jbspiritous@gmail.com,false,2026-02-27 22:20,149.0 secs,CEO: Mapbox Satellite w/ Labels,,POINT(-97.7902442217588 30.62791574719924),50,,Barren
102,14642,804477898,-97.7902442217588,30.628005578561158,jbspiritous@gmail.com,false,2026-02-27 22:20,149.0 secs,CEO: Mapbox Satellite w/ Labels,,POINT(-97.7902442217588 30.628005578561158),50,,Barren
102,14643,804477899,-97.7902442217588,30.628095409839673,jbspiritous@gmail.com,false,2026-02-27 22:20,149.0 secs,CEO: Mapbox Satellite w/ Labels,,POINT(-97.7902442217588 30.628095409839673),50,,Trees
102,14644,804477900,-97.7902442217588,30.628185241034856,jbspiritous@gmail.com,false,2026-02-27 22:20,149.0 secs,CEO: Mapbox Satellite w/ Labels,,POINT(-97.7902442217588 30.628185241034856),50,,Trees
103,14689,804477901,-97.79118380007364,30.631873757276438,jbspiritous@gmail.com,false,2026-02-27 22:22,136.1 secs,CEO: Mapbox Satellite w/ Labels,,POINT(-97.79118380007364 30.631873757276438),50,,Trees
103,14690,804477902,-97.79118380007364,30.63196358913875,jbspiritous@gmail.com,false,2026-02-27 22:22,136.1 secs,CEO: Mapbox Satellite w/ Labels,,POINT(-97.79118380007364 30.63196358913875),50,,Barren
103,14691,804477903,-97.79118380007364,30.632053420917643,jbspiritous@gmail.com,false,2026-02-27 22:22,136.1 secs,CEO: Mapbox Satellite w/ Labels,,POINT(-97.79118380007364 30.632053420917643),50,,Shrubs
103,14692,804477904,-97.79118380007364,30.632143252613147,jbspiritous@gmail.com,false,2026-02-27 22:22,136.1 secs,CEO: Mapbox Satellite w/ Labels,,POINT(-97.79118380007364 30.632143252613147),50,,Trees
103,14693,804477905,-97.79118380007364,30.632233084225234,jbspiritous@gmail.com,false,2026-02-27 22:22,136.1 secs,CEO: Mapbox Satellite w/ Labels,,POINT(-97.79118380007364 30.632233084225234),50,,Trees
103,14694,804477906,-97.79118380007364,30.63232291575393,jbspiritous@gmail.com,false,2026-02-27 22:22,136.1 secs,CEO: Mapbox Satellite w/ Labels,,POINT(-97.79118380007364 30.63232291575393),50,,Barren
103,14695,804477907,-97.79118380007364,30.63241274719921,jbspiritous@gmail.com,false,2026-02-27 22:22,136.1 secs,CEO: Mapbox Satellite w/ Labels,,POINT(-97.79118380007364 30.63241274719921),50,,Trees
103,14696,804477908,-97.79118380007364,30.632502578561102,jbspiritous@gmail.com,false,2026-02-27 22:22,136.1 secs,CEO: Mapbox Satellite w/ Labels,,POINT(-97.79118380007364 30.632502578561102),50,,Built-up structures
103,14697,804477909,-97.79118380007364,30.632592409839603,jbspiritous@gmail.com,false,2026-02-27 22:22,136.1 secs,CEO: Mapbox Satellite w/ Labels,,POINT(-97.79118380007364 30.632592409839603),50,,Barren
103,14698,804477910,-97.79118380007364,30.6326822410347,jbspiritous@gmail.com,false,2026-02-27 22:22,136.1 secs,CEO: Mapbox Satellite w/ Labels,,POINT(-97.79118380007364 30.6326822410347),50,,Barren
103,14699,804477911,-97.79107940005727,30.631873757276438,jbspiritous@gmail.com,false,2026-02-27 22:22,136.1 secs,CEO: Mapbox Satellite w/ Labels,,POINT(-97.79107940005727 30.631873757276438),50,,Trees
103,14700,804477912,-97.79107940005727,30.63196358913875,jbspiritous@gmail.com,false,2026-02-27 22:22,136.1 secs,CEO: Mapbox Satellite w/ Labels,,POINT(-97.79107940005727 30.63196358913875),50,,Trees
103,14701,804477913,-97.79107940005727,30.632053420917643,jbspiritous@gmail.com,false,2026-02-27 22:22,136.1 secs,CEO: Mapbox Satellite w/ Labels,,POINT(-97.79107940005727 30.632053420917643),50,,Trees
103,14702,804477914,-97.79107940005727,30.632143252613147,jbspiritous@gmail.com,false,2026-02-27 22:22,136.1 secs,CEO: Mapbox Satellite w/ Labels,,POINT(-97.79107940005727 30.632143252613147),50,,Trees
103,14703,804477915,-97.79107940005727,30.632233084225234,jbspiritous@gmail.com,false,2026-02-27 22:22,136.1 secs,CEO: Mapbox Satellite w/ Labels,,POINT(-97.79107940005727 30.632233084225234),50,,Trees
103,14704,804477916,-97.79107940005727,30.63232291575393,jbspiritous@gmail.com,false,2026-02-27 22:22,136.1 secs,CEO: Mapbox Satellite w/ Labels,,POINT(-97.79107940005727 30.63232291575393),50,,Trees
103,14705,804477917,-97.79107940005727,30.63241274719921,jbspiritous@gmail.com,false,2026-02-27 22:22,136.1 secs,CEO: Mapbox Satellite w/ Labels,,POINT(-97.79107940005727 30.63241274719921),50,,Trees
103,14706,804477918,-97.79107940005727,30.632502578561102,jbspiritous@gmail.com,false,2026-02-27 22:22,136.1 secs,CEO: Mapbox Satellite w/ Labels,,POINT(-97.79107940005727 30.632502578561102),50,,Trees
103,14707,804477919,-97.79107940005727,30.632592409839603,jbspiritous@gmail.com,false,2026-02-27 22:22,136.1 secs,CEO: Mapbox Satellite w/ Labels,,POINT(-97.79107940005727 30.632592409839603),50,,Trees
103,14708,804477920,-97.79107940005727,30.6326822410347,jbspiritous@gmail.com,false,2026-02-27 22:22,136.1 secs,CEO: Mapbox Satellite w/ Labels,,POINT(-97.79107940005727 30.6326822410347),50,,Trees
103,14709,804477921,-97.7909750000409,30.631873757276438,jbspiritous@gmail.com,false,2026-02-27 22:22,136.1 secs,CEO: Mapbox Satellite w/ Labels,,POINT(-97.7909750000409 30.631873757276438),50,,Trees
103,14710,804477922,-97.7909750000409,30.63196358913875,jbspiritous@gmail.com,false,2026-02-27 22:22,136.1 secs,CEO: Mapbox Satellite w/ Labels,,POINT(-97.7909750000409 30.63196358913875),50,,Trees
103,14711,804477923,-97.7909750000409,30.632053420917643,jbspiritous@gmail.com,false,2026-02-27 22:22,136.1 secs,CEO: Mapbox Satellite w/ Labels,,POINT(-97.7909750000409 30.632053420917643),50,,Trees
103,14712,804477924,-97.7909750000409,30.632143252613147,jbspiritous@gmail.com,false,2026-02-27 22:22,136.1 secs,CEO: Mapbox Satellite w/ Labels,,POINT(-97.7909750000409 30.632143252613147),50,,Trees
103,14713,804477925,-97.7909750000409,30.632233084225234,jbspiritous@gmail.com,false,2026-02-27 22:22,136.1 secs,CEO: Mapbox Satellite w/ Labels,,POINT(-97.7909750000409 30.632233084225234),50,,Trees
103,14714,804477926,-97.7909750000409,30.63232291575393,jbspiritous@gmail.com,false,2026-02-27 22:22,136.1 secs,CEO: Mapbox Satellite w/ Labels,,POINT(-97.7909750000409 30.63232291575393),50,,Trees
103,14715,804477927,-97.7909750000409,30.63241274719921,jbspiritous@gmail.com,false,2026-02-27 22:22,136.1 secs,CEO: Mapbox Satellite w/ Labels,,POINT(-97.7909750000409 30.63241274719921),50,,Trees
103,14716,804477928,-97.7909750000409,30.632502578561102,jbspiritous@gmail.com,false,2026-02-27 22:22,136.1 secs,CEO: Mapbox Satellite w/ Labels,,POINT(-97.7909750000409 30.632502578561102),50,,Trees
103,14717,804477929,-97.7909750000409,30.632592409839603,jbspiritous@gmail.com,false,2026-02-27 22:22,136.1 secs,CEO: Mapbox Satellite w/ Labels,,POINT(-97.7909750000409 30.632592409839603),50,,Trees
103,14718,804477930,-97.7909750000409,30.6326822410347,jbspiritous@gmail.com,false,2026-02-27 22:22,136.1 secs,CEO: Mapbox Satellite w/ Labels,,POINT(-97.7909750000409 30.6326822410347),50,,Trees
103,14719,804477931,-97.79087060002455,30.631873757276438,jbspiritous@gmail.com,false,2026-02-27 22:22,136.1 secs,CEO: Mapbox Satellite w/ Labels,,POINT(-97.79087060002455 30.631873757276438),50,,Barren
103,14720,804477932,-97.79087060002455,30.63196358913875,jbspiritous@gmail.com,false,2026-02-27 22:22,136.1 secs,CEO: Mapbox Satellite w/ Labels,,POINT(-97.79087060002455 30.63196358913875),50,,Barren
103,14721,804477933,-97.79087060002455,30.632053420917643,jbspiritous@gmail.com,false,2026-02-27 22:22,136.1 secs,CEO: Mapbox Satellite w/ Labels,,POINT(-97.79087060002455 30.632053420917643),50,,Shrubs
103,14722,804477934,-97.79087060002455,30.632143252613147,jbspiritous@gmail.com,false,2026-02-27 22:22,136.1 secs,CEO: Mapbox Satellite w/ Labels,,POINT(-97.79087060002455 30.632143252613147),50,,Barren
103,14723,804477935,-97.79087060002455,30.632233084225234,jbspiritous@gmail.com,false,2026-02-27 22:22,136.1 secs,CEO: Mapbox Satellite w/ Labels,,POINT(-97.79087060002455 30.632233084225234),50,,Trees
103,14724,804477936,-97.79087060002455,30.63232291575393,jbspiritous@gmail.com,false,2026-02-27 22:22,136.1 secs,CEO: Mapbox Satellite w/ Labels,,POINT(-97.79087060002455 30.63232291575393),50,,Trees
103,14725,804477937,-97.79087060002455,30.63241274719921,jbspiritous@gmail.com,false,2026-02-27 22:22,136.1 secs,CEO: Mapbox Satellite w/ Labels,,POINT(-97.79087060002455 30.63241274719921),50,,Barren
103,14726,804477938,-97.79087060002455,30.632502578561102,jbspiritous@gmail.com,false,2026-02-27 22:22,136.1 secs,CEO: Mapbox Satellite w/ Labels,,POINT(-97.79087060002455 30.632502578561102),50,,Barren
103,14727,804477939,-97.79087060002455,30.632592409839603,jbspiritous@gmail.com,false,2026-02-27 22:22,136.1 secs,CEO: Mapbox Satellite w/ Labels,,POINT(-97.79087060002455 30.632592409839603),50,,Built-up
103,14728,804477940,-97.79087060002455,30.6326822410347,jbspiritous@gmail.com,false,2026-02-27 22:22,136.1 secs,CEO: Mapbox Satellite w/ Labels,,POINT(-97.79087060002455 30.6326822410347),50,,Trees
103,14729,804477941,-97.79076620000818,30.631873757276438,jbspiritous@gmail.com,false,2026-02-27 22:22,136.1 secs,CEO: Mapbox Satellite w/ Labels,,POINT(-97.79076620000818 30.631873757276438),50,,Barren
103,14730,804477942,-97.79076620000818,30.63196358913875,jbspiritous@gmail.com,false,2026-02-27 22:22,136.1 secs,CEO: Mapbox Satellite w/ Labels,,POINT(-97.79076620000818 30.63196358913875),50,,Barren
103,14731,804477943,-97.79076620000818,30.632053420917643,jbspiritous@gmail.com,false,2026-02-27 22:22,136.1 secs,CEO: Mapbox Satellite w/ Labels,,POINT(-97.79076620000818 30.632053420917643),50,,Barren
103,14732,804477944,-97.79076620000818,30.632143252613147,jbspiritous@gmail.com,false,2026-02-27 22:22,136.1 secs,CEO: Mapbox Satellite w/ Labels,,POINT(-97.79076620000818 30.632143252613147),50,,Barren
103,14733,804477945,-97.79076620000818,30.632233084225234,jbspiritous@gmail.com,false,2026-02-27 22:22,136.1 secs,CEO: Mapbox Satellite w/ Labels,,POINT(-97.79076620000818 30.632233084225234),50,,Barren
103,14734,804477946,-97.79076620000818,30.63232291575393,jbspiritous@gmail.com,false,2026-02-27 22:22,136.1 secs,CEO: Mapbox Satellite w/ Labels,,POINT(-97.79076620000818 30.63232291575393),50,,Barren
103,14735,804477947,-97.79076620000818,30.63241274719921,jbspiritous@gmail.com,false,2026-02-27 22:22,136.1 secs,CEO: Mapbox Satellite w/ Labels,,POINT(-97.79076620000818 30.63241274719921),50,,Barren
103,14736,804477948,-97.79076620000818,30.632502578561102,jbspiritous@gmail.com,false,2026-02-27 22:22,136.1 secs,CEO: Mapbox Satellite w/ Labels,,POINT(-97.79076620000818 30.632502578561102),50,,Barren
103,14737,804477949,-97.79076620000818,30.632592409839603,jbspiritous@gmail.com,false,2026-02-27 22:22,136.1 secs,CEO: Mapbox Satellite w/ Labels,,POINT(-97.79076620000818 30.632592409839603),50,,Built-up
103,14738,804477950,-97.79076620000818,30.6326822410347,jbspiritous@gmail.com,false,2026-02-27 22:22,136.1 secs,CEO: Mapbox Satellite w/ Labels,,POINT(-97.79076620000818 30.6326822410347),50,,Built-up structures
103,14739,804477951,-97.7906617999918,30.631873757276438,jbspiritous@gmail.com,false,2026-02-27 22:22,136.1 secs,CEO: Mapbox Satellite w/ Labels,,POINT(-97.7906617999918 30.631873757276438),50,,Trees
103,14740,804477952,-97.7906617999918,30.63196358913875,jbspiritous@gmail.com,false,2026-02-27 22:22,136.1 secs,CEO: Mapbox Satellite w/ Labels,,POINT(-97.7906617999918 30.63196358913875),50,,Trees
103,14741,804477953,-97.7906617999918,30.632053420917643,jbspiritous@gmail.com,false,2026-02-27 22:22,136.1 secs,CEO: Mapbox Satellite w/ Labels,,POINT(-97.7906617999918 30.632053420917643),50,,Barren
103,14742,804477954,-97.7906617999918,30.632143252613147,jbspiritous@gmail.com,false,2026-02-27 22:22,136.1 secs,CEO: Mapbox Satellite w/ Labels,,POINT(-97.7906617999918 30.632143252613147),50,,Barren
103,14743,804477955,-97.7906617999918,30.632233084225234,jbspiritous@gmail.com,false,2026-02-27 22:22,136.1 secs,CEO: Mapbox Satellite w/ Labels,,POINT(-97.7906617999918 30.632233084225234),50,,Barren
103,14744,804477956,-97.7906617999918,30.63232291575393,jbspiritous@gmail.com,false,2026-02-27 22:22,136.1 secs,CEO: Mapbox Satellite w/ Labels,,POINT(-97.7906617999918 30.63232291575393),50,,Barren
103,14745,804477957,-97.7906617999918,30.63241274719921,jbspiritous@gmail.com,false,2026-02-27 22:22,136.1 secs,CEO: Mapbox Satellite w/ Labels,,POINT(-97.7906617999918 30.63241274719921),50,,Barren
103,14746,804477958,-97.7906617999918,30.632502578561102,jbspiritous@gmail.com,false,2026-02-27 22:22,136.1 secs,CEO: Mapbox Satellite w/ Labels,,POINT(-97.7906617999918 30.632502578561102),50,,Barren
103,14747,804477959,-97.7906617999918,30.632592409839603,jbspiritous@gmail.com,false,2026-02-27 22:22,136.1 secs,CEO: Mapbox Satellite w/ Labels,,POINT(-97.7906617999918 30.632592409839603),50,,Built-up
103,14748,804477960,-97.7906617999918,30.6326822410347,jbspiritous@gmail.com,false,2026-02-27 22:22,136.1 secs,CEO: Mapbox Satellite w/ Labels,,POINT(-97.7906617999918 30.6326822410347),50,,Built-up structures
103,14749,804477961,-97.79055739997543,30.631873757276438,jbspiritous@gmail.com,false,2026-02-27 22:22,136.1 secs,CEO: Mapbox Satellite w/ Labels,,POINT(-97.79055739997543 30.631873757276438),50,,Trees
103,14750,804477962,-97.79055739997543,30.63196358913875,jbspiritous@gmail.com,false,2026-02-27 22:22,136.1 secs,CEO: Mapbox Satellite w/ Labels,,POINT(-97.79055739997543 30.63196358913875),50,,Trees
103,14751,804477963,-97.79055739997543,30.632053420917643,jbspiritous@gmail.com,false,2026-02-27 22:22,136.1 secs,CEO: Mapbox Satellite w/ Labels,,POINT(-97.79055739997543 30.632053420917643),50,,Barren
103,14752,804477964,-97.79055739997543,30.632143252613147,jbspiritous@gmail.com,false,2026-02-27 22:22,136.1 secs,CEO: Mapbox Satellite w/ Labels,,POINT(-97.79055739997543 30.632143252613147),50,,Barren
103,14753,804477965,-97.79055739997543,30.632233084225234,jbspiritous@gmail.com,false,2026-02-27 22:22,136.1 secs,CEO: Mapbox Satellite w/ Labels,,POINT(-97.79055739997543 30.632233084225234),50,,Barren
103,14754,804477966,-97.79055739997543,30.63232291575393,jbspiritous@gmail.com,false,2026-02-27 22:22,136.1 secs,CEO: Mapbox Satellite w/ Labels,,POINT(-97.79055739997543 30.63232291575393),50,,Barren
103,14755,804477967,-97.79055739997543,30.63241274719921,jbspiritous@gmail.com,false,2026-02-27 22:22,136.1 secs,CEO: Mapbox Satellite w/ Labels,,POINT(-97.79055739997543 30.63241274719921),50,,Barren
103,14756,804477968,-97.79055739997543,30.632502578561102,jbspiritous@gmail.com,false,2026-02-27 22:22,136.1 secs,CEO: Mapbox Satellite w/ Labels,,POINT(-97.79055739997543 30.632502578561102),50,,Barren
103,14757,804477969,-97.79055739997543,30.632592409839603,jbspiritous@gmail.com,false,2026-02-27 22:22,136.1 secs,CEO: Mapbox Satellite w/ Labels,,POINT(-97.79055739997543 30.632592409839603),50,,Barren
103,14758,804477970,-97.79055739997543,30.6326822410347,jbspiritous@gmail.com,false,2026-02-27 22:22,136.1 secs,CEO: Mapbox Satellite w/ Labels,,POINT(-97.79055739997543 30.6326822410347),50,,Built-up structures
103,14759,804477971,-97.79045299995907,30.631873757276438,jbspiritous@gmail.com,false,2026-02-27 22:22,136.1 secs,CEO: Mapbox Satellite w/ Labels,,POINT(-97.79045299995907 30.631873757276438),50,,Trees
103,14760,804477972,-97.79045299995907,30.63196358913875,jbspiritous@gmail.com,false,2026-02-27 22:22,136.1 secs,CEO: Mapbox Satellite w/ Labels,,POINT(-97.79045299995907 30.63196358913875),50,,Trees
103,14761,804477973,-97.79045299995907,30.632053420917643,jbspiritous@gmail.com,false,2026-02-27 22:22,136.1 secs,CEO: Mapbox Satellite w/ Labels,,POINT(-97.79045299995907 30.632053420917643),50,,Trees
103,14762,804477974,-97.79045299995907,30.632143252613147,jbspiritous@gmail.com,false,2026-02-27 22:22,136.1 secs,CEO: Mapbox Satellite w/ Labels,,POINT(-97.79045299995907 30.632143252613147),50,,Barren
103,14763,804477975,-97.79045299995907,30.632233084225234,jbspiritous@gmail.com,false,2026-02-27 22:22,136.1 secs,CEO: Mapbox Satellite w/ Labels,,POINT(-97.79045299995907 30.632233084225234),50,,Barren
103,14764,804477976,-97.79045299995907,30.63232291575393,jbspiritous@gmail.com,false,2026-02-27 22:22,136.1 secs,CEO: Mapbox Satellite w/ Labels,,POINT(-97.79045299995907 30.63232291575393),50,,Barren
103,14765,804477977,-97.79045299995907,30.63241274719921,jbspiritous@gmail.com,false,2026-02-27 22:22,136.1 secs,CEO: Mapbox Satellite w/ Labels,,POINT(-97.79045299995907 30.63241274719921),50,,Barren
103,14766,804477978,-97.79045299995907,30.632502578561102,jbspiritous@gmail.com,false,2026-02-27 22:22,136.1 secs,CEO: Mapbox Satellite w/ Labels,,POINT(-97.79045299995907 30.632502578561102),50,,Barren
103,14767,804477979,-97.79045299995907,30.632592409839603,jbspiritous@gmail.com,false,2026-02-27 22:22,136.1 secs,CEO: Mapbox Satellite w/ Labels,,POINT(-97.79045299995907 30.632592409839603),50,,Barren
103,14768,804477980,-97.79045299995907,30.6326822410347,jbspiritous@gmail.com,false,2026-02-27 22:22,136.1 secs,CEO: Mapbox Satellite w/ Labels,,POINT(-97.79045299995907 30.6326822410347),50,,Trees
103,14769,804477981,-97.7903485999427,30.631873757276438,jbspiritous@gmail.com,false,2026-02-27 22:22,136.1 secs,CEO: Mapbox Satellite w/ Labels,,POINT(-97.7903485999427 30.631873757276438),50,,Trees
103,14770,804477982,-97.7903485999427,30.63196358913875,jbspiritous@gmail.com,false,2026-02-27 22:22,136.1 secs,CEO: Mapbox Satellite w/ Labels,,POINT(-97.7903485999427 30.63196358913875),50,,Trees
103,14771,804477983,-97.7903485999427,30.632053420917643,jbspiritous@gmail.com,false,2026-02-27 22:22,136.1 secs,CEO: Mapbox Satellite w/ Labels,,POINT(-97.7903485999427 30.632053420917643),50,,Barren
103,14772,804477984,-97.7903485999427,30.632143252613147,jbspiritous@gmail.com,false,2026-02-27 22:22,136.1 secs,CEO: Mapbox Satellite w/ Labels,,POINT(-97.7903485999427 30.632143252613147),50,,Barren
103,14773,804477985,-97.7903485999427,30.632233084225234,jbspiritous@gmail.com,false,2026-02-27 22:22,136.1 secs,CEO: Mapbox Satellite w/ Labels,,POINT(-97.7903485999427 30.632233084225234),50,,Barren
103,14774,804477986,-97.7903485999427,30.63232291575393,jbspiritous@gmail.com,false,2026-02-27 22:22,136.1 secs,CEO: Mapbox Satellite w/ Labels,,POINT(-97.7903485999427 30.63232291575393),50,,Barren
103,14775,804477987,-97.7903485999427,30.63241274719921,jbspiritous@gmail.com,false,2026-02-27 22:22,136.1 secs,CEO: Mapbox Satellite w/ Labels,,POINT(-97.7903485999427 30.63241274719921),50,,Barren
103,14776,804477988,-97.7903485999427,30.632502578561102,jbspiritous@gmail.com,false,2026-02-27 22:22,136.1 secs,CEO: Mapbox Satellite w/ Labels,,POINT(-97.7903485999427 30.632502578561102),50,,Barren
103,14777,804477989,-97.7903485999427,30.632592409839603,jbspiritous@gmail.com,false,2026-02-27 22:22,136.1 secs,CEO: Mapbox Satellite w/ Labels,,POINT(-97.7903485999427 30.632592409839603),50,,Trees
103,14778,804477990,-97.7903485999427,30.6326822410347,jbspiritous@gmail.com,false,2026-02-27 22:22,136.1 secs,CEO: Mapbox Satellite w/ Labels,,POINT(-97.7903485999427 30.6326822410347),50,,Trees
103,14779,804477991,-97.79024419992632,30.631873757276438,jbspiritous@gmail.com,false,2026-02-27 22:22,136.1 secs,CEO: Mapbox Satellite w/ Labels,,POINT(-97.79024419992632 30.631873757276438),50,,Trees
103,14780,804477992,-97.79024419992632,30.63196358913875,jbspiritous@gmail.com,false,2026-02-27 22:22,136.1 secs,CEO: Mapbox Satellite w/ Labels,,POINT(-97.79024419992632 30.63196358913875),50,,Trees
103,14781,804477993,-97.79024419992632,30.632053420917643,jbspiritous@gmail.com,false,2026-02-27 22:22,136.1 secs,CEO: Mapbox Satellite w/ Labels,,POINT(-97.79024419992632 30.632053420917643),50,,Trees
103,14782,804477994,-97.79024419992632,30.632143252613147,jbspiritous@gmail.com,false,2026-02-27 22:22,136.1 secs,CEO: Mapbox Satellite w/ Labels,,POINT(-97.79024419992632 30.632143252613147),50,,Barren
103,14783,804477995,-97.79024419992632,30.632233084225234,jbspiritous@gmail.com,false,2026-02-27 22:22,136.1 secs,CEO: Mapbox Satellite w/ Labels,,POINT(-97.79024419992632 30.632233084225234),50,,Barren
103,14784,804477996,-97.79024419992632,30.63232291575393,jbspiritous@gmail.com,false,2026-02-27 22:22,136.1 secs,CEO: Mapbox Satellite w/ Labels,,POINT(-97.79024419992632 30.63232291575393),50,,Barren
103,14785,804477997,-97.79024419992632,30.63241274719921,jbspiritous@gmail.com,false,2026-02-27 22:22,136.1 secs,CEO: Mapbox Satellite w/ Labels,,POINT(-97.79024419992632 30.63241274719921),50,,Barren
103,14786,804477998,-97.79024419992632,30.632502578561102,jbspiritous@gmail.com,false,2026-02-27 22:22,136.1 secs,CEO: Mapbox Satellite w/ Labels,,POINT(-97.79024419992632 30.632502578561102),50,,Shrubs
103,14787,804477999,-97.79024419992632,30.632592409839603,jbspiritous@gmail.com,false,2026-02-27 22:22,136.1 secs,CEO: Mapbox Satellite w/ Labels,,POINT(-97.79024419992632 30.632592409839603),50,,Trees
103,14788,804478000,-97.79024419992632,30.6326822410347,jbspiritous@gmail.com,false,2026-02-27 22:22,136.1 secs,CEO: Mapbox Satellite w/ Labels,,POINT(-97.79024419992632 30.6326822410347),50,,Trees
104,14833,804478001,-97.79118382190619,30.636369757276285,jbspiritous@gmail.com,false,2026-02-27 22:24,141.2 secs,CEO: Mapbox Satellite w/ Labels,,POINT(-97.79118382190619 30.636369757276285),50,,Barren
104,14834,804478002,-97.79118382190619,30.636459589138653,jbspiritous@gmail.com,false,2026-02-27 22:24,141.2 secs,CEO: Mapbox Satellite w/ Labels,,POINT(-97.79118382190619 30.636459589138653),50,,Shrubs
104,14835,804478003,-97.79118382190619,30.63654942091759,jbspiritous@gmail.com,false,2026-02-27 22:24,141.2 secs,CEO: Mapbox Satellite w/ Labels,,POINT(-97.79118382190619 30.63654942091759),50,,Trees
104,14836,804478004,-97.79118382190619,30.636639252613108,jbspiritous@gmail.com,false,2026-02-27 22:24,141.2 secs,CEO: Mapbox Satellite w/ Labels,,POINT(-97.79118382190619 30.636639252613108),50,,Trees
104,14837,804478005,-97.79118382190619,30.636729084225237,jbspiritous@gmail.com,false,2026-02-27 22:24,141.2 secs,CEO: Mapbox Satellite w/ Labels,,POINT(-97.79118382190619 30.636729084225237),50,,Trees
104,14838,804478006,-97.79118382190619,30.636818915753906,jbspiritous@gmail.com,false,2026-02-27 22:24,141.2 secs,CEO: Mapbox Satellite w/ Labels,,POINT(-97.79118382190619 30.636818915753906),50,,Trees
104,14839,804478007,-97.79118382190619,30.6369087471992,jbspiritous@gmail.com,false,2026-02-27 22:24,141.2 secs,CEO: Mapbox Satellite w/ Labels,,POINT(-97.79118382190619 30.6369087471992),50,,Barren
104,14840,804478008,-97.79118382190619,30.636998578561062,jbspiritous@gmail.com,false,2026-02-27 22:24,141.2 secs,CEO: Mapbox Satellite w/ Labels,,POINT(-97.79118382190619 30.636998578561062),50,,Barren
104,14841,804478009,-97.79118382190619,30.637088409839492,jbspiritous@gmail.com,false,2026-02-27 22:24,141.2 secs,CEO: Mapbox Satellite w/ Labels,,POINT(-97.79118382190619 30.637088409839492),50,,Trees
104,14842,804478010,-97.79118382190619,30.637178241034547,jbspiritous@gmail.com,false,2026-02-27 22:24,141.2 secs,CEO: Mapbox Satellite w/ Labels,,POINT(-97.79118382190619 30.637178241034547),50,,Trees
104,14843,804478011,-97.79107941703815,30.636369757276285,jbspiritous@gmail.com,false,2026-02-27 22:24,141.2 secs,CEO: Mapbox Satellite w/ Labels,,POINT(-97.79107941703815 30.636369757276285),50,,Shrubs
104,14844,804478012,-97.79107941703815,30.636459589138653,jbspiritous@gmail.com,false,2026-02-27 22:24,141.2 secs,CEO: Mapbox Satellite w/ Labels,,POINT(-97.79107941703815 30.636459589138653),50,,Barren
104,14845,804478013,-97.79107941703815,30.63654942091759,jbspiritous@gmail.com,false,2026-02-27 22:24,141.2 secs,CEO: Mapbox Satellite w/ Labels,,POINT(-97.79107941703815 30.63654942091759),50,,Trees
104,14846,804478014,-97.79107941703815,30.636639252613108,jbspiritous@gmail.com,false,2026-02-27 22:24,141.2 secs,CEO: Mapbox Satellite w/ Labels,,POINT(-97.79107941703815 30.636639252613108),50,,Trees
104,14847,804478015,-97.79107941703815,30.636729084225237,jbspiritous@gmail.com,false,2026-02-27 22:24,141.2 secs,CEO: Mapbox Satellite w/ Labels,,POINT(-97.79107941703815 30.636729084225237),50,,Trees
104,14848,804478016,-97.79107941703815,30.636818915753906,jbspiritous@gmail.com,false,2026-02-27 22:24,141.2 secs,CEO: Mapbox Satellite w/ Labels,,POINT(-97.79107941703815 30.636818915753906),50,,Trees
104,14849,804478017,-97.79107941703815,30.6369087471992,jbspiritous@gmail.com,false,2026-02-27 22:24,141.2 secs,CEO: Mapbox Satellite w/ Labels,,POINT(-97.79107941703815 30.6369087471992),50,,Shrubs
104,14850,804478018,-97.79107941703815,30.636998578561062,jbspiritous@gmail.com,false,2026-02-27 22:24,141.2 secs,CEO: Mapbox Satellite w/ Labels,,POINT(-97.79107941703815 30.636998578561062),50,,Barren
104,14851,804478019,-97.79107941703815,30.637088409839492,jbspiritous@gmail.com,false,2026-02-27 22:24,141.2 secs,CEO: Mapbox Satellite w/ Labels,,POINT(-97.79107941703815 30.637088409839492),50,,Trees
104,14852,804478020,-97.79107941703815,30.637178241034547,jbspiritous@gmail.com,false,2026-02-27 22:24,141.2 secs,CEO: Mapbox Satellite w/ Labels,,POINT(-97.79107941703815 30.637178241034547),50,,Trees
104,14853,804478021,-97.79097501217011,30.636369757276285,jbspiritous@gmail.com,false,2026-02-27 22:24,141.2 secs,CEO: Mapbox Satellite w/ Labels,,POINT(-97.79097501217011 30.636369757276285),50,,Trees
104,14854,804478022,-97.79097501217011,30.636459589138653,jbspiritous@gmail.com,false,2026-02-27 22:24,141.2 secs,CEO: Mapbox Satellite w/ Labels,,POINT(-97.79097501217011 30.636459589138653),50,,Trees
104,14855,804478023,-97.79097501217011,30.63654942091759,jbspiritous@gmail.com,false,2026-02-27 22:24,141.2 secs,CEO: Mapbox Satellite w/ Labels,,POINT(-97.79097501217011 30.63654942091759),50,,Trees
104,14856,804478024,-97.79097501217011,30.636639252613108,jbspiritous@gmail.com,false,2026-02-27 22:24,141.2 secs,CEO: Mapbox Satellite w/ Labels,,POINT(-97.79097501217011 30.636639252613108),50,,Trees
104,14857,804478025,-97.79097501217011,30.636729084225237,jbspiritous@gmail.com,false,2026-02-27 22:24,141.2 secs,CEO: Mapbox Satellite w/ Labels,,POINT(-97.79097501217011 30.636729084225237),50,,Trees
104,14858,804478026,-97.79097501217011,30.636818915753906,jbspiritous@gmail.com,false,2026-02-27 22:24,141.2 secs,CEO: Mapbox Satellite w/ Labels,,POINT(-97.79097501217011 30.636818915753906),50,,Barren
104,14859,804478027,-97.79097501217011,30.6369087471992,jbspiritous@gmail.com,false,2026-02-27 22:24,141.2 secs,CEO: Mapbox Satellite w/ Labels,,POINT(-97.79097501217011 30.6369087471992),50,,Barren
104,14860,804478028,-97.79097501217011,30.636998578561062,jbspiritous@gmail.com,false,2026-02-27 22:24,141.2 secs,CEO: Mapbox Satellite w/ Labels,,POINT(-97.79097501217011 30.636998578561062),50,,Barren
104,14861,804478029,-97.79097501217011,30.637088409839492,jbspiritous@gmail.com,false,2026-02-27 22:24,141.2 secs,CEO: Mapbox Satellite w/ Labels,,POINT(-97.79097501217011 30.637088409839492),50,,Barren
104,14862,804478030,-97.79097501217011,30.637178241034547,jbspiritous@gmail.com,false,2026-02-27 22:24,141.2 secs,CEO: Mapbox Satellite w/ Labels,,POINT(-97.79097501217011 30.637178241034547),50,,Trees
104,14863,804478031,-97.79087060730207,30.636369757276285,jbspiritous@gmail.com,false,2026-02-27 22:24,141.2 secs,CEO: Mapbox Satellite w/ Labels,,POINT(-97.79087060730207 30.636369757276285),50,,Trees
104,14864,804478032,-97.79087060730207,30.636459589138653,jbspiritous@gmail.com,false,2026-02-27 22:24,141.2 secs,CEO: Mapbox Satellite w/ Labels,,POINT(-97.79087060730207 30.636459589138653),50,,Trees
104,14865,804478033,-97.79087060730207,30.63654942091759,jbspiritous@gmail.com,false,2026-02-27 22:24,141.2 secs,CEO: Mapbox Satellite w/ Labels,,POINT(-97.79087060730207 30.63654942091759),50,,Trees
104,14866,804478034,-97.79087060730207,30.636639252613108,jbspiritous@gmail.com,false,2026-02-27 22:24,141.2 secs,CEO: Mapbox Satellite w/ Labels,,POINT(-97.79087060730207 30.636639252613108),50,,Trees
104,14867,804478035,-97.79087060730207,30.636729084225237,jbspiritous@gmail.com,false,2026-02-27 22:24,141.2 secs,CEO: Mapbox Satellite w/ Labels,,POINT(-97.79087060730207 30.636729084225237),50,,Trees
104,14868,804478036,-97.79087060730207,30.636818915753906,jbspiritous@gmail.com,false,2026-02-27 22:24,141.2 secs,CEO: Mapbox Satellite w/ Labels,,POINT(-97.79087060730207 30.636818915753906),50,,Trees
104,14869,804478037,-97.79087060730207,30.6369087471992,jbspiritous@gmail.com,false,2026-02-27 22:24,141.2 secs,CEO: Mapbox Satellite w/ Labels,,POINT(-97.79087060730207 30.6369087471992),50,,Barren
104,14870,804478038,-97.79087060730207,30.636998578561062,jbspiritous@gmail.com,false,2026-02-27 22:24,141.2 secs,CEO: Mapbox Satellite w/ Labels,,POINT(-97.79087060730207 30.636998578561062),50,,Barren
104,14871,804478039,-97.79087060730207,30.637088409839492,jbspiritous@gmail.com,false,2026-02-27 22:24,141.2 secs,CEO: Mapbox Satellite w/ Labels,,POINT(-97.79087060730207 30.637088409839492),50,,Built-up
104,14872,804478040,-97.79087060730207,30.637178241034547,jbspiritous@gmail.com,false,2026-02-27 22:24,141.2 secs,CEO: Mapbox Satellite w/ Labels,,POINT(-97.79087060730207 30.637178241034547),50,,Built-up
104,14873,804478041,-97.79076620243403,30.636369757276285,jbspiritous@gmail.com,false,2026-02-27 22:24,141.2 secs,CEO: Mapbox Satellite w/ Labels,,POINT(-97.79076620243403 30.636369757276285),50,,Barren
104,14874,804478042,-97.79076620243403,30.636459589138653,jbspiritous@gmail.com,false,2026-02-27 22:24,141.2 secs,CEO: Mapbox Satellite w/ Labels,,POINT(-97.79076620243403 30.636459589138653),50,,Barren
104,14875,804478043,-97.79076620243403,30.63654942091759,jbspiritous@gmail.com,false,2026-02-27 22:24,141.2 secs,CEO: Mapbox Satellite w/ Labels,,POINT(-97.79076620243403 30.63654942091759),50,,Trees
104,14876,804478044,-97.79076620243403,30.636639252613108,jbspiritous@gmail.com,false,2026-02-27 22:24,141.2 secs,CEO: Mapbox Satellite w/ Labels,,POINT(-97.79076620243403 30.636639252613108),50,,Trees
104,14877,804478045,-97.79076620243403,30.636729084225237,jbspiritous@gmail.com,false,2026-02-27 22:24,141.2 secs,CEO: Mapbox Satellite w/ Labels,,POINT(-97.79076620243403 30.636729084225237),50,,Trees
104,14878,804478046,-97.79076620243403,30.636818915753906,jbspiritous@gmail.com,false,2026-02-27 22:24,141.2 secs,CEO: Mapbox Satellite w/ Labels,,POINT(-97.79076620243403 30.636818915753906),50,,Barren
104,14879,804478047,-97.79076620243403,30.6369087471992,jbspiritous@gmail.com,false,2026-02-27 22:24,141.2 secs,CEO: Mapbox Satellite w/ Labels,,POINT(-97.79076620243403 30.6369087471992),50,,Built-up
104,14880,804478048,-97.79076620243403,30.636998578561062,jbspiritous@gmail.com,false,2026-02-27 22:24,141.2 secs,CEO: Mapbox Satellite w/ Labels,,POINT(-97.79076620243403 30.636998578561062),50,,Barren
104,14881,804478049,-97.79076620243403,30.637088409839492,jbspiritous@gmail.com,false,2026-02-27 22:24,141.2 secs,CEO: Mapbox Satellite w/ Labels,,POINT(-97.79076620243403 30.637088409839492),50,,Trees
104,14882,804478050,-97.79076620243403,30.637178241034547,jbspiritous@gmail.com,false,2026-02-27 22:24,141.2 secs,CEO: Mapbox Satellite w/ Labels,,POINT(-97.79076620243403 30.637178241034547),50,,Trees
104,14883,804478051,-97.79066179756596,30.636369757276285,jbspiritous@gmail.com,false,2026-02-27 22:24,141.2 secs,CEO: Mapbox Satellite w/ Labels,,POINT(-97.79066179756596 30.636369757276285),50,,Trees
104,14884,804478052,-97.79066179756596,30.636459589138653,jbspiritous@gmail.com,false,2026-02-27 22:24,141.2 secs,CEO: Mapbox Satellite w/ Labels,,POINT(-97.79066179756596 30.636459589138653),50,,Barren
104,14885,804478053,-97.79066179756596,30.63654942091759,jbspiritous@gmail.com,false,2026-02-27 22:24,141.2 secs,CEO: Mapbox Satellite w/ Labels,,POINT(-97.79066179756596 30.63654942091759),50,,Trees
104,14886,804478054,-97.79066179756596,30.636639252613108,jbspiritous@gmail.com,false,2026-02-27 22:24,141.2 secs,CEO: Mapbox Satellite w/ Labels,,POINT(-97.79066179756596 30.636639252613108),50,,Trees
104,14887,804478055,-97.79066179756596,30.636729084225237,jbspiritous@gmail.com,false,2026-02-27 22:24,141.2 secs,CEO: Mapbox Satellite w/ Labels,,POINT(-97.79066179756596 30.636729084225237),50,,Trees
104,14888,804478056,-97.79066179756596,30.636818915753906,jbspiritous@gmail.com,false,2026-02-27 22:24,141.2 secs,CEO: Mapbox Satellite w/ Labels,,POINT(-97.79066179756596 30.636818915753906),50,,Built-up
104,14889,804478057,-97.79066179756596,30.6369087471992,jbspiritous@gmail.com,false,2026-02-27 22:24,141.2 secs,CEO: Mapbox Satellite w/ Labels,,POINT(-97.79066179756596 30.6369087471992),50,,Barren
104,14890,804478058,-97.79066179756596,30.636998578561062,jbspiritous@gmail.com,false,2026-02-27 22:24,141.2 secs,CEO: Mapbox Satellite w/ Labels,,POINT(-97.79066179756596 30.636998578561062),50,,Grasses
104,14891,804478059,-97.79066179756596,30.637088409839492,jbspiritous@gmail.com,false,2026-02-27 22:24,141.2 secs,CEO: Mapbox Satellite w/ Labels,,POINT(-97.79066179756596 30.637088409839492),50,,Trees
104,14892,804478060,-97.79066179756596,30.637178241034547,jbspiritous@gmail.com,false,2026-02-27 22:24,141.2 secs,CEO: Mapbox Satellite w/ Labels,,POINT(-97.79066179756596 30.637178241034547),50,,Trees
104,14893,804478061,-97.79055739269792,30.636369757276285,jbspiritous@gmail.com,false,2026-02-27 22:24,141.2 secs,CEO: Mapbox Satellite w/ Labels,,POINT(-97.79055739269792 30.636369757276285),50,,Trees
104,14894,804478062,-97.79055739269792,30.636459589138653,jbspiritous@gmail.com,false,2026-02-27 22:24,141.2 secs,CEO: Mapbox Satellite w/ Labels,,POINT(-97.79055739269792 30.636459589138653),50,,Barren
104,14895,804478063,-97.79055739269792,30.63654942091759,jbspiritous@gmail.com,false,2026-02-27 22:24,141.2 secs,CEO: Mapbox Satellite w/ Labels,,POINT(-97.79055739269792 30.63654942091759),50,,Trees
104,14896,804478064,-97.79055739269792,30.636639252613108,jbspiritous@gmail.com,false,2026-02-27 22:24,141.2 secs,CEO: Mapbox Satellite w/ Labels,,POINT(-97.79055739269792 30.636639252613108),50,,Barren
104,14897,804478065,-97.79055739269792,30.636729084225237,jbspiritous@gmail.com,false,2026-02-27 22:24,141.2 secs,CEO: Mapbox Satellite w/ Labels,,POINT(-97.79055739269792 30.636729084225237),50,,Built-up
104,14898,804478066,-97.79055739269792,30.636818915753906,jbspiritous@gmail.com,false,2026-02-27 22:24,141.2 secs,CEO: Mapbox Satellite w/ Labels,,POINT(-97.79055739269792 30.636818915753906),50,,Trees
104,14899,804478067,-97.79055739269792,30.6369087471992,jbspiritous@gmail.com,false,2026-02-27 22:24,141.2 secs,CEO: Mapbox Satellite w/ Labels,,POINT(-97.79055739269792 30.6369087471992),50,,Grasses
104,14900,804478068,-97.79055739269792,30.636998578561062,jbspiritous@gmail.com,false,2026-02-27 22:24,141.2 secs,CEO: Mapbox Satellite w/ Labels,,POINT(-97.79055739269792 30.636998578561062),50,,Grasses
104,14901,804478069,-97.79055739269792,30.637088409839492,jbspiritous@gmail.com,false,2026-02-27 22:24,141.2 secs,CEO: Mapbox Satellite w/ Labels,,POINT(-97.79055739269792 30.637088409839492),50,,Barren
104,14902,804478070,-97.79055739269792,30.637178241034547,jbspiritous@gmail.com,false,2026-02-27 22:24,141.2 secs,CEO: Mapbox Satellite w/ Labels,,POINT(-97.79055739269792 30.637178241034547),50,,Grasses
104,14903,804478071,-97.79045298782988,30.636369757276285,jbspiritous@gmail.com,false,2026-02-27 22:24,141.2 secs,CEO: Mapbox Satellite w/ Labels,,POINT(-97.79045298782988 30.636369757276285),50,,Trees
104,14904,804478072,-97.79045298782988,30.636459589138653,jbspiritous@gmail.com,false,2026-02-27 22:24,141.2 secs,CEO: Mapbox Satellite w/ Labels,,POINT(-97.79045298782988 30.636459589138653),50,,Trees
104,14905,804478073,-97.79045298782988,30.63654942091759,jbspiritous@gmail.com,false,2026-02-27 22:24,141.2 secs,CEO: Mapbox Satellite w/ Labels,,POINT(-97.79045298782988 30.63654942091759),50,,Trees
104,14906,804478074,-97.79045298782988,30.636639252613108,jbspiritous@gmail.com,false,2026-02-27 22:24,141.2 secs,CEO: Mapbox Satellite w/ Labels,,POINT(-97.79045298782988 30.636639252613108),50,,Barren
104,14907,804478075,-97.79045298782988,30.636729084225237,jbspiritous@gmail.com,false,2026-02-27 22:24,141.2 secs,CEO: Mapbox Satellite w/ Labels,,POINT(-97.79045298782988 30.636729084225237),50,,Trees
104,14908,804478076,-97.79045298782988,30.636818915753906,jbspiritous@gmail.com,false,2026-02-27 22:24,141.2 secs,CEO: Mapbox Satellite w/ Labels,,POINT(-97.79045298782988 30.636818915753906),50,,Trees
104,14909,804478077,-97.79045298782988,30.6369087471992,jbspiritous@gmail.com,false,2026-02-27 22:24,141.2 secs,CEO: Mapbox Satellite w/ Labels,,POINT(-97.79045298782988 30.6369087471992),50,,Trees
104,14910,804478078,-97.79045298782988,30.636998578561062,jbspiritous@gmail.com,false,2026-02-27 22:24,141.2 secs,CEO: Mapbox Satellite w/ Labels,,POINT(-97.79045298782988 30.636998578561062),50,,Grasses
104,14911,804478079,-97.79045298782988,30.637088409839492,jbspiritous@gmail.com,false,2026-02-27 22:24,141.2 secs,CEO: Mapbox Satellite w/ Labels,,POINT(-97.79045298782988 30.637088409839492),50,,Grasses
104,14912,804478080,-97.79045298782988,30.637178241034547,jbspiritous@gmail.com,false,2026-02-27 22:24,141.2 secs,CEO: Mapbox Satellite w/ Labels,,POINT(-97.79045298782988 30.637178241034547),50,,Grasses
104,14913,804478081,-97.79034858296184,30.636369757276285,jbspiritous@gmail.com,false,2026-02-27 22:24,141.2 secs,CEO: Mapbox Satellite w/ Labels,,POINT(-97.79034858296184 30.636369757276285),50,,Trees
104,14914,804478082,-97.79034858296184,30.636459589138653,jbspiritous@gmail.com,false,2026-02-27 22:24,141.2 secs,CEO: Mapbox Satellite w/ Labels,,POINT(-97.79034858296184 30.636459589138653),50,,Trees
104,14915,804478083,-97.79034858296184,30.63654942091759,jbspiritous@gmail.com,false,2026-02-27 22:24,141.2 secs,CEO: Mapbox Satellite w/ Labels,,POINT(-97.79034858296184 30.63654942091759),50,,Trees
104,14916,804478084,-97.79034858296184,30.636639252613108,jbspiritous@gmail.com,false,2026-02-27 22:24,141.2 secs,CEO: Mapbox Satellite w/ Labels,,POINT(-97.79034858296184 30.636639252613108),50,,Trees
104,14917,804478085,-97.79034858296184,30.636729084225237,jbspiritous@gmail.com,false,2026-02-27 22:24,141.2 secs,CEO: Mapbox Satellite w/ Labels,,POINT(-97.79034858296184 30.636729084225237),50,,Built-up
104,14918,804478086,-97.79034858296184,30.636818915753906,jbspiritous@gmail.com,false,2026-02-27 22:24,141.2 secs,CEO: Mapbox Satellite w/ Labels,,POINT(-97.79034858296184 30.636818915753906),50,,Trees
104,14919,804478087,-97.79034858296184,30.6369087471992,jbspiritous@gmail.com,false,2026-02-27 22:24,141.2 secs,CEO: Mapbox Satellite w/ Labels,,POINT(-97.79034858296184 30.6369087471992),50,,Trees
104,14920,804478088,-97.79034858296184,30.636998578561062,jbspiritous@gmail.com,false,2026-02-27 22:24,141.2 secs,CEO: Mapbox Satellite w/ Labels,,POINT(-97.79034858296184 30.636998578561062),50,,Grasses
104,14921,804478089,-97.79034858296184,30.637088409839492,jbspiritous@gmail.com,false,2026-02-27 22:24,141.2 secs,CEO: Mapbox Satellite w/ Labels,,POINT(-97.79034858296184 30.637088409839492),50,,Grasses
104,14922,804478090,-97.79034858296184,30.637178241034547,jbspiritous@gmail.com,false,2026-02-27 22:24,141.2 secs,CEO: Mapbox Satellite w/ Labels,,POINT(-97.79034858296184 30.637178241034547),50,,Grasses
104,14923,804478091,-97.7902441780938,30.636369757276285,jbspiritous@gmail.com,false,2026-02-27 22:24,141.2 secs,CEO: Mapbox Satellite w/ Labels,,POINT(-97.7902441780938 30.636369757276285),50,,Trees
104,14924,804478092,-97.7902441780938,30.636459589138653,jbspiritous@gmail.com,false,2026-02-27 22:24,141.2 secs,CEO: Mapbox Satellite w/ Labels,,POINT(-97.7902441780938 30.636459589138653),50,,Trees
104,14925,804478093,-97.7902441780938,30.63654942091759,jbspiritous@gmail.com,false,2026-02-27 22:24,141.2 secs,CEO: Mapbox Satellite w/ Labels,,POINT(-97.7902441780938 30.63654942091759),50,,Barren
104,14926,804478094,-97.7902441780938,30.636639252613108,jbspiritous@gmail.com,false,2026-02-27 22:24,141.2 secs,CEO: Mapbox Satellite w/ Labels,,POINT(-97.7902441780938 30.636639252613108),50,,Trees
104,14927,804478095,-97.7902441780938,30.636729084225237,jbspiritous@gmail.com,false,2026-02-27 22:24,141.2 secs,CEO: Mapbox Satellite w/ Labels,,POINT(-97.7902441780938 30.636729084225237),50,,Built-up
104,14928,804478096,-97.7902441780938,30.636818915753906,jbspiritous@gmail.com,false,2026-02-27 22:24,141.2 secs,CEO: Mapbox Satellite w/ Labels,,POINT(-97.7902441780938 30.636818915753906),50,,Trees
104,14929,804478097,-97.7902441780938,30.6369087471992,jbspiritous@gmail.com,false,2026-02-27 22:24,141.2 secs,CEO: Mapbox Satellite w/ Labels,,POINT(-97.7902441780938 30.6369087471992),50,,Trees
104,14930,804478098,-97.7902441780938,30.636998578561062,jbspiritous@gmail.com,false,2026-02-27 22:24,141.2 secs,CEO: Mapbox Satellite w/ Labels,,POINT(-97.7902441780938 30.636998578561062),50,,Grasses
104,14931,804478099,-97.7902441780938,30.637088409839492,jbspiritous@gmail.com,false,2026-02-27 22:24,141.2 secs,CEO: Mapbox Satellite w/ Labels,,POINT(-97.7902441780938 30.637088409839492),50,,Grasses
104,14932,804478100,-97.7902441780938,30.637178241034547,jbspiritous@gmail.com,false,2026-02-27 22:24,141.2 secs,CEO: Mapbox Satellite w/ Labels,,POINT(-97.7902441780938 30.637178241034547),50,,Grasses
105,14977,804478101,-97.79118384374848,30.640866757276143,jbspiritous@gmail.com,false,2026-02-27 22:27,134.3 secs,CEO: Mapbox Satellite w/ Labels,,POINT(-97.79118384374848 30.640866757276143),50,,Built-up structures
105,14978,804478102,-97.79118384374848,30.64095658913857,jbspiritous@gmail.com,false,2026-02-27 22:27,134.3 secs,CEO: Mapbox Satellite w/ Labels,,POINT(-97.79118384374848 30.64095658913857),50,,Built-up structures
105,14979,804478103,-97.79118384374848,30.641046420917547,jbspiritous@gmail.com,false,2026-02-27 22:27,134.3 secs,CEO: Mapbox Satellite w/ Labels,,POINT(-97.79118384374848 30.641046420917547),50,,Built-up structures
105,14980,804478104,-97.79118384374848,30.64113625261311,jbspiritous@gmail.com,false,2026-02-27 22:27,134.3 secs,CEO: Mapbox Satellite w/ Labels,,POINT(-97.79118384374848 30.64113625261311),50,,Trees
105,14981,804478105,-97.79118384374848,30.641226084225224,jbspiritous@gmail.com,false,2026-02-27 22:27,134.3 secs,CEO: Mapbox Satellite w/ Labels,,POINT(-97.79118384374848 30.641226084225224),50,,Trees
105,14982,804478106,-97.79118384374848,30.641315915753907,jbspiritous@gmail.com,false,2026-02-27 22:27,134.3 secs,CEO: Mapbox Satellite w/ Labels,,POINT(-97.79118384374848 30.641315915753907),50,,Built-up structures
105,14983,804478107,-97.79118384374848,30.641405747199173,jbspiritous@gmail.com,false,2026-02-27 22:27,134.3 secs,CEO: Mapbox Satellite w/ Labels,,POINT(-97.79118384374848 30.641405747199173),50,,Built-up structures
105,14984,804478108,-97.79118384374848,30.641495578561006,jbspiritous@gmail.com,false,2026-02-27 22:27,134.3 secs,CEO: Mapbox Satellite w/ Labels,,POINT(-97.79118384374848 30.641495578561006),50,,Built-up structures
105,14985,804478109,-97.79118384374848,30.641585409839422,jbspiritous@gmail.com,false,2026-02-27 22:27,134.3 secs,CEO: Mapbox Satellite w/ Labels,,POINT(-97.79118384374848 30.641585409839422),50,,Built-up structures
105,14986,804478110,-97.79118384374848,30.641675241034378,jbspiritous@gmail.com,false,2026-02-27 22:27,134.3 secs,CEO: Mapbox Satellite w/ Labels,,POINT(-97.79118384374848 30.641675241034378),50,,Trees
105,14987,804478111,-97.79107943402661,30.640866757276143,jbspiritous@gmail.com,false,2026-02-27 22:27,134.3 secs,CEO: Mapbox Satellite w/ Labels,,POINT(-97.79107943402661 30.640866757276143),50,,Built-up structures
105,14988,804478112,-97.79107943402661,30.64095658913857,jbspiritous@gmail.com,false,2026-02-27 22:27,134.3 secs,CEO: Mapbox Satellite w/ Labels,,POINT(-97.79107943402661 30.64095658913857),50,,Built-up structures
105,14989,804478113,-97.79107943402661,30.641046420917547,jbspiritous@gmail.com,false,2026-02-27 22:27,134.3 secs,CEO: Mapbox Satellite w/ Labels,,POINT(-97.79107943402661 30.641046420917547),50,,Built-up structures
105,14990,804478114,-97.79107943402661,30.64113625261311,jbspiritous@gmail.com,false,2026-02-27 22:27,134.3 secs,CEO: Mapbox Satellite w/ Labels,,POINT(-97.79107943402661 30.64113625261311),50,,Trees
105,14991,804478115,-97.79107943402661,30.641226084225224,jbspiritous@gmail.com,false,2026-02-27 22:27,134.3 secs,CEO: Mapbox Satellite w/ Labels,,POINT(-97.79107943402661 30.641226084225224),50,,Trees
105,14992,804478116,-97.79107943402661,30.641315915753907,jbspiritous@gmail.com,false,2026-02-27 22:27,134.3 secs,CEO: Mapbox Satellite w/ Labels,,POINT(-97.79107943402661 30.641315915753907),50,,Built-up structures
105,14993,804478117,-97.79107943402661,30.641405747199173,jbspiritous@gmail.com,false,2026-02-27 22:27,134.3 secs,CEO: Mapbox Satellite w/ Labels,,POINT(-97.79107943402661 30.641405747199173),50,,Built-up structures
105,14994,804478118,-97.79107943402661,30.641495578561006,jbspiritous@gmail.com,false,2026-02-27 22:27,134.3 secs,CEO: Mapbox Satellite w/ Labels,,POINT(-97.79107943402661 30.641495578561006),50,,Built-up structures
105,14995,804478119,-97.79107943402661,30.641585409839422,jbspiritous@gmail.com,false,2026-02-27 22:27,134.3 secs,CEO: Mapbox Satellite w/ Labels,,POINT(-97.79107943402661 30.641585409839422),50,,Built-up structures
105,14996,804478120,-97.79107943402661,30.641675241034378,jbspiritous@gmail.com,false,2026-02-27 22:27,134.3 secs,CEO: Mapbox Satellite w/ Labels,,POINT(-97.79107943402661 30.641675241034378),50,,Trees
105,14997,804478121,-97.79097502430471,30.640866757276143,jbspiritous@gmail.com,false,2026-02-27 22:27,134.3 secs,CEO: Mapbox Satellite w/ Labels,,POINT(-97.79097502430471 30.640866757276143),50,,Built-up structures
105,14998,804478122,-97.79097502430471,30.64095658913857,jbspiritous@gmail.com,false,2026-02-27 22:27,134.3 secs,CEO: Mapbox Satellite w/ Labels,,POINT(-97.79097502430471 30.64095658913857),50,,Built-up structures
105,14999,804478123,-97.79097502430471,30.641046420917547,jbspiritous@gmail.com,false,2026-02-27 22:27,134.3 secs,CEO: Mapbox Satellite w/ Labels,,POINT(-97.79097502430471 30.641046420917547),50,,Built-up structures
105,15000,804478124,-97.79097502430471,30.64113625261311,jbspiritous@gmail.com,false,2026-02-27 22:27,134.3 secs,CEO: Mapbox Satellite w/ Labels,,POINT(-97.79097502430471 30.64113625261311),50,,Trees
105,15001,804478125,-97.79097502430471,30.641226084225224,jbspiritous@gmail.com,false,2026-02-27 22:27,134.3 secs,CEO: Mapbox Satellite w/ Labels,,POINT(-97.79097502430471 30.641226084225224),50,,Trees
105,15002,804478126,-97.79097502430471,30.641315915753907,jbspiritous@gmail.com,false,2026-02-27 22:27,134.3 secs,CEO: Mapbox Satellite w/ Labels,,POINT(-97.79097502430471 30.641315915753907),50,,Built-up structures
105,15003,804478127,-97.79097502430471,30.641405747199173,jbspiritous@gmail.com,false,2026-02-27 22:27,134.3 secs,CEO: Mapbox Satellite w/ Labels,,POINT(-97.79097502430471 30.641405747199173),50,,Built-up structures
105,15004,804478128,-97.79097502430471,30.641495578561006,jbspiritous@gmail.com,false,2026-02-27 22:27,134.3 secs,CEO: Mapbox Satellite w/ Labels,,POINT(-97.79097502430471 30.641495578561006),50,,Built-up structures
105,15005,804478129,-97.79097502430471,30.641585409839422,jbspiritous@gmail.com,false,2026-02-27 22:27,134.3 secs,CEO: Mapbox Satellite w/ Labels,,POINT(-97.79097502430471 30.641585409839422),50,,Trees
105,15006,804478130,-97.79097502430471,30.641675241034378,jbspiritous@gmail.com,false,2026-02-27 22:27,134.3 secs,CEO: Mapbox Satellite w/ Labels,,POINT(-97.79097502430471 30.641675241034378),50,,Trees
105,15007,804478131,-97.79087061458283,30.640866757276143,jbspiritous@gmail.com,false,2026-02-27 22:27,134.3 secs,CEO: Mapbox Satellite w/ Labels,,POINT(-97.79087061458283 30.640866757276143),50,,Built-up structures
105,15008,804478132,-97.79087061458283,30.64095658913857,jbspiritous@gmail.com,false,2026-02-27 22:27,134.3 secs,CEO: Mapbox Satellite w/ Labels,,POINT(-97.79087061458283 30.64095658913857),50,,Built-up structures
105,15009,804478133,-97.79087061458283,30.641046420917547,jbspiritous@gmail.com,false,2026-02-27 22:27,134.3 secs,CEO: Mapbox Satellite w/ Labels,,POINT(-97.79087061458283 30.641046420917547),50,,Built-up structures
105,15010,804478134,-97.79087061458283,30.64113625261311,jbspiritous@gmail.com,false,2026-02-27 22:27,134.3 secs,CEO: Mapbox Satellite w/ Labels,,POINT(-97.79087061458283 30.64113625261311),50,,Trees
105,15011,804478135,-97.79087061458283,30.641226084225224,jbspiritous@gmail.com,false,2026-02-27 22:27,134.3 secs,CEO: Mapbox Satellite w/ Labels,,POINT(-97.79087061458283 30.641226084225224),50,,Trees
105,15012,804478136,-97.79087061458283,30.641315915753907,jbspiritous@gmail.com,false,2026-02-27 22:27,134.3 secs,CEO: Mapbox Satellite w/ Labels,,POINT(-97.79087061458283 30.641315915753907),50,,Built-up structures
105,15013,804478137,-97.79087061458283,30.641405747199173,jbspiritous@gmail.com,false,2026-02-27 22:27,134.3 secs,CEO: Mapbox Satellite w/ Labels,,POINT(-97.79087061458283 30.641405747199173),50,,Built-up structures
105,15014,804478138,-97.79087061458283,30.641495578561006,jbspiritous@gmail.com,false,2026-02-27 22:27,134.3 secs,CEO: Mapbox Satellite w/ Labels,,POINT(-97.79087061458283 30.641495578561006),50,,Built-up structures
105,15015,804478139,-97.79087061458283,30.641585409839422,jbspiritous@gmail.com,false,2026-02-27 22:27,134.3 secs,CEO: Mapbox Satellite w/ Labels,,POINT(-97.79087061458283 30.641585409839422),50,,Built-up
105,15016,804478140,-97.79087061458283,30.641675241034378,jbspiritous@gmail.com,false,2026-02-27 22:27,134.3 secs,CEO: Mapbox Satellite w/ Labels,,POINT(-97.79087061458283 30.641675241034378),50,,Built-up
105,15017,804478141,-97.79076620486094,30.640866757276143,jbspiritous@gmail.com,false,2026-02-27 22:27,134.3 secs,CEO: Mapbox Satellite w/ Labels,,POINT(-97.79076620486094 30.640866757276143),50,,Built-up structures
105,15018,804478142,-97.79076620486094,30.64095658913857,jbspiritous@gmail.com,false,2026-02-27 22:27,134.3 secs,CEO: Mapbox Satellite w/ Labels,,POINT(-97.79076620486094 30.64095658913857),50,,Built-up structures
105,15019,804478143,-97.79076620486094,30.641046420917547,jbspiritous@gmail.com,false,2026-02-27 22:27,134.3 secs,CEO: Mapbox Satellite w/ Labels,,POINT(-97.79076620486094 30.641046420917547),50,,Built-up structures
105,15020,804478144,-97.79076620486094,30.64113625261311,jbspiritous@gmail.com,false,2026-02-27 22:27,134.3 secs,CEO: Mapbox Satellite w/ Labels,,POINT(-97.79076620486094 30.64113625261311),50,,Grasses
105,15021,804478145,-97.79076620486094,30.641226084225224,jbspiritous@gmail.com,false,2026-02-27 22:27,134.3 secs,CEO: Mapbox Satellite w/ Labels,,POINT(-97.79076620486094 30.641226084225224),50,,Grasses
105,15022,804478146,-97.79076620486094,30.641315915753907,jbspiritous@gmail.com,false,2026-02-27 22:27,134.3 secs,CEO: Mapbox Satellite w/ Labels,,POINT(-97.79076620486094 30.641315915753907),50,,Grasses
105,15023,804478147,-97.79076620486094,30.641405747199173,jbspiritous@gmail.com,false,2026-02-27 22:27,134.3 secs,CEO: Mapbox Satellite w/ Labels,,POINT(-97.79076620486094 30.641405747199173),50,,Grasses
105,15024,804478148,-97.79076620486094,30.641495578561006,jbspiritous@gmail.com,false,2026-02-27 22:27,134.3 secs,CEO: Mapbox Satellite w/ Labels,,POINT(-97.79076620486094 30.641495578561006),50,,Built-up
105,15025,804478149,-97.79076620486094,30.641585409839422,jbspiritous@gmail.com,false,2026-02-27 22:27,134.3 secs,CEO: Mapbox Satellite w/ Labels,,POINT(-97.79076620486094 30.641585409839422),50,,Built-up
105,15026,804478150,-97.79076620486094,30.641675241034378,jbspiritous@gmail.com,false,2026-02-27 22:27,134.3 secs,CEO: Mapbox Satellite w/ Labels,,POINT(-97.79076620486094 30.641675241034378),50,,Built-up
105,15027,804478151,-97.79066179513904,30.640866757276143,jbspiritous@gmail.com,false,2026-02-27 22:27,134.3 secs,CEO: Mapbox Satellite w/ Labels,,POINT(-97.79066179513904 30.640866757276143),50,,Built-up structures
105,15028,804478152,-97.79066179513904,30.64095658913857,jbspiritous@gmail.com,false,2026-02-27 22:27,134.3 secs,CEO: Mapbox Satellite w/ Labels,,POINT(-97.79066179513904 30.64095658913857),50,,Built-up structures
105,15029,804478153,-97.79066179513904,30.641046420917547,jbspiritous@gmail.com,false,2026-02-27 22:27,134.3 secs,CEO: Mapbox Satellite w/ Labels,,POINT(-97.79066179513904 30.641046420917547),50,,Built-up structures
105,15030,804478154,-97.79066179513904,30.64113625261311,jbspiritous@gmail.com,false,2026-02-27 22:27,134.3 secs,CEO: Mapbox Satellite w/ Labels,,POINT(-97.79066179513904 30.64113625261311),50,,Trees
105,15031,804478155,-97.79066179513904,30.641226084225224,jbspiritous@gmail.com,false,2026-02-27 22:27,134.3 secs,CEO: Mapbox Satellite w/ Labels,,POINT(-97.79066179513904 30.641226084225224),50,,Grasses
105,15032,804478156,-97.79066179513904,30.641315915753907,jbspiritous@gmail.com,false,2026-02-27 22:27,134.3 secs,CEO: Mapbox Satellite w/ Labels,,POINT(-97.79066179513904 30.641315915753907),50,,Grasses
105,15033,804478157,-97.79066179513904,30.641405747199173,jbspiritous@gmail.com,false,2026-02-27 22:27,134.3 secs,CEO: Mapbox Satellite w/ Labels,,POINT(-97.79066179513904 30.641405747199173),50,,Grasses
105,15034,804478158,-97.79066179513904,30.641495578561006,jbspiritous@gmail.com,false,2026-02-27 22:27,134.3 secs,CEO: Mapbox Satellite w/ Labels,,POINT(-97.79066179513904 30.641495578561006),50,,Grasses
105,15035,804478159,-97.79066179513904,30.641585409839422,jbspiritous@gmail.com,false,2026-02-27 22:27,134.3 secs,CEO: Mapbox Satellite w/ Labels,,POINT(-97.79066179513904 30.641585409839422),50,,Built-up
105,15036,804478160,-97.79066179513904,30.641675241034378,jbspiritous@gmail.com,false,2026-02-27 22:27,134.3 secs,CEO: Mapbox Satellite w/ Labels,,POINT(-97.79066179513904 30.641675241034378),50,,Built-up
105,15037,804478161,-97.79055738541716,30.640866757276143,jbspiritous@gmail.com,false,2026-02-27 22:27,134.3 secs,CEO: Mapbox Satellite w/ Labels,,POINT(-97.79055738541716 30.640866757276143),50,,Built-up structures
105,15038,804478162,-97.79055738541716,30.64095658913857,jbspiritous@gmail.com,false,2026-02-27 22:27,134.3 secs,CEO: Mapbox Satellite w/ Labels,,POINT(-97.79055738541716 30.64095658913857),50,,Built-up structures
105,15039,804478163,-97.79055738541716,30.641046420917547,jbspiritous@gmail.com,false,2026-02-27 22:27,134.3 secs,CEO: Mapbox Satellite w/ Labels,,POINT(-97.79055738541716 30.641046420917547),50,,Built-up structures
105,15040,804478164,-97.79055738541716,30.64113625261311,jbspiritous@gmail.com,false,2026-02-27 22:27,134.3 secs,CEO: Mapbox Satellite w/ Labels,,POINT(-97.79055738541716 30.64113625261311),50,,Trees
105,15041,804478165,-97.79055738541716,30.641226084225224,jbspiritous@gmail.com,false,2026-02-27 22:27,134.3 secs,CEO: Mapbox Satellite w/ Labels,,POINT(-97.79055738541716 30.641226084225224),50,,Grasses
105,15042,804478166,-97.79055738541716,30.641315915753907,jbspiritous@gmail.com,false,2026-02-27 22:27,134.3 secs,CEO: Mapbox Satellite w/ Labels,,POINT(-97.79055738541716 30.641315915753907),50,,Trees
105,15043,804478167,-97.79055738541716,30.641405747199173,jbspiritous@gmail.com,false,2026-02-27 22:27,134.3 secs,CEO: Mapbox Satellite w/ Labels,,POINT(-97.79055738541716 30.641405747199173),50,,Trees
105,15044,804478168,-97.79055738541716,30.641495578561006,jbspiritous@gmail.com,false,2026-02-27 22:27,134.3 secs,CEO: Mapbox Satellite w/ Labels,,POINT(-97.79055738541716 30.641495578561006),50,,Trees
105,15045,804478169,-97.79055738541716,30.641585409839422,jbspiritous@gmail.com,false,2026-02-27 22:27,134.3 secs,CEO: Mapbox Satellite w/ Labels,,POINT(-97.79055738541716 30.641585409839422),50,,Trees
105,15046,804478170,-97.79055738541716,30.641675241034378,jbspiritous@gmail.com,false,2026-02-27 22:27,134.3 secs,CEO: Mapbox Satellite w/ Labels,,POINT(-97.79055738541716 30.641675241034378),50,,Built-up structures
105,15047,804478171,-97.79045297569527,30.640866757276143,jbspiritous@gmail.com,false,2026-02-27 22:27,134.3 secs,CEO: Mapbox Satellite w/ Labels,,POINT(-97.79045297569527 30.640866757276143),50,,Built-up structures
105,15048,804478172,-97.79045297569527,30.64095658913857,jbspiritous@gmail.com,false,2026-02-27 22:27,134.3 secs,CEO: Mapbox Satellite w/ Labels,,POINT(-97.79045297569527 30.64095658913857),50,,Built-up structures
105,15049,804478173,-97.79045297569527,30.641046420917547,jbspiritous@gmail.com,false,2026-02-27 22:27,134.3 secs,CEO: Mapbox Satellite w/ Labels,,POINT(-97.79045297569527 30.641046420917547),50,,Built-up structures
105,15050,804478174,-97.79045297569527,30.64113625261311,jbspiritous@gmail.com,false,2026-02-27 22:27,134.3 secs,CEO: Mapbox Satellite w/ Labels,,POINT(-97.79045297569527 30.64113625261311),50,,Grasses
105,15051,804478175,-97.79045297569527,30.641226084225224,jbspiritous@gmail.com,false,2026-02-27 22:27,134.3 secs,CEO: Mapbox Satellite w/ Labels,,POINT(-97.79045297569527 30.641226084225224),50,,Trees
105,15052,804478176,-97.79045297569527,30.641315915753907,jbspiritous@gmail.com,false,2026-02-27 22:27,134.3 secs,CEO: Mapbox Satellite w/ Labels,,POINT(-97.79045297569527 30.641315915753907),50,,Trees
105,15053,804478177,-97.79045297569527,30.641405747199173,jbspiritous@gmail.com,false,2026-02-27 22:27,134.3 secs,CEO: Mapbox Satellite w/ Labels,,POINT(-97.79045297569527 30.641405747199173),50,,Trees
105,15054,804478178,-97.79045297569527,30.641495578561006,jbspiritous@gmail.com,false,2026-02-27 22:27,134.3 secs,CEO: Mapbox Satellite w/ Labels,,POINT(-97.79045297569527 30.641495578561006),50,,Trees
105,15055,804478179,-97.79045297569527,30.641585409839422,jbspiritous@gmail.com,false,2026-02-27 22:27,134.3 secs,CEO: Mapbox Satellite w/ Labels,,POINT(-97.79045297569527 30.641585409839422),50,,Trees
105,15056,804478180,-97.79045297569527,30.641675241034378,jbspiritous@gmail.com,false,2026-02-27 22:27,134.3 secs,CEO: Mapbox Satellite w/ Labels,,POINT(-97.79045297569527 30.641675241034378),50,,Built-up structures
105,15057,804478181,-97.79034856597337,30.640866757276143,jbspiritous@gmail.com,false,2026-02-27 22:27,134.3 secs,CEO: Mapbox Satellite w/ Labels,,POINT(-97.79034856597337 30.640866757276143),50,,Built-up structures
105,15058,804478182,-97.79034856597337,30.64095658913857,jbspiritous@gmail.com,false,2026-02-27 22:27,134.3 secs,CEO: Mapbox Satellite w/ Labels,,POINT(-97.79034856597337 30.64095658913857),50,,Built-up structures
105,15059,804478183,-97.79034856597337,30.641046420917547,jbspiritous@gmail.com,false,2026-02-27 22:27,134.3 secs,CEO: Mapbox Satellite w/ Labels,,POINT(-97.79034856597337 30.641046420917547),50,,Built-up structures
105,15060,804478184,-97.79034856597337,30.64113625261311,jbspiritous@gmail.com,false,2026-02-27 22:27,134.3 secs,CEO: Mapbox Satellite w/ Labels,,POINT(-97.79034856597337 30.64113625261311),50,,Trees
105,15061,804478185,-97.79034856597337,30.641226084225224,jbspiritous@gmail.com,false,2026-02-27 22:27,134.3 secs,CEO: Mapbox Satellite w/ Labels,,POINT(-97.79034856597337 30.641226084225224),50,,Trees
105,15062,804478186,-97.79034856597337,30.641315915753907,jbspiritous@gmail.com,false,2026-02-27 22:27,134.3 secs,CEO: Mapbox Satellite w/ Labels,,POINT(-97.79034856597337 30.641315915753907),50,,Trees
105,15063,804478187,-97.79034856597337,30.641405747199173,jbspiritous@gmail.com,false,2026-02-27 22:27,134.3 secs,CEO: Mapbox Satellite w/ Labels,,POINT(-97.79034856597337 30.641405747199173),50,,Grasses
105,15064,804478188,-97.79034856597337,30.641495578561006,jbspiritous@gmail.com,false,2026-02-27 22:27,134.3 secs,CEO: Mapbox Satellite w/ Labels,,POINT(-97.79034856597337 30.641495578561006),50,,Built-up structures
105,15065,804478189,-97.79034856597337,30.641585409839422,jbspiritous@gmail.com,false,2026-02-27 22:27,134.3 secs,CEO: Mapbox Satellite w/ Labels,,POINT(-97.79034856597337 30.641585409839422),50,,Trees
105,15066,804478190,-97.79034856597337,30.641675241034378,jbspiritous@gmail.com,false,2026-02-27 22:27,134.3 secs,CEO: Mapbox Satellite w/ Labels,,POINT(-97.79034856597337 30.641675241034378),50,,Trees
105,15067,804478191,-97.7902441562515,30.640866757276143,jbspiritous@gmail.com,false,2026-02-27 22:27,134.3 secs,CEO: Mapbox Satellite w/ Labels,,POINT(-97.7902441562515 30.640866757276143),50,,Built-up structures
105,15068,804478192,-97.7902441562515,30.64095658913857,jbspiritous@gmail.com,false,2026-02-27 22:27,134.3 secs,CEO: Mapbox Satellite w/ Labels,,POINT(-97.7902441562515 30.64095658913857),50,,Built-up structures
105,15069,804478193,-97.7902441562515,30.641046420917547,jbspiritous@gmail.com,false,2026-02-27 22:27,134.3 secs,CEO: Mapbox Satellite w/ Labels,,POINT(-97.7902441562515 30.641046420917547),50,,Built-up structures
105,15070,804478194,-97.7902441562515,30.64113625261311,jbspiritous@gmail.com,false,2026-02-27 22:27,134.3 secs,CEO: Mapbox Satellite w/ Labels,,POINT(-97.7902441562515 30.64113625261311),50,,Grasses
105,15071,804478195,-97.7902441562515,30.641226084225224,jbspiritous@gmail.com,false,2026-02-27 22:27,134.3 secs,CEO: Mapbox Satellite w/ Labels,,POINT(-97.7902441562515 30.641226084225224),50,,Grasses
105,15072,804478196,-97.7902441562515,30.641315915753907,jbspiritous@gmail.com,false,2026-02-27 22:27,134.3 secs,CEO: Mapbox Satellite w/ Labels,,POINT(-97.7902441562515 30.641315915753907),50,,Grasses
105,15073,804478197,-97.7902441562515,30.641405747199173,jbspiritous@gmail.com,false,2026-02-27 22:27,134.3 secs,CEO: Mapbox Satellite w/ Labels,,POINT(-97.7902441562515 30.641405747199173),50,,Grasses
105,15074,804478198,-97.7902441562515,30.641495578561006,jbspiritous@gmail.com,false,2026-02-27 22:27,134.3 secs,CEO: Mapbox Satellite w/ Labels,,POINT(-97.7902441562515 30.641495578561006),50,,Built-up structures
105,15075,804478199,-97.7902441562515,30.641585409839422,jbspiritous@gmail.com,false,2026-02-27 22:27,134.3 secs,CEO: Mapbox Satellite w/ Labels,,POINT(-97.7902441562515 30.641585409839422),50,,Built-up structures
105,15076,804478200,-97.7902441562515,30.641675241034378,jbspiritous@gmail.com,false,2026-02-27 22:27,134.3 secs,CEO: Mapbox Satellite w/ Labels,,POINT(-97.7902441562515 30.641675241034378),50,,Built-up structures
106,15121,804478201,-97.79118386559087,30.645362757276004,jbspiritous@gmail.com,false,2026-02-27 22:29,126.5 secs,CEO: Mapbox Satellite w/ Labels,,POINT(-97.79118386559087 30.645362757276004),50,,Grasses
106,15122,804478202,-97.79118386559087,30.645452589138472,jbspiritous@gmail.com,false,2026-02-27 22:29,126.5 secs,CEO: Mapbox Satellite w/ Labels,,POINT(-97.79118386559087 30.645452589138472),50,,Grasses
106,15123,804478203,-97.79118386559087,30.645542420917522,jbspiritous@gmail.com,false,2026-02-27 22:29,126.5 secs,CEO: Mapbox Satellite w/ Labels,,POINT(-97.79118386559087 30.645542420917522),50,,Grasses
106,15124,804478204,-97.79118386559087,30.645632252613083,jbspiritous@gmail.com,false,2026-02-27 22:29,126.5 secs,CEO: Mapbox Satellite w/ Labels,,POINT(-97.79118386559087 30.645632252613083),50,,Grasses
106,15125,804478205,-97.79118386559087,30.645722084225213,jbspiritous@gmail.com,false,2026-02-27 22:29,126.5 secs,CEO: Mapbox Satellite w/ Labels,,POINT(-97.79118386559087 30.645722084225213),50,,Grasses
106,15126,804478206,-97.79118386559087,30.645811915753924,jbspiritous@gmail.com,false,2026-02-27 22:29,126.5 secs,CEO: Mapbox Satellite w/ Labels,,POINT(-97.79118386559087 30.645811915753924),50,,Grasses
106,15127,804478207,-97.79118386559087,30.64590174719919,jbspiritous@gmail.com,false,2026-02-27 22:29,126.5 secs,CEO: Mapbox Satellite w/ Labels,,POINT(-97.79118386559087 30.64590174719919),50,,Barren
106,15128,804478208,-97.79118386559087,30.645991578560967,jbspiritous@gmail.com,false,2026-02-27 22:29,126.5 secs,CEO: Mapbox Satellite w/ Labels,,POINT(-97.79118386559087 30.645991578560967),50,,Barren
106,15129,804478209,-97.79118386559087,30.64608140983934,jbspiritous@gmail.com,false,2026-02-27 22:29,126.5 secs,CEO: Mapbox Satellite w/ Labels,,POINT(-97.79118386559087 30.64608140983934),50,,Grasses
106,15130,804478210,-97.79118386559087,30.64617124103424,jbspiritous@gmail.com,false,2026-02-27 22:29,126.5 secs,CEO: Mapbox Satellite w/ Labels,,POINT(-97.79118386559087 30.64617124103424),50,,Grasses
106,15131,804478211,-97.79107945101512,30.645362757276004,jbspiritous@gmail.com,false,2026-02-27 22:29,126.5 secs,CEO: Mapbox Satellite w/ Labels,,POINT(-97.79107945101512 30.645362757276004),50,,Trees
106,15132,804478212,-97.79107945101512,30.645452589138472,jbspiritous@gmail.com,false,2026-02-27 22:29,126.5 secs,CEO: Mapbox Satellite w/ Labels,,POINT(-97.79107945101512 30.645452589138472),50,,Trees
106,15133,804478213,-97.79107945101512,30.645542420917522,jbspiritous@gmail.com,false,2026-02-27 22:29,126.5 secs,CEO: Mapbox Satellite w/ Labels,,POINT(-97.79107945101512 30.645542420917522),50,,Trees
106,15134,804478214,-97.79107945101512,30.645632252613083,jbspiritous@gmail.com,false,2026-02-27 22:29,126.5 secs,CEO: Mapbox Satellite w/ Labels,,POINT(-97.79107945101512 30.645632252613083),50,,Trees
106,15135,804478215,-97.79107945101512,30.645722084225213,jbspiritous@gmail.com,false,2026-02-27 22:29,126.5 secs,CEO: Mapbox Satellite w/ Labels,,POINT(-97.79107945101512 30.645722084225213),50,,Trees
106,15136,804478216,-97.79107945101512,30.645811915753924,jbspiritous@gmail.com,false,2026-02-27 22:29,126.5 secs,CEO: Mapbox Satellite w/ Labels,,POINT(-97.79107945101512 30.645811915753924),50,,Trees
106,15137,804478217,-97.79107945101512,30.64590174719919,jbspiritous@gmail.com,false,2026-02-27 22:29,126.5 secs,CEO: Mapbox Satellite w/ Labels,,POINT(-97.79107945101512 30.64590174719919),50,,Trees
106,15138,804478218,-97.79107945101512,30.645991578560967,jbspiritous@gmail.com,false,2026-02-27 22:29,126.5 secs,CEO: Mapbox Satellite w/ Labels,,POINT(-97.79107945101512 30.645991578560967),50,,Trees
106,15139,804478219,-97.79107945101512,30.64608140983934,jbspiritous@gmail.com,false,2026-02-27 22:29,126.5 secs,CEO: Mapbox Satellite w/ Labels,,POINT(-97.79107945101512 30.64608140983934),50,,Grasses
106,15140,804478220,-97.79107945101512,30.64617124103424,jbspiritous@gmail.com,false,2026-02-27 22:29,126.5 secs,CEO: Mapbox Satellite w/ Labels,,POINT(-97.79107945101512 30.64617124103424),50,,Grasses
106,15141,804478221,-97.79097503643936,30.645362757276004,jbspiritous@gmail.com,false,2026-02-27 22:29,126.5 secs,CEO: Mapbox Satellite w/ Labels,,POINT(-97.79097503643936 30.645362757276004),50,,Trees
106,15142,804478222,-97.79097503643936,30.645452589138472,jbspiritous@gmail.com,false,2026-02-27 22:29,126.5 secs,CEO: Mapbox Satellite w/ Labels,,POINT(-97.79097503643936 30.645452589138472),50,,Trees
106,15143,804478223,-97.79097503643936,30.645542420917522,jbspiritous@gmail.com,false,2026-02-27 22:29,126.5 secs,CEO: Mapbox Satellite w/ Labels,,POINT(-97.79097503643936 30.645542420917522),50,,Trees
106,15144,804478224,-97.79097503643936,30.645632252613083,jbspiritous@gmail.com,false,2026-02-27 22:29,126.5 secs,CEO: Mapbox Satellite w/ Labels,,POINT(-97.79097503643936 30.645632252613083),50,,Trees
106,15145,804478225,-97.79097503643936,30.645722084225213,jbspiritous@gmail.com,false,2026-02-27 22:29,126.5 secs,CEO: Mapbox Satellite w/ Labels,,POINT(-97.79097503643936 30.645722084225213),50,,Trees
106,15146,804478226,-97.79097503643936,30.645811915753924,jbspiritous@gmail.com,false,2026-02-27 22:29,126.5 secs,CEO: Mapbox Satellite w/ Labels,,POINT(-97.79097503643936 30.645811915753924),50,,Trees
106,15147,804478227,-97.79097503643936,30.64590174719919,jbspiritous@gmail.com,false,2026-02-27 22:29,126.5 secs,CEO: Mapbox Satellite w/ Labels,,POINT(-97.79097503643936 30.64590174719919),50,,Trees
106,15148,804478228,-97.79097503643936,30.645991578560967,jbspiritous@gmail.com,false,2026-02-27 22:29,126.5 secs,CEO: Mapbox Satellite w/ Labels,,POINT(-97.79097503643936 30.645991578560967),50,,Trees
106,15149,804478229,-97.79097503643936,30.64608140983934,jbspiritous@gmail.com,false,2026-02-27 22:29,126.5 secs,CEO: Mapbox Satellite w/ Labels,,POINT(-97.79097503643936 30.64608140983934),50,,Trees
106,15150,804478230,-97.79097503643936,30.64617124103424,jbspiritous@gmail.com,false,2026-02-27 22:29,126.5 secs,CEO: Mapbox Satellite w/ Labels,,POINT(-97.79097503643936 30.64617124103424),50,,Trees
106,15151,804478231,-97.79087062186362,30.645362757276004,jbspiritous@gmail.com,false,2026-02-27 22:29,126.5 secs,CEO: Mapbox Satellite w/ Labels,,POINT(-97.79087062186362 30.645362757276004),50,,Trees
106,15152,804478232,-97.79087062186362,30.645452589138472,jbspiritous@gmail.com,false,2026-02-27 22:29,126.5 secs,CEO: Mapbox Satellite w/ Labels,,POINT(-97.79087062186362 30.645452589138472),50,,Trees
106,15153,804478233,-97.79087062186362,30.645542420917522,jbspiritous@gmail.com,false,2026-02-27 22:29,126.5 secs,CEO: Mapbox Satellite w/ Labels,,POINT(-97.79087062186362 30.645542420917522),50,,Trees
106,15154,804478234,-97.79087062186362,30.645632252613083,jbspiritous@gmail.com,false,2026-02-27 22:29,126.5 secs,CEO: Mapbox Satellite w/ Labels,,POINT(-97.79087062186362 30.645632252613083),50,,Trees
106,15155,804478235,-97.79087062186362,30.645722084225213,jbspiritous@gmail.com,false,2026-02-27 22:29,126.5 secs,CEO: Mapbox Satellite w/ Labels,,POINT(-97.79087062186362 30.645722084225213),50,,Trees
106,15156,804478236,-97.79087062186362,30.645811915753924,jbspiritous@gmail.com,false,2026-02-27 22:29,126.5 secs,CEO: Mapbox Satellite w/ Labels,,POINT(-97.79087062186362 30.645811915753924),50,,Trees
106,15157,804478237,-97.79087062186362,30.64590174719919,jbspiritous@gmail.com,false,2026-02-27 22:29,126.5 secs,CEO: Mapbox Satellite w/ Labels,,POINT(-97.79087062186362 30.64590174719919),50,,Trees
106,15158,804478238,-97.79087062186362,30.645991578560967,jbspiritous@gmail.com,false,2026-02-27 22:29,126.5 secs,CEO: Mapbox Satellite w/ Labels,,POINT(-97.79087062186362 30.645991578560967),50,,Trees
106,15159,804478239,-97.79087062186362,30.64608140983934,jbspiritous@gmail.com,false,2026-02-27 22:29,126.5 secs,CEO: Mapbox Satellite w/ Labels,,POINT(-97.79087062186362 30.64608140983934),50,,Trees
106,15160,804478240,-97.79087062186362,30.64617124103424,jbspiritous@gmail.com,false,2026-02-27 22:29,126.5 secs,CEO: Mapbox Satellite w/ Labels,,POINT(-97.79087062186362 30.64617124103424),50,,Trees
106,15161,804478241,-97.79076620728786,30.645362757276004,jbspiritous@gmail.com,false,2026-02-27 22:29,126.5 secs,CEO: Mapbox Satellite w/ Labels,,POINT(-97.79076620728786 30.645362757276004),50,,Trees
106,15162,804478242,-97.79076620728786,30.645452589138472,jbspiritous@gmail.com,false,2026-02-27 22:29,126.5 secs,CEO: Mapbox Satellite w/ Labels,,POINT(-97.79076620728786 30.645452589138472),50,,Trees
106,15163,804478243,-97.79076620728786,30.645542420917522,jbspiritous@gmail.com,false,2026-02-27 22:29,126.5 secs,CEO: Mapbox Satellite w/ Labels,,POINT(-97.79076620728786 30.645542420917522),50,,Trees
106,15164,804478244,-97.79076620728786,30.645632252613083,jbspiritous@gmail.com,false,2026-02-27 22:29,126.5 secs,CEO: Mapbox Satellite w/ Labels,,POINT(-97.79076620728786 30.645632252613083),50,,Trees
106,15165,804478245,-97.79076620728786,30.645722084225213,jbspiritous@gmail.com,false,2026-02-27 22:29,126.5 secs,CEO: Mapbox Satellite w/ Labels,,POINT(-97.79076620728786 30.645722084225213),50,,Trees
106,15166,804478246,-97.79076620728786,30.645811915753924,jbspiritous@gmail.com,false,2026-02-27 22:29,126.5 secs,CEO: Mapbox Satellite w/ Labels,,POINT(-97.79076620728786 30.645811915753924),50,,Trees
106,15167,804478247,-97.79076620728786,30.64590174719919,jbspiritous@gmail.com,false,2026-02-27 22:29,126.5 secs,CEO: Mapbox Satellite w/ Labels,,POINT(-97.79076620728786 30.64590174719919),50,,Trees
106,15168,804478248,-97.79076620728786,30.645991578560967,jbspiritous@gmail.com,false,2026-02-27 22:29,126.5 secs,CEO: Mapbox Satellite w/ Labels,,POINT(-97.79076620728786 30.645991578560967),50,,Trees
106,15169,804478249,-97.79076620728786,30.64608140983934,jbspiritous@gmail.com,false,2026-02-27 22:29,126.5 secs,CEO: Mapbox Satellite w/ Labels,,POINT(-97.79076620728786 30.64608140983934),50,,Trees
106,15170,804478250,-97.79076620728786,30.64617124103424,jbspiritous@gmail.com,false,2026-02-27 22:29,126.5 secs,CEO: Mapbox Satellite w/ Labels,,POINT(-97.79076620728786 30.64617124103424),50,,Trees
106,15171,804478251,-97.79066179271213,30.645362757276004,jbspiritous@gmail.com,false,2026-02-27 22:29,126.5 secs,CEO: Mapbox Satellite w/ Labels,,POINT(-97.79066179271213 30.645362757276004),50,,Trees
106,15172,804478252,-97.79066179271213,30.645452589138472,jbspiritous@gmail.com,false,2026-02-27 22:29,126.5 secs,CEO: Mapbox Satellite w/ Labels,,POINT(-97.79066179271213 30.645452589138472),50,,Trees
106,15173,804478253,-97.79066179271213,30.645542420917522,jbspiritous@gmail.com,false,2026-02-27 22:29,126.5 secs,CEO: Mapbox Satellite w/ Labels,,POINT(-97.79066179271213 30.645542420917522),50,,Trees
106,15174,804478254,-97.79066179271213,30.645632252613083,jbspiritous@gmail.com,false,2026-02-27 22:29,126.5 secs,CEO: Mapbox Satellite w/ Labels,,POINT(-97.79066179271213 30.645632252613083),50,,Trees
106,15175,804478255,-97.79066179271213,30.645722084225213,jbspiritous@gmail.com,false,2026-02-27 22:29,126.5 secs,CEO: Mapbox Satellite w/ Labels,,POINT(-97.79066179271213 30.645722084225213),50,,Trees
106,15176,804478256,-97.79066179271213,30.645811915753924,jbspiritous@gmail.com,false,2026-02-27 22:29,126.5 secs,CEO: Mapbox Satellite w/ Labels,,POINT(-97.79066179271213 30.645811915753924),50,,Trees
106,15177,804478257,-97.79066179271213,30.64590174719919,jbspiritous@gmail.com,false,2026-02-27 22:29,126.5 secs,CEO: Mapbox Satellite w/ Labels,,POINT(-97.79066179271213 30.64590174719919),50,,Trees
106,15178,804478258,-97.79066179271213,30.645991578560967,jbspiritous@gmail.com,false,2026-02-27 22:29,126.5 secs,CEO: Mapbox Satellite w/ Labels,,POINT(-97.79066179271213 30.645991578560967),50,,Trees
106,15179,804478259,-97.79066179271213,30.64608140983934,jbspiritous@gmail.com,false,2026-02-27 22:29,126.5 secs,CEO: Mapbox Satellite w/ Labels,,POINT(-97.79066179271213 30.64608140983934),50,,Trees
106,15180,804478260,-97.79066179271213,30.64617124103424,jbspiritous@gmail.com,false,2026-02-27 22:29,126.5 secs,CEO: Mapbox Satellite w/ Labels,,POINT(-97.79066179271213 30.64617124103424),50,,Trees
106,15181,804478261,-97.79055737813637,30.645362757276004,jbspiritous@gmail.com,false,2026-02-27 22:29,126.5 secs,CEO: Mapbox Satellite w/ Labels,,POINT(-97.79055737813637 30.645362757276004),50,,Trees
106,15182,804478262,-97.79055737813637,30.645452589138472,jbspiritous@gmail.com,false,2026-02-27 22:29,126.5 secs,CEO: Mapbox Satellite w/ Labels,,POINT(-97.79055737813637 30.645452589138472),50,,Grasses
106,15183,804478263,-97.79055737813637,30.645542420917522,jbspiritous@gmail.com,false,2026-02-27 22:29,126.5 secs,CEO: Mapbox Satellite w/ Labels,,POINT(-97.79055737813637 30.645542420917522),50,,Grasses
106,15184,804478264,-97.79055737813637,30.645632252613083,jbspiritous@gmail.com,false,2026-02-27 22:29,126.5 secs,CEO: Mapbox Satellite w/ Labels,,POINT(-97.79055737813637 30.645632252613083),50,,Trees
106,15185,804478265,-97.79055737813637,30.645722084225213,jbspiritous@gmail.com,false,2026-02-27 22:29,126.5 secs,CEO: Mapbox Satellite w/ Labels,,POINT(-97.79055737813637 30.645722084225213),50,,Trees
106,15186,804478266,-97.79055737813637,30.645811915753924,jbspiritous@gmail.com,false,2026-02-27 22:29,126.5 secs,CEO: Mapbox Satellite w/ Labels,,POINT(-97.79055737813637 30.645811915753924),50,,Trees
106,15187,804478267,-97.79055737813637,30.64590174719919,jbspiritous@gmail.com,false,2026-02-27 22:29,126.5 secs,CEO: Mapbox Satellite w/ Labels,,POINT(-97.79055737813637 30.64590174719919),50,,Trees
106,15188,804478268,-97.79055737813637,30.645991578560967,jbspiritous@gmail.com,false,2026-02-27 22:29,126.5 secs,CEO: Mapbox Satellite w/ Labels,,POINT(-97.79055737813637 30.645991578560967),50,,Trees
106,15189,804478269,-97.79055737813637,30.64608140983934,jbspiritous@gmail.com,false,2026-02-27 22:29,126.5 secs,CEO: Mapbox Satellite w/ Labels,,POINT(-97.79055737813637 30.64608140983934),50,,Trees
106,15190,804478270,-97.79055737813637,30.64617124103424,jbspiritous@gmail.com,false,2026-02-27 22:29,126.5 secs,CEO: Mapbox Satellite w/ Labels,,POINT(-97.79055737813637 30.64617124103424),50,,Trees
106,15191,804478271,-97.79045296356063,30.645362757276004,jbspiritous@gmail.com,false,2026-02-27 22:29,126.5 secs,CEO: Mapbox Satellite w/ Labels,,POINT(-97.79045296356063 30.645362757276004),50,,Trees
106,15192,804478272,-97.79045296356063,30.645452589138472,jbspiritous@gmail.com,false,2026-02-27 22:29,126.5 secs,CEO: Mapbox Satellite w/ Labels,,POINT(-97.79045296356063 30.645452589138472),50,,Trees
106,15193,804478273,-97.79045296356063,30.645542420917522,jbspiritous@gmail.com,false,2026-02-27 22:29,126.5 secs,CEO: Mapbox Satellite w/ Labels,,POINT(-97.79045296356063 30.645542420917522),50,,Trees
106,15194,804478274,-97.79045296356063,30.645632252613083,jbspiritous@gmail.com,false,2026-02-27 22:29,126.5 secs,CEO: Mapbox Satellite w/ Labels,,POINT(-97.79045296356063 30.645632252613083),50,,Trees
106,15195,804478275,-97.79045296356063,30.645722084225213,jbspiritous@gmail.com,false,2026-02-27 22:29,126.5 secs,CEO: Mapbox Satellite w/ Labels,,POINT(-97.79045296356063 30.645722084225213),50,,Trees
106,15196,804478276,-97.79045296356063,30.645811915753924,jbspiritous@gmail.com,false,2026-02-27 22:29,126.5 secs,CEO: Mapbox Satellite w/ Labels,,POINT(-97.79045296356063 30.645811915753924),50,,Trees
106,15197,804478277,-97.79045296356063,30.64590174719919,jbspiritous@gmail.com,false,2026-02-27 22:29,126.5 secs,CEO: Mapbox Satellite w/ Labels,,POINT(-97.79045296356063 30.64590174719919),50,,Trees
106,15198,804478278,-97.79045296356063,30.645991578560967,jbspiritous@gmail.com,false,2026-02-27 22:29,126.5 secs,CEO: Mapbox Satellite w/ Labels,,POINT(-97.79045296356063 30.645991578560967),50,,Trees
106,15199,804478279,-97.79045296356063,30.64608140983934,jbspiritous@gmail.com,false,2026-02-27 22:29,126.5 secs,CEO: Mapbox Satellite w/ Labels,,POINT(-97.79045296356063 30.64608140983934),50,,Shrubs
106,15200,804478280,-97.79045296356063,30.64617124103424,jbspiritous@gmail.com,false,2026-02-27 22:29,126.5 secs,CEO: Mapbox Satellite w/ Labels,,POINT(-97.79045296356063 30.64617124103424),50,,Shrubs
106,15201,804478281,-97.79034854898487,30.645362757276004,jbspiritous@gmail.com,false,2026-02-27 22:29,126.5 secs,CEO: Mapbox Satellite w/ Labels,,POINT(-97.79034854898487 30.645362757276004),50,,Grasses
106,15202,804478282,-97.79034854898487,30.645452589138472,jbspiritous@gmail.com,false,2026-02-27 22:29,126.5 secs,CEO: Mapbox Satellite w/ Labels,,POINT(-97.79034854898487 30.645452589138472),50,,Trees
106,15203,804478283,-97.79034854898487,30.645542420917522,jbspiritous@gmail.com,false,2026-02-27 22:29,126.5 secs,CEO: Mapbox Satellite w/ Labels,,POINT(-97.79034854898487 30.645542420917522),50,,Trees
106,15204,804478284,-97.79034854898487,30.645632252613083,jbspiritous@gmail.com,false,2026-02-27 22:29,126.5 secs,CEO: Mapbox Satellite w/ Labels,,POINT(-97.79034854898487 30.645632252613083),50,,Trees
106,15205,804478285,-97.79034854898487,30.645722084225213,jbspiritous@gmail.com,false,2026-02-27 22:29,126.5 secs,CEO: Mapbox Satellite w/ Labels,,POINT(-97.79034854898487 30.645722084225213),50,,Trees
106,15206,804478286,-97.79034854898487,30.645811915753924,jbspiritous@gmail.com,false,2026-02-27 22:29,126.5 secs,CEO: Mapbox Satellite w/ Labels,,POINT(-97.79034854898487 30.645811915753924),50,,Trees
106,15207,804478287,-97.79034854898487,30.64590174719919,jbspiritous@gmail.com,false,2026-02-27 22:29,126.5 secs,CEO: Mapbox Satellite w/ Labels,,POINT(-97.79034854898487 30.64590174719919),50,,Trees
106,15208,804478288,-97.79034854898487,30.645991578560967,jbspiritous@gmail.com,false,2026-02-27 22:29,126.5 secs,CEO: Mapbox Satellite w/ Labels,,POINT(-97.79034854898487 30.645991578560967),50,,Built-up
106,15209,804478289,-97.79034854898487,30.64608140983934,jbspiritous@gmail.com,false,2026-02-27 22:29,126.5 secs,CEO: Mapbox Satellite w/ Labels,,POINT(-97.79034854898487 30.64608140983934),50,,Built-up
106,15210,804478290,-97.79034854898487,30.64617124103424,jbspiritous@gmail.com,false,2026-02-27 22:29,126.5 secs,CEO: Mapbox Satellite w/ Labels,,POINT(-97.79034854898487 30.64617124103424),50,,Shrubs
106,15211,804478291,-97.79024413440912,30.645362757276004,jbspiritous@gmail.com,false,2026-02-27 22:29,126.5 secs,CEO: Mapbox Satellite w/ Labels,,POINT(-97.79024413440912 30.645362757276004),50,,Trees
106,15212,804478292,-97.79024413440912,30.645452589138472,jbspiritous@gmail.com,false,2026-02-27 22:29,126.5 secs,CEO: Mapbox Satellite w/ Labels,,POINT(-97.79024413440912 30.645452589138472),50,,Trees
106,15213,804478293,-97.79024413440912,30.645542420917522,jbspiritous@gmail.com,false,2026-02-27 22:29,126.5 secs,CEO: Mapbox Satellite w/ Labels,,POINT(-97.79024413440912 30.645542420917522),50,,Trees
106,15214,804478294,-97.79024413440912,30.645632252613083,jbspiritous@gmail.com,false,2026-02-27 22:29,126.5 secs,CEO: Mapbox Satellite w/ Labels,,POINT(-97.79024413440912 30.645632252613083),50,,Built-up structures
106,15215,804478295,-97.79024413440912,30.645722084225213,jbspiritous@gmail.com,false,2026-02-27 22:29,126.5 secs,CEO: Mapbox Satellite w/ Labels,,POINT(-97.79024413440912 30.645722084225213),50,,Trees
106,15216,804478296,-97.79024413440912,30.645811915753924,jbspiritous@gmail.com,false,2026-02-27 22:29,126.5 secs,CEO: Mapbox Satellite w/ Labels,,POINT(-97.79024413440912 30.645811915753924),50,,Grasses
106,15217,804478297,-97.79024413440912,30.64590174719919,jbspiritous@gmail.com,false,2026-02-27 22:29,126.5 secs,CEO: Mapbox Satellite w/ Labels,,POINT(-97.79024413440912 30.64590174719919),50,,Trees
106,15218,804478298,-97.79024413440912,30.645991578560967,jbspiritous@gmail.com,false,2026-02-27 22:29,126.5 secs,CEO: Mapbox Satellite w/ Labels,,POINT(-97.79024413440912 30.645991578560967),50,,Shrubs
106,15219,804478299,-97.79024413440912,30.64608140983934,jbspiritous@gmail.com,false,2026-02-27 22:29,126.5 secs,CEO: Mapbox Satellite w/ Labels,,POINT(-97.79024413440912 30.64608140983934),50,,Built-up
106,15220,804478300,-97.79024413440912,30.64617124103424,jbspiritous@gmail.com,false,2026-02-27 22:29,126.5 secs,CEO: Mapbox Satellite w/ Labels,,POINT(-97.79024413440912 30.64617124103424),50,,Built-up
107,15265,804478301,-97.78595875641368,30.62287975727672,jbspiritous@gmail.com,false,2026-02-27 22:46,1049.8 secs,CEO: Mapbox Satellite w/ Labels,,POINT(-97.78595875641368 30.62287975727672),50,,Cropland
107,15266,804478302,-97.78595875641368,30.622969589138904,jbspiritous@gmail.com,false,2026-02-27 22:46,1049.8 secs,CEO: Mapbox Satellite w/ Labels,,POINT(-97.78595875641368 30.622969589138904),50,,Cropland
107,15267,804478303,-97.78595875641368,30.6230594209177,jbspiritous@gmail.com,false,2026-02-27 22:46,1049.8 secs,CEO: Mapbox Satellite w/ Labels,,POINT(-97.78595875641368 30.6230594209177),50,,Cropland
107,15268,804478304,-97.78595875641368,30.623149252613146,jbspiritous@gmail.com,false,2026-02-27 22:46,1049.8 secs,CEO: Mapbox Satellite w/ Labels,,POINT(-97.78595875641368 30.623149252613146),50,,Cropland
107,15269,804478305,-97.78595875641368,30.62323908422519,jbspiritous@gmail.com,false,2026-02-27 22:46,1049.8 secs,CEO: Mapbox Satellite w/ Labels,,POINT(-97.78595875641368 30.62323908422519),50,,Cropland
107,15270,804478306,-97.78595875641368,30.623328915753916,jbspiritous@gmail.com,false,2026-02-27 22:46,1049.8 secs,CEO: Mapbox Satellite w/ Labels,,POINT(-97.78595875641368 30.623328915753916),50,,Cropland
107,15271,804478307,-97.78595875641368,30.62341874719921,jbspiritous@gmail.com,false,2026-02-27 22:46,1049.8 secs,CEO: Mapbox Satellite w/ Labels,,POINT(-97.78595875641368 30.62341874719921),50,,Cropland
107,15272,804478308,-97.78595875641368,30.623508578561186,jbspiritous@gmail.com,false,2026-02-27 22:46,1049.8 secs,CEO: Mapbox Satellite w/ Labels,,POINT(-97.78595875641368 30.623508578561186),50,,Cropland
107,15273,804478309,-97.78595875641368,30.623598409839772,jbspiritous@gmail.com,false,2026-02-27 22:46,1049.8 secs,CEO: Mapbox Satellite w/ Labels,,POINT(-97.78595875641368 30.623598409839772),50,,Cropland
107,15274,804478310,-97.78595875641368,30.623688241034955,jbspiritous@gmail.com,false,2026-02-27 22:46,1049.8 secs,CEO: Mapbox Satellite w/ Labels,,POINT(-97.78595875641368 30.623688241034955),50,,Cropland
107,15275,804478311,-97.78585436609953,30.62287975727672,jbspiritous@gmail.com,false,2026-02-27 22:46,1049.8 secs,CEO: Mapbox Satellite w/ Labels,,POINT(-97.78585436609953 30.62287975727672),50,,Cropland
107,15276,804478312,-97.78585436609953,30.622969589138904,jbspiritous@gmail.com,false,2026-02-27 22:46,1049.8 secs,CEO: Mapbox Satellite w/ Labels,,POINT(-97.78585436609953 30.622969589138904),50,,Cropland
107,15277,804478313,-97.78585436609953,30.6230594209177,jbspiritous@gmail.com,false,2026-02-27 22:46,1049.8 secs,CEO: Mapbox Satellite w/ Labels,,POINT(-97.78585436609953 30.6230594209177),50,,Cropland
107,15278,804478314,-97.78585436609953,30.623149252613146,jbspiritous@gmail.com,false,2026-02-27 22:46,1049.8 secs,CEO: Mapbox Satellite w/ Labels,,POINT(-97.78585436609953 30.623149252613146),50,,Cropland
107,15279,804478315,-97.78585436609953,30.62323908422519,jbspiritous@gmail.com,false,2026-02-27 22:46,1049.8 secs,CEO: Mapbox Satellite w/ Labels,,POINT(-97.78585436609953 30.62323908422519),50,,Cropland
107,15280,804478316,-97.78585436609953,30.623328915753916,jbspiritous@gmail.com,false,2026-02-27 22:46,1049.8 secs,CEO: Mapbox Satellite w/ Labels,,POINT(-97.78585436609953 30.623328915753916),50,,Cropland
107,15281,804478317,-97.78585436609953,30.62341874719921,jbspiritous@gmail.com,false,2026-02-27 22:46,1049.8 secs,CEO: Mapbox Satellite w/ Labels,,POINT(-97.78585436609953 30.62341874719921),50,,Cropland
107,15282,804478318,-97.78585436609953,30.623508578561186,jbspiritous@gmail.com,false,2026-02-27 22:46,1049.8 secs,CEO: Mapbox Satellite w/ Labels,,POINT(-97.78585436609953 30.623508578561186),50,,Cropland
107,15283,804478319,-97.78585436609953,30.623598409839772,jbspiritous@gmail.com,false,2026-02-27 22:46,1049.8 secs,CEO: Mapbox Satellite w/ Labels,,POINT(-97.78585436609953 30.623598409839772),50,,Cropland
107,15284,804478320,-97.78585436609953,30.623688241034955,jbspiritous@gmail.com,false,2026-02-27 22:46,1049.8 secs,CEO: Mapbox Satellite w/ Labels,,POINT(-97.78585436609953 30.623688241034955),50,,Cropland
107,15285,804478321,-97.78574997578536,30.62287975727672,jbspiritous@gmail.com,false,2026-02-27 22:46,1049.8 secs,CEO: Mapbox Satellite w/ Labels,,POINT(-97.78574997578536 30.62287975727672),50,,Cropland
107,15286,804478322,-97.78574997578536,30.622969589138904,jbspiritous@gmail.com,false,2026-02-27 22:46,1049.8 secs,CEO: Mapbox Satellite w/ Labels,,POINT(-97.78574997578536 30.622969589138904),50,,Cropland
107,15287,804478323,-97.78574997578536,30.6230594209177,jbspiritous@gmail.com,false,2026-02-27 22:46,1049.8 secs,CEO: Mapbox Satellite w/ Labels,,POINT(-97.78574997578536 30.6230594209177),50,,Cropland
107,15288,804478324,-97.78574997578536,30.623149252613146,jbspiritous@gmail.com,false,2026-02-27 22:46,1049.8 secs,CEO: Mapbox Satellite w/ Labels,,POINT(-97.78574997578536 30.623149252613146),50,,Cropland
107,15289,804478325,-97.78574997578536,30.62323908422519,jbspiritous@gmail.com,false,2026-02-27 22:46,1049.8 secs,CEO: Mapbox Satellite w/ Labels,,POINT(-97.78574997578536 30.62323908422519),50,,Cropland
107,15290,804478326,-97.78574997578536,30.623328915753916,jbspiritous@gmail.com,false,2026-02-27 22:46,1049.8 secs,CEO: Mapbox Satellite w/ Labels,,POINT(-97.78574997578536 30.623328915753916),50,,Cropland
107,15291,804478327,-97.78574997578536,30.62341874719921,jbspiritous@gmail.com,false,2026-02-27 22:46,1049.8 secs,CEO: Mapbox Satellite w/ Labels,,POINT(-97.78574997578536 30.62341874719921),50,,Cropland
107,15292,804478328,-97.78574997578536,30.623508578561186,jbspiritous@gmail.com,false,2026-02-27 22:46,1049.8 secs,CEO: Mapbox Satellite w/ Labels,,POINT(-97.78574997578536 30.623508578561186),50,,Cropland
107,15293,804478329,-97.78574997578536,30.623598409839772,jbspiritous@gmail.com,false,2026-02-27 22:46,1049.8 secs,CEO: Mapbox Satellite w/ Labels,,POINT(-97.78574997578536 30.623598409839772),50,,Shrubs
107,15294,804478330,-97.78574997578536,30.623688241034955,jbspiritous@gmail.com,false,2026-02-27 22:46,1049.8 secs,CEO: Mapbox Satellite w/ Labels,,POINT(-97.78574997578536 30.623688241034955),50,,Shrubs
107,15295,804478331,-97.78564558547123,30.62287975727672,jbspiritous@gmail.com,false,2026-02-27 22:46,1049.8 secs,CEO: Mapbox Satellite w/ Labels,,POINT(-97.78564558547123 30.62287975727672),50,,Cropland
107,15296,804478332,-97.78564558547123,30.622969589138904,jbspiritous@gmail.com,false,2026-02-27 22:46,1049.8 secs,CEO: Mapbox Satellite w/ Labels,,POINT(-97.78564558547123 30.622969589138904),50,,Cropland
107,15297,804478333,-97.78564558547123,30.6230594209177,jbspiritous@gmail.com,false,2026-02-27 22:46,1049.8 secs,CEO: Mapbox Satellite w/ Labels,,POINT(-97.78564558547123 30.6230594209177),50,,Cropland
107,15298,804478334,-97.78564558547123,30.623149252613146,jbspiritous@gmail.com,false,2026-02-27 22:46,1049.8 secs,CEO: Mapbox Satellite w/ Labels,,POINT(-97.78564558547123 30.623149252613146),50,,Cropland
107,15299,804478335,-97.78564558547123,30.62323908422519,jbspiritous@gmail.com,false,2026-02-27 22:46,1049.8 secs,CEO: Mapbox Satellite w/ Labels,,POINT(-97.78564558547123 30.62323908422519),50,,Cropland
107,15300,804478336,-97.78564558547123,30.623328915753916,jbspiritous@gmail.com,false,2026-02-27 22:46,1049.8 secs,CEO: Mapbox Satellite w/ Labels,,POINT(-97.78564558547123 30.623328915753916),50,,Cropland
107,15301,804478337,-97.78564558547123,30.62341874719921,jbspiritous@gmail.com,false,2026-02-27 22:46,1049.8 secs,CEO: Mapbox Satellite w/ Labels,,POINT(-97.78564558547123 30.62341874719921),50,,Shrubs
107,15302,804478338,-97.78564558547123,30.623508578561186,jbspiritous@gmail.com,false,2026-02-27 22:46,1049.8 secs,CEO: Mapbox Satellite w/ Labels,,POINT(-97.78564558547123 30.623508578561186),50,,Shrubs
107,15303,804478339,-97.78564558547123,30.623598409839772,jbspiritous@gmail.com,false,2026-02-27 22:46,1049.8 secs,CEO: Mapbox Satellite w/ Labels,,POINT(-97.78564558547123 30.623598409839772),50,,Shrubs
107,15304,804478340,-97.78564558547123,30.623688241034955,jbspiritous@gmail.com,false,2026-02-27 22:46,1049.8 secs,CEO: Mapbox Satellite w/ Labels,,POINT(-97.78564558547123 30.623688241034955),50,,Shrubs
107,15305,804478341,-97.78554119515708,30.62287975727672,jbspiritous@gmail.com,false,2026-02-27 22:46,1049.8 secs,CEO: Mapbox Satellite w/ Labels,,POINT(-97.78554119515708 30.62287975727672),50,,Cropland
107,15306,804478342,-97.78554119515708,30.622969589138904,jbspiritous@gmail.com,false,2026-02-27 22:46,1049.8 secs,CEO: Mapbox Satellite w/ Labels,,POINT(-97.78554119515708 30.622969589138904),50,,Cropland
107,15307,804478343,-97.78554119515708,30.6230594209177,jbspiritous@gmail.com,false,2026-02-27 22:46,1049.8 secs,CEO: Mapbox Satellite w/ Labels,,POINT(-97.78554119515708 30.6230594209177),50,,Cropland
107,15308,804478344,-97.78554119515708,30.623149252613146,jbspiritous@gmail.com,false,2026-02-27 22:46,1049.8 secs,CEO: Mapbox Satellite w/ Labels,,POINT(-97.78554119515708 30.623149252613146),50,,Cropland
107,15309,804478345,-97.78554119515708,30.62323908422519,jbspiritous@gmail.com,false,2026-02-27 22:46,1049.8 secs,CEO: Mapbox Satellite w/ Labels,,POINT(-97.78554119515708 30.62323908422519),50,,Cropland
107,15310,804478346,-97.78554119515708,30.623328915753916,jbspiritous@gmail.com,false,2026-02-27 22:46,1049.8 secs,CEO: Mapbox Satellite w/ Labels,,POINT(-97.78554119515708 30.623328915753916),50,,Cropland
107,15311,804478347,-97.78554119515708,30.62341874719921,jbspiritous@gmail.com,false,2026-02-27 22:46,1049.8 secs,CEO: Mapbox Satellite w/ Labels,,POINT(-97.78554119515708 30.62341874719921),50,,Shrubs
107,15312,804478348,-97.78554119515708,30.623508578561186,jbspiritous@gmail.com,false,2026-02-27 22:46,1049.8 secs,CEO: Mapbox Satellite w/ Labels,,POINT(-97.78554119515708 30.623508578561186),50,,Shrubs
107,15313,804478349,-97.78554119515708,30.623598409839772,jbspiritous@gmail.com,false,2026-02-27 22:46,1049.8 secs,CEO: Mapbox Satellite w/ Labels,,POINT(-97.78554119515708 30.623598409839772),50,,Cropland
107,15314,804478350,-97.78554119515708,30.623688241034955,jbspiritous@gmail.com,false,2026-02-27 22:46,1049.8 secs,CEO: Mapbox Satellite w/ Labels,,POINT(-97.78554119515708 30.623688241034955),50,,Cropland
107,15315,804478351,-97.78543680484294,30.62287975727672,jbspiritous@gmail.com,false,2026-02-27 22:46,1049.8 secs,CEO: Mapbox Satellite w/ Labels,,POINT(-97.78543680484294 30.62287975727672),50,,Cropland
107,15316,804478352,-97.78543680484294,30.622969589138904,jbspiritous@gmail.com,false,2026-02-27 22:46,1049.8 secs,CEO: Mapbox Satellite w/ Labels,,POINT(-97.78543680484294 30.622969589138904),50,,Cropland
107,15317,804478353,-97.78543680484294,30.6230594209177,jbspiritous@gmail.com,false,2026-02-27 22:46,1049.8 secs,CEO: Mapbox Satellite w/ Labels,,POINT(-97.78543680484294 30.6230594209177),50,,Cropland
107,15318,804478354,-97.78543680484294,30.623149252613146,jbspiritous@gmail.com,false,2026-02-27 22:46,1049.8 secs,CEO: Mapbox Satellite w/ Labels,,POINT(-97.78543680484294 30.623149252613146),50,,Cropland
107,15319,804478355,-97.78543680484294,30.62323908422519,jbspiritous@gmail.com,false,2026-02-27 22:46,1049.8 secs,CEO: Mapbox Satellite w/ Labels,,POINT(-97.78543680484294 30.62323908422519),50,,Cropland
107,15320,804478356,-97.78543680484294,30.623328915753916,jbspiritous@gmail.com,false,2026-02-27 22:46,1049.8 secs,CEO: Mapbox Satellite w/ Labels,,POINT(-97.78543680484294 30.623328915753916),50,,Cropland
107,15321,804478357,-97.78543680484294,30.62341874719921,jbspiritous@gmail.com,false,2026-02-27 22:46,1049.8 secs,CEO: Mapbox Satellite w/ Labels,,POINT(-97.78543680484294 30.62341874719921),50,,Cropland
107,15322,804478358,-97.78543680484294,30.623508578561186,jbspiritous@gmail.com,false,2026-02-27 22:46,1049.8 secs,CEO: Mapbox Satellite w/ Labels,,POINT(-97.78543680484294 30.623508578561186),50,,Cropland
107,15323,804478359,-97.78543680484294,30.623598409839772,jbspiritous@gmail.com,false,2026-02-27 22:46,1049.8 secs,CEO: Mapbox Satellite w/ Labels,,POINT(-97.78543680484294 30.623598409839772),50,,Cropland
107,15324,804478360,-97.78543680484294,30.623688241034955,jbspiritous@gmail.com,false,2026-02-27 22:46,1049.8 secs,CEO: Mapbox Satellite w/ Labels,,POINT(-97.78543680484294 30.623688241034955),50,,Cropland
107,15325,804478361,-97.78533241452878,30.62287975727672,jbspiritous@gmail.com,false,2026-02-27 22:46,1049.8 secs,CEO: Mapbox Satellite w/ Labels,,POINT(-97.78533241452878 30.62287975727672),50,,Cropland
107,15326,804478362,-97.78533241452878,30.622969589138904,jbspiritous@gmail.com,false,2026-02-27 22:46,1049.8 secs,CEO: Mapbox Satellite w/ Labels,,POINT(-97.78533241452878 30.622969589138904),50,,Cropland
107,15327,804478363,-97.78533241452878,30.6230594209177,jbspiritous@gmail.com,false,2026-02-27 22:46,1049.8 secs,CEO: Mapbox Satellite w/ Labels,,POINT(-97.78533241452878 30.6230594209177),50,,Cropland
107,15328,804478364,-97.78533241452878,30.623149252613146,jbspiritous@gmail.com,false,2026-02-27 22:46,1049.8 secs,CEO: Mapbox Satellite w/ Labels,,POINT(-97.78533241452878 30.623149252613146),50,,Cropland
107,15329,804478365,-97.78533241452878,30.62323908422519,jbspiritous@gmail.com,false,2026-02-27 22:46,1049.8 secs,CEO: Mapbox Satellite w/ Labels,,POINT(-97.78533241452878 30.62323908422519),50,,Cropland
107,15330,804478366,-97.78533241452878,30.623328915753916,jbspiritous@gmail.com,false,2026-02-27 22:46,1049.8 secs,CEO: Mapbox Satellite w/ Labels,,POINT(-97.78533241452878 30.623328915753916),50,,Cropland
107,15331,804478367,-97.78533241452878,30.62341874719921,jbspiritous@gmail.com,false,2026-02-27 22:46,1049.8 secs,CEO: Mapbox Satellite w/ Labels,,POINT(-97.78533241452878 30.62341874719921),50,,Cropland
107,15332,804478368,-97.78533241452878,30.623508578561186,jbspiritous@gmail.com,false,2026-02-27 22:46,1049.8 secs,CEO: Mapbox Satellite w/ Labels,,POINT(-97.78533241452878 30.623508578561186),50,,Cropland
107,15333,804478369,-97.78533241452878,30.623598409839772,jbspiritous@gmail.com,false,2026-02-27 22:46,1049.8 secs,CEO: Mapbox Satellite w/ Labels,,POINT(-97.78533241452878 30.623598409839772),50,,Cropland
107,15334,804478370,-97.78533241452878,30.623688241034955,jbspiritous@gmail.com,false,2026-02-27 22:46,1049.8 secs,CEO: Mapbox Satellite w/ Labels,,POINT(-97.78533241452878 30.623688241034955),50,,Cropland
107,15335,804478371,-97.78522802421465,30.62287975727672,jbspiritous@gmail.com,false,2026-02-27 22:46,1049.8 secs,CEO: Mapbox Satellite w/ Labels,,POINT(-97.78522802421465 30.62287975727672),50,,Cropland
107,15336,804478372,-97.78522802421465,30.622969589138904,jbspiritous@gmail.com,false,2026-02-27 22:46,1049.8 secs,CEO: Mapbox Satellite w/ Labels,,POINT(-97.78522802421465 30.622969589138904),50,,Cropland
107,15337,804478373,-97.78522802421465,30.6230594209177,jbspiritous@gmail.com,false,2026-02-27 22:46,1049.8 secs,CEO: Mapbox Satellite w/ Labels,,POINT(-97.78522802421465 30.6230594209177),50,,Cropland
107,15338,804478374,-97.78522802421465,30.623149252613146,jbspiritous@gmail.com,false,2026-02-27 22:46,1049.8 secs,CEO: Mapbox Satellite w/ Labels,,POINT(-97.78522802421465 30.623149252613146),50,,Cropland
107,15339,804478375,-97.78522802421465,30.62323908422519,jbspiritous@gmail.com,false,2026-02-27 22:46,1049.8 secs,CEO: Mapbox Satellite w/ Labels,,POINT(-97.78522802421465 30.62323908422519),50,,Cropland
107,15340,804478376,-97.78522802421465,30.623328915753916,jbspiritous@gmail.com,false,2026-02-27 22:46,1049.8 secs,CEO: Mapbox Satellite w/ Labels,,POINT(-97.78522802421465 30.623328915753916),50,,Cropland
107,15341,804478377,-97.78522802421465,30.62341874719921,jbspiritous@gmail.com,false,2026-02-27 22:46,1049.8 secs,CEO: Mapbox Satellite w/ Labels,,POINT(-97.78522802421465 30.62341874719921),50,,Cropland
107,15342,804478378,-97.78522802421465,30.623508578561186,jbspiritous@gmail.com,false,2026-02-27 22:46,1049.8 secs,CEO: Mapbox Satellite w/ Labels,,POINT(-97.78522802421465 30.623508578561186),50,,Cropland
107,15343,804478379,-97.78522802421465,30.623598409839772,jbspiritous@gmail.com,false,2026-02-27 22:46,1049.8 secs,CEO: Mapbox Satellite w/ Labels,,POINT(-97.78522802421465 30.623598409839772),50,,Cropland
107,15344,804478380,-97.78522802421465,30.623688241034955,jbspiritous@gmail.com,false,2026-02-27 22:46,1049.8 secs,CEO: Mapbox Satellite w/ Labels,,POINT(-97.78522802421465 30.623688241034955),50,,Cropland
107,15345,804478381,-97.7851236339005,30.62287975727672,jbspiritous@gmail.com,false,2026-02-27 22:46,1049.8 secs,CEO: Mapbox Satellite w/ Labels,,POINT(-97.7851236339005 30.62287975727672),50,,Cropland
107,15346,804478382,-97.7851236339005,30.622969589138904,jbspiritous@gmail.com,false,2026-02-27 22:46,1049.8 secs,CEO: Mapbox Satellite w/ Labels,,POINT(-97.7851236339005 30.622969589138904),50,,Cropland
107,15347,804478383,-97.7851236339005,30.6230594209177,jbspiritous@gmail.com,false,2026-02-27 22:46,1049.8 secs,CEO: Mapbox Satellite w/ Labels,,POINT(-97.7851236339005 30.6230594209177),50,,Cropland
107,15348,804478384,-97.7851236339005,30.623149252613146,jbspiritous@gmail.com,false,2026-02-27 22:46,1049.8 secs,CEO: Mapbox Satellite w/ Labels,,POINT(-97.7851236339005 30.623149252613146),50,,Cropland
107,15349,804478385,-97.7851236339005,30.62323908422519,jbspiritous@gmail.com,false,2026-02-27 22:46,1049.8 secs,CEO: Mapbox Satellite w/ Labels,,POINT(-97.7851236339005 30.62323908422519),50,,Cropland
107,15350,804478386,-97.7851236339005,30.623328915753916,jbspiritous@gmail.com,false,2026-02-27 22:46,1049.8 secs,CEO: Mapbox Satellite w/ Labels,,POINT(-97.7851236339005 30.623328915753916),50,,Cropland
107,15351,804478387,-97.7851236339005,30.62341874719921,jbspiritous@gmail.com,false,2026-02-27 22:46,1049.8 secs,CEO: Mapbox Satellite w/ Labels,,POINT(-97.7851236339005 30.62341874719921),50,,Cropland
107,15352,804478388,-97.7851236339005,30.623508578561186,jbspiritous@gmail.com,false,2026-02-27 22:46,1049.8 secs,CEO: Mapbox Satellite w/ Labels,,POINT(-97.7851236339005 30.623508578561186),50,,Cropland
107,15353,804478389,-97.7851236339005,30.623598409839772,jbspiritous@gmail.com,false,2026-02-27 22:46,1049.8 secs,CEO: Mapbox Satellite w/ Labels,,POINT(-97.7851236339005 30.623598409839772),50,,Cropland
107,15354,804478390,-97.7851236339005,30.623688241034955,jbspiritous@gmail.com,false,2026-02-27 22:46,1049.8 secs,CEO: Mapbox Satellite w/ Labels,,POINT(-97.7851236339005 30.623688241034955),50,,Cropland
107,15355,804478391,-97.78501924358636,30.62287975727672,jbspiritous@gmail.com,false,2026-02-27 22:46,1049.8 secs,CEO: Mapbox Satellite w/ Labels,,POINT(-97.78501924358636 30.62287975727672),50,,Cropland
107,15356,804478392,-97.78501924358636,30.622969589138904,jbspiritous@gmail.com,false,2026-02-27 22:46,1049.8 secs,CEO: Mapbox Satellite w/ Labels,,POINT(-97.78501924358636 30.622969589138904),50,,Cropland
107,15357,804478393,-97.78501924358636,30.6230594209177,jbspiritous@gmail.com,false,2026-02-27 22:46,1049.8 secs,CEO: Mapbox Satellite w/ Labels,,POINT(-97.78501924358636 30.6230594209177),50,,Cropland
107,15358,804478394,-97.78501924358636,30.623149252613146,jbspiritous@gmail.com,false,2026-02-27 22:46,1049.8 secs,CEO: Mapbox Satellite w/ Labels,,POINT(-97.78501924358636 30.623149252613146),50,,Cropland
107,15359,804478395,-97.78501924358636,30.62323908422519,jbspiritous@gmail.com,false,2026-02-27 22:46,1049.8 secs,CEO: Mapbox Satellite w/ Labels,,POINT(-97.78501924358636 30.62323908422519),50,,Cropland
107,15360,804478396,-97.78501924358636,30.623328915753916,jbspiritous@gmail.com,false,2026-02-27 22:46,1049.8 secs,CEO: Mapbox Satellite w/ Labels,,POINT(-97.78501924358636 30.623328915753916),50,,Cropland
107,15361,804478397,-97.78501924358636,30.62341874719921,jbspiritous@gmail.com,false,2026-02-27 22:46,1049.8 secs,CEO: Mapbox Satellite w/ Labels,,POINT(-97.78501924358636 30.62341874719921),50,,Cropland
107,15362,804478398,-97.78501924358636,30.623508578561186,jbspiritous@gmail.com,false,2026-02-27 22:46,1049.8 secs,CEO: Mapbox Satellite w/ Labels,,POINT(-97.78501924358636 30.623508578561186),50,,Cropland
107,15363,804478399,-97.78501924358636,30.623598409839772,jbspiritous@gmail.com,false,2026-02-27 22:46,1049.8 secs,CEO: Mapbox Satellite w/ Labels,,POINT(-97.78501924358636 30.623598409839772),50,,Cropland
107,15364,804478400,-97.78501924358636,30.623688241034955,jbspiritous@gmail.com,false,2026-02-27 22:46,1049.8 secs,CEO: Mapbox Satellite w/ Labels,,POINT(-97.78501924358636 30.623688241034955),50,,Cropland
108,15409,804478401,-97.78595877824121,30.627376757276608,jbspiritous@gmail.com,false,2026-02-27 23:03,979.4 secs,CEO: Mapbox Satellite w/ Labels,,POINT(-97.78595877824121 30.627376757276608),50,,Trees
108,15410,804478402,-97.78595877824121,30.627466589138834,jbspiritous@gmail.com,false,2026-02-27 23:03,979.4 secs,CEO: Mapbox Satellite w/ Labels,,POINT(-97.78595877824121 30.627466589138834),50,,Trees
108,15411,804478403,-97.78595877824121,30.627556420917685,jbspiritous@gmail.com,false,2026-02-27 23:03,979.4 secs,CEO: Mapbox Satellite w/ Labels,,POINT(-97.78595877824121 30.627556420917685),50,,Trees
108,15412,804478404,-97.78595877824121,30.62764625261316,jbspiritous@gmail.com,false,2026-02-27 23:03,979.4 secs,CEO: Mapbox Satellite w/ Labels,,POINT(-97.78595877824121 30.62764625261316),50,,Trees
108,15413,804478405,-97.78595877824121,30.627736084225234,jbspiritous@gmail.com,false,2026-02-27 23:03,979.4 secs,CEO: Mapbox Satellite w/ Labels,,POINT(-97.78595877824121 30.627736084225234),50,,Trees
108,15414,804478406,-97.78595877824121,30.62782591575393,jbspiritous@gmail.com,false,2026-02-27 23:03,979.4 secs,CEO: Mapbox Satellite w/ Labels,,POINT(-97.78595877824121 30.62782591575393),50,,Trees
108,15415,804478407,-97.78595877824121,30.62791574719924,jbspiritous@gmail.com,false,2026-02-27 23:03,979.4 secs,CEO: Mapbox Satellite w/ Labels,,POINT(-97.78595877824121 30.62791574719924),50,,Barren
108,15416,804478408,-97.78595877824121,30.628005578561158,jbspiritous@gmail.com,false,2026-02-27 23:03,979.4 secs,CEO: Mapbox Satellite w/ Labels,,POINT(-97.78595877824121 30.628005578561158),50,,Barren
108,15417,804478409,-97.78595877824121,30.628095409839673,jbspiritous@gmail.com,false,2026-02-27 23:03,979.4 secs,CEO: Mapbox Satellite w/ Labels,,POINT(-97.78595877824121 30.628095409839673),50,,Trees
108,15418,804478410,-97.78595877824121,30.628185241034856,jbspiritous@gmail.com,false,2026-02-27 23:03,979.4 secs,CEO: Mapbox Satellite w/ Labels,,POINT(-97.78595877824121 30.628185241034856),50,,Trees
108,15419,804478411,-97.7858543830765,30.627376757276608,jbspiritous@gmail.com,false,2026-02-27 23:03,979.4 secs,CEO: Mapbox Satellite w/ Labels,,POINT(-97.7858543830765 30.627376757276608),50,,Trees
108,15420,804478412,-97.7858543830765,30.627466589138834,jbspiritous@gmail.com,false,2026-02-27 23:03,979.4 secs,CEO: Mapbox Satellite w/ Labels,,POINT(-97.7858543830765 30.627466589138834),50,,Trees
108,15421,804478413,-97.7858543830765,30.627556420917685,jbspiritous@gmail.com,false,2026-02-27 23:03,979.4 secs,CEO: Mapbox Satellite w/ Labels,,POINT(-97.7858543830765 30.627556420917685),50,,Trees
108,15422,804478414,-97.7858543830765,30.62764625261316,jbspiritous@gmail.com,false,2026-02-27 23:03,979.4 secs,CEO: Mapbox Satellite w/ Labels,,POINT(-97.7858543830765 30.62764625261316),50,,Barren
108,15423,804478415,-97.7858543830765,30.627736084225234,jbspiritous@gmail.com,false,2026-02-27 23:03,979.4 secs,CEO: Mapbox Satellite w/ Labels,,POINT(-97.7858543830765 30.627736084225234),50,,Trees
108,15424,804478416,-97.7858543830765,30.62782591575393,jbspiritous@gmail.com,false,2026-02-27 23:03,979.4 secs,CEO: Mapbox Satellite w/ Labels,,POINT(-97.7858543830765 30.62782591575393),50,,Trees
108,15425,804478417,-97.7858543830765,30.62791574719924,jbspiritous@gmail.com,false,2026-02-27 23:03,979.4 secs,CEO: Mapbox Satellite w/ Labels,,POINT(-97.7858543830765 30.62791574719924),50,,Trees
108,15426,804478418,-97.7858543830765,30.628005578561158,jbspiritous@gmail.com,false,2026-02-27 23:03,979.4 secs,CEO: Mapbox Satellite w/ Labels,,POINT(-97.7858543830765 30.628005578561158),50,,Barren
108,15427,804478419,-97.7858543830765,30.628095409839673,jbspiritous@gmail.com,false,2026-02-27 23:03,979.4 secs,CEO: Mapbox Satellite w/ Labels,,POINT(-97.7858543830765 30.628095409839673),50,,Trees
108,15428,804478420,-97.7858543830765,30.628185241034856,jbspiritous@gmail.com,false,2026-02-27 23:03,979.4 secs,CEO: Mapbox Satellite w/ Labels,,POINT(-97.7858543830765 30.628185241034856),50,,Trees
108,15429,804478421,-97.78574998791177,30.627376757276608,jbspiritous@gmail.com,false,2026-02-27 23:03,979.4 secs,CEO: Mapbox Satellite w/ Labels,,POINT(-97.78574998791177 30.627376757276608),50,,Trees
108,15430,804478422,-97.78574998791177,30.627466589138834,jbspiritous@gmail.com,false,2026-02-27 23:03,979.4 secs,CEO: Mapbox Satellite w/ Labels,,POINT(-97.78574998791177 30.627466589138834),50,,Barren
108,15431,804478423,-97.78574998791177,30.627556420917685,jbspiritous@gmail.com,false,2026-02-27 23:03,979.4 secs,CEO: Mapbox Satellite w/ Labels,,POINT(-97.78574998791177 30.627556420917685),50,,Barren
108,15432,804478424,-97.78574998791177,30.62764625261316,jbspiritous@gmail.com,false,2026-02-27 23:03,979.4 secs,CEO: Mapbox Satellite w/ Labels,,POINT(-97.78574998791177 30.62764625261316),50,,Barren
108,15433,804478425,-97.78574998791177,30.627736084225234,jbspiritous@gmail.com,false,2026-02-27 23:03,979.4 secs,CEO: Mapbox Satellite w/ Labels,,POINT(-97.78574998791177 30.627736084225234),50,,Barren
108,15434,804478426,-97.78574998791177,30.62782591575393,jbspiritous@gmail.com,false,2026-02-27 23:03,979.4 secs,CEO: Mapbox Satellite w/ Labels,,POINT(-97.78574998791177 30.62782591575393),50,,Barren
108,15435,804478427,-97.78574998791177,30.62791574719924,jbspiritous@gmail.com,false,2026-02-27 23:03,979.4 secs,CEO: Mapbox Satellite w/ Labels,,POINT(-97.78574998791177 30.62791574719924),50,,Barren
108,15436,804478428,-97.78574998791177,30.628005578561158,jbspiritous@gmail.com,false,2026-02-27 23:03,979.4 secs,CEO: Mapbox Satellite w/ Labels,,POINT(-97.78574998791177 30.628005578561158),50,,Barren
108,15437,804478429,-97.78574998791177,30.628095409839673,jbspiritous@gmail.com,false,2026-02-27 23:03,979.4 secs,CEO: Mapbox Satellite w/ Labels,,POINT(-97.78574998791177 30.628095409839673),50,,Barren
108,15438,804478430,-97.78574998791177,30.628185241034856,jbspiritous@gmail.com,false,2026-02-27 23:03,979.4 secs,CEO: Mapbox Satellite w/ Labels,,POINT(-97.78574998791177 30.628185241034856),50,,Trees
108,15439,804478431,-97.78564559274707,30.627376757276608,jbspiritous@gmail.com,false,2026-02-27 23:03,979.4 secs,CEO: Mapbox Satellite w/ Labels,,POINT(-97.78564559274707 30.627376757276608),50,,Trees
108,15440,804478432,-97.78564559274707,30.627466589138834,jbspiritous@gmail.com,false,2026-02-27 23:03,979.4 secs,CEO: Mapbox Satellite w/ Labels,,POINT(-97.78564559274707 30.627466589138834),50,,Trees
108,15441,804478433,-97.78564559274707,30.627556420917685,jbspiritous@gmail.com,false,2026-02-27 23:03,979.4 secs,CEO: Mapbox Satellite w/ Labels,,POINT(-97.78564559274707 30.627556420917685),50,,Trees
108,15442,804478434,-97.78564559274707,30.62764625261316,jbspiritous@gmail.com,false,2026-02-27 23:03,979.4 secs,CEO: Mapbox Satellite w/ Labels,,POINT(-97.78564559274707 30.62764625261316),50,,Barren
108,15443,804478435,-97.78564559274707,30.627736084225234,jbspiritous@gmail.com,false,2026-02-27 23:03,979.4 secs,CEO: Mapbox Satellite w/ Labels,,POINT(-97.78564559274707 30.627736084225234),50,,Trees
108,15444,804478436,-97.78564559274707,30.62782591575393,jbspiritous@gmail.com,false,2026-02-27 23:03,979.4 secs,CEO: Mapbox Satellite w/ Labels,,POINT(-97.78564559274707 30.62782591575393),50,,Trees
108,15445,804478437,-97.78564559274707,30.62791574719924,jbspiritous@gmail.com,false,2026-02-27 23:03,979.4 secs,CEO: Mapbox Satellite w/ Labels,,POINT(-97.78564559274707 30.62791574719924),50,,Barren
108,15446,804478438,-97.78564559274707,30.628005578561158,jbspiritous@gmail.com,false,2026-02-27 23:03,979.4 secs,CEO: Mapbox Satellite w/ Labels,,POINT(-97.78564559274707 30.628005578561158),50,,Shrubs
108,15447,804478439,-97.78564559274707,30.628095409839673,jbspiritous@gmail.com,false,2026-02-27 23:03,979.4 secs,CEO: Mapbox Satellite w/ Labels,,POINT(-97.78564559274707 30.628095409839673),50,,Barren
108,15448,804478440,-97.78564559274707,30.628185241034856,jbspiritous@gmail.com,false,2026-02-27 23:03,979.4 secs,CEO: Mapbox Satellite w/ Labels,,POINT(-97.78564559274707 30.628185241034856),50,,Barren
108,15449,804478441,-97.78554119758236,30.627376757276608,jbspiritous@gmail.com,false,2026-02-27 23:03,979.4 secs,CEO: Mapbox Satellite w/ Labels,,POINT(-97.78554119758236 30.627376757276608),50,,Barren
108,15450,804478442,-97.78554119758236,30.627466589138834,jbspiritous@gmail.com,false,2026-02-27 23:03,979.4 secs,CEO: Mapbox Satellite w/ Labels,,POINT(-97.78554119758236 30.627466589138834),50,,Trees
108,15451,804478443,-97.78554119758236,30.627556420917685,jbspiritous@gmail.com,false,2026-02-27 23:03,979.4 secs,CEO: Mapbox Satellite w/ Labels,,POINT(-97.78554119758236 30.627556420917685),50,,Trees
108,15452,804478444,-97.78554119758236,30.62764625261316,jbspiritous@gmail.com,false,2026-02-27 23:03,979.4 secs,CEO: Mapbox Satellite w/ Labels,,POINT(-97.78554119758236 30.62764625261316),50,,Trees
108,15453,804478445,-97.78554119758236,30.627736084225234,jbspiritous@gmail.com,false,2026-02-27 23:03,979.4 secs,CEO: Mapbox Satellite w/ Labels,,POINT(-97.78554119758236 30.627736084225234),50,,Trees
108,15454,804478446,-97.78554119758236,30.62782591575393,jbspiritous@gmail.com,false,2026-02-27 23:03,979.4 secs,CEO: Mapbox Satellite w/ Labels,,POINT(-97.78554119758236 30.62782591575393),50,,Trees
108,15455,804478447,-97.78554119758236,30.62791574719924,jbspiritous@gmail.com,false,2026-02-27 23:03,979.4 secs,CEO: Mapbox Satellite w/ Labels,,POINT(-97.78554119758236 30.62791574719924),50,,Trees
108,15456,804478448,-97.78554119758236,30.628005578561158,jbspiritous@gmail.com,false,2026-02-27 23:03,979.4 secs,CEO: Mapbox Satellite w/ Labels,,POINT(-97.78554119758236 30.628005578561158),50,,Shrubs
108,15457,804478449,-97.78554119758236,30.628095409839673,jbspiritous@gmail.com,false,2026-02-27 23:03,979.4 secs,CEO: Mapbox Satellite w/ Labels,,POINT(-97.78554119758236 30.628095409839673),50,,Barren
108,15458,804478450,-97.78554119758236,30.628185241034856,jbspiritous@gmail.com,false,2026-02-27 23:03,979.4 secs,CEO: Mapbox Satellite w/ Labels,,POINT(-97.78554119758236 30.628185241034856),50,,Shrubs
108,15459,804478451,-97.78543680241765,30.627376757276608,jbspiritous@gmail.com,false,2026-02-27 23:03,979.4 secs,CEO: Mapbox Satellite w/ Labels,,POINT(-97.78543680241765 30.627376757276608),50,,Shrubs
108,15460,804478452,-97.78543680241765,30.627466589138834,jbspiritous@gmail.com,false,2026-02-27 23:03,979.4 secs,CEO: Mapbox Satellite w/ Labels,,POINT(-97.78543680241765 30.627466589138834),50,,Barren
108,15461,804478453,-97.78543680241765,30.627556420917685,jbspiritous@gmail.com,false,2026-02-27 23:03,979.4 secs,CEO: Mapbox Satellite w/ Labels,,POINT(-97.78543680241765 30.627556420917685),50,,Trees
108,15462,804478454,-97.78543680241765,30.62764625261316,jbspiritous@gmail.com,false,2026-02-27 23:03,979.4 secs,CEO: Mapbox Satellite w/ Labels,,POINT(-97.78543680241765 30.62764625261316),50,,Trees
108,15463,804478455,-97.78543680241765,30.627736084225234,jbspiritous@gmail.com,false,2026-02-27 23:03,979.4 secs,CEO: Mapbox Satellite w/ Labels,,POINT(-97.78543680241765 30.627736084225234),50,,Trees
108,15464,804478456,-97.78543680241765,30.62782591575393,jbspiritous@gmail.com,false,2026-02-27 23:03,979.4 secs,CEO: Mapbox Satellite w/ Labels,,POINT(-97.78543680241765 30.62782591575393),50,,Trees
108,15465,804478457,-97.78543680241765,30.62791574719924,jbspiritous@gmail.com,false,2026-02-27 23:03,979.4 secs,CEO: Mapbox Satellite w/ Labels,,POINT(-97.78543680241765 30.62791574719924),50,,Barren
108,15466,804478458,-97.78543680241765,30.628005578561158,jbspiritous@gmail.com,false,2026-02-27 23:03,979.4 secs,CEO: Mapbox Satellite w/ Labels,,POINT(-97.78543680241765 30.628005578561158),50,,Trees
108,15467,804478459,-97.78543680241765,30.628095409839673,jbspiritous@gmail.com,false,2026-02-27 23:03,979.4 secs,CEO: Mapbox Satellite w/ Labels,,POINT(-97.78543680241765 30.628095409839673),50,,Trees
108,15468,804478460,-97.78543680241765,30.628185241034856,jbspiritous@gmail.com,false,2026-02-27 23:03,979.4 secs,CEO: Mapbox Satellite w/ Labels,,POINT(-97.78543680241765 30.628185241034856),50,,Shrubs
108,15469,804478461,-97.78533240725294,30.627376757276608,jbspiritous@gmail.com,false,2026-02-27 23:03,979.4 secs,CEO: Mapbox Satellite w/ Labels,,POINT(-97.78533240725294 30.627376757276608),50,,Trees
108,15470,804478462,-97.78533240725294,30.627466589138834,jbspiritous@gmail.com,false,2026-02-27 23:03,979.4 secs,CEO: Mapbox Satellite w/ Labels,,POINT(-97.78533240725294 30.627466589138834),50,,Trees
108,15471,804478463,-97.78533240725294,30.627556420917685,jbspiritous@gmail.com,false,2026-02-27 23:03,979.4 secs,CEO: Mapbox Satellite w/ Labels,,POINT(-97.78533240725294 30.627556420917685),50,,Trees
108,15472,804478464,-97.78533240725294,30.62764625261316,jbspiritous@gmail.com,false,2026-02-27 23:03,979.4 secs,CEO: Mapbox Satellite w/ Labels,,POINT(-97.78533240725294 30.62764625261316),50,,Barren
108,15473,804478465,-97.78533240725294,30.627736084225234,jbspiritous@gmail.com,false,2026-02-27 23:03,979.4 secs,CEO: Mapbox Satellite w/ Labels,,POINT(-97.78533240725294 30.627736084225234),50,,Trees
108,15474,804478466,-97.78533240725294,30.62782591575393,jbspiritous@gmail.com,false,2026-02-27 23:03,979.4 secs,CEO: Mapbox Satellite w/ Labels,,POINT(-97.78533240725294 30.62782591575393),50,,Barren
108,15475,804478467,-97.78533240725294,30.62791574719924,jbspiritous@gmail.com,false,2026-02-27 23:03,979.4 secs,CEO: Mapbox Satellite w/ Labels,,POINT(-97.78533240725294 30.62791574719924),50,,Trees
108,15476,804478468,-97.78533240725294,30.628005578561158,jbspiritous@gmail.com,false,2026-02-27 23:03,979.4 secs,CEO: Mapbox Satellite w/ Labels,,POINT(-97.78533240725294 30.628005578561158),50,,Trees
108,15477,804478469,-97.78533240725294,30.628095409839673,jbspiritous@gmail.com,false,2026-02-27 23:03,979.4 secs,CEO: Mapbox Satellite w/ Labels,,POINT(-97.78533240725294 30.628095409839673),50,,Trees
108,15478,804478470,-97.78533240725294,30.628185241034856,jbspiritous@gmail.com,false,2026-02-27 23:03,979.4 secs,CEO: Mapbox Satellite w/ Labels,,POINT(-97.78533240725294 30.628185241034856),50,,Shrubs
108,15479,804478471,-97.78522801208824,30.627376757276608,jbspiritous@gmail.com,false,2026-02-27 23:03,979.4 secs,CEO: Mapbox Satellite w/ Labels,,POINT(-97.78522801208824 30.627376757276608),50,,Trees
108,15480,804478472,-97.78522801208824,30.627466589138834,jbspiritous@gmail.com,false,2026-02-27 23:03,979.4 secs,CEO: Mapbox Satellite w/ Labels,,POINT(-97.78522801208824 30.627466589138834),50,,Shrubs
108,15481,804478473,-97.78522801208824,30.627556420917685,jbspiritous@gmail.com,false,2026-02-27 23:03,979.4 secs,CEO: Mapbox Satellite w/ Labels,,POINT(-97.78522801208824 30.627556420917685),50,,Trees
108,15482,804478474,-97.78522801208824,30.62764625261316,jbspiritous@gmail.com,false,2026-02-27 23:03,979.4 secs,CEO: Mapbox Satellite w/ Labels,,POINT(-97.78522801208824 30.62764625261316),50,,Trees
108,15483,804478475,-97.78522801208824,30.627736084225234,jbspiritous@gmail.com,false,2026-02-27 23:03,979.4 secs,CEO: Mapbox Satellite w/ Labels,,POINT(-97.78522801208824 30.627736084225234),50,,Trees
108,15484,804478476,-97.78522801208824,30.62782591575393,jbspiritous@gmail.com,false,2026-02-27 23:03,979.4 secs,CEO: Mapbox Satellite w/ Labels,,POINT(-97.78522801208824 30.62782591575393),50,,Trees
108,15485,804478477,-97.78522801208824,30.62791574719924,jbspiritous@gmail.com,false,2026-02-27 23:03,979.4 secs,CEO: Mapbox Satellite w/ Labels,,POINT(-97.78522801208824 30.62791574719924),50,,Trees
108,15486,804478478,-97.78522801208824,30.628005578561158,jbspiritous@gmail.com,false,2026-02-27 23:03,979.4 secs,CEO: Mapbox Satellite w/ Labels,,POINT(-97.78522801208824 30.628005578561158),50,,Trees
108,15487,804478479,-97.78522801208824,30.628095409839673,jbspiritous@gmail.com,false,2026-02-27 23:03,979.4 secs,CEO: Mapbox Satellite w/ Labels,,POINT(-97.78522801208824 30.628095409839673),50,,Trees
108,15488,804478480,-97.78522801208824,30.628185241034856,jbspiritous@gmail.com,false,2026-02-27 23:03,979.4 secs,CEO: Mapbox Satellite w/ Labels,,POINT(-97.78522801208824 30.628185241034856),50,,Barren
108,15489,804478481,-97.78512361692351,30.627376757276608,jbspiritous@gmail.com,false,2026-02-27 23:03,979.4 secs,CEO: Mapbox Satellite w/ Labels,,POINT(-97.78512361692351 30.627376757276608),50,,Barren
108,15490,804478482,-97.78512361692351,30.627466589138834,jbspiritous@gmail.com,false,2026-02-27 23:03,979.4 secs,CEO: Mapbox Satellite w/ Labels,,POINT(-97.78512361692351 30.627466589138834),50,,Shrubs
108,15491,804478483,-97.78512361692351,30.627556420917685,jbspiritous@gmail.com,false,2026-02-27 23:03,979.4 secs,CEO: Mapbox Satellite w/ Labels,,POINT(-97.78512361692351 30.627556420917685),50,,Barren
108,15492,804478484,-97.78512361692351,30.62764625261316,jbspiritous@gmail.com,false,2026-02-27 23:03,979.4 secs,CEO: Mapbox Satellite w/ Labels,,POINT(-97.78512361692351 30.62764625261316),50,,Barren
108,15493,804478485,-97.78512361692351,30.627736084225234,jbspiritous@gmail.com,false,2026-02-27 23:03,979.4 secs,CEO: Mapbox Satellite w/ Labels,,POINT(-97.78512361692351 30.627736084225234),50,,Trees
108,15494,804478486,-97.78512361692351,30.62782591575393,jbspiritous@gmail.com,false,2026-02-27 23:03,979.4 secs,CEO: Mapbox Satellite w/ Labels,,POINT(-97.78512361692351 30.62782591575393),50,,Barren
108,15495,804478487,-97.78512361692351,30.62791574719924,jbspiritous@gmail.com,false,2026-02-27 23:03,979.4 secs,CEO: Mapbox Satellite w/ Labels,,POINT(-97.78512361692351 30.62791574719924),50,,Trees
108,15496,804478488,-97.78512361692351,30.628005578561158,jbspiritous@gmail.com,false,2026-02-27 23:03,979.4 secs,CEO: Mapbox Satellite w/ Labels,,POINT(-97.78512361692351 30.628005578561158),50,,Trees
108,15497,804478489,-97.78512361692351,30.628095409839673,jbspiritous@gmail.com,false,2026-02-27 23:03,979.4 secs,CEO: Mapbox Satellite w/ Labels,,POINT(-97.78512361692351 30.628095409839673),50,,Barren
108,15498,804478490,-97.78512361692351,30.628185241034856,jbspiritous@gmail.com,false,2026-02-27 23:03,979.4 secs,CEO: Mapbox Satellite w/ Labels,,POINT(-97.78512361692351 30.628185241034856),50,,Barren
108,15499,804478491,-97.7850192217588,30.627376757276608,jbspiritous@gmail.com,false,2026-02-27 23:03,979.4 secs,CEO: Mapbox Satellite w/ Labels,,POINT(-97.7850192217588 30.627376757276608),50,,Barren
108,15500,804478492,-97.7850192217588,30.627466589138834,jbspiritous@gmail.com,false,2026-02-27 23:03,979.4 secs,CEO: Mapbox Satellite w/ Labels,,POINT(-97.7850192217588 30.627466589138834),50,,Barren
108,15501,804478493,-97.7850192217588,30.627556420917685,jbspiritous@gmail.com,false,2026-02-27 23:03,979.4 secs,CEO: Mapbox Satellite w/ Labels,,POINT(-97.7850192217588 30.627556420917685),50,,Trees
108,15502,804478494,-97.7850192217588,30.62764625261316,jbspiritous@gmail.com,false,2026-02-27 23:03,979.4 secs,CEO: Mapbox Satellite w/ Labels,,POINT(-97.7850192217588 30.62764625261316),50,,Trees
108,15503,804478495,-97.7850192217588,30.627736084225234,jbspiritous@gmail.com,false,2026-02-27 23:03,979.4 secs,CEO: Mapbox Satellite w/ Labels,,POINT(-97.7850192217588 30.627736084225234),50,,Trees
108,15504,804478496,-97.7850192217588,30.62782591575393,jbspiritous@gmail.com,false,2026-02-27 23:03,979.4 secs,CEO: Mapbox Satellite w/ Labels,,POINT(-97.7850192217588 30.62782591575393),50,,Barren
108,15505,804478497,-97.7850192217588,30.62791574719924,jbspiritous@gmail.com,false,2026-02-27 23:03,979.4 secs,CEO: Mapbox Satellite w/ Labels,,POINT(-97.7850192217588 30.62791574719924),50,,Trees
108,15506,804478498,-97.7850192217588,30.628005578561158,jbspiritous@gmail.com,false,2026-02-27 23:03,979.4 secs,CEO: Mapbox Satellite w/ Labels,,POINT(-97.7850192217588 30.628005578561158),50,,Trees
108,15507,804478499,-97.7850192217588,30.628095409839673,jbspiritous@gmail.com,false,2026-02-27 23:03,979.4 secs,CEO: Mapbox Satellite w/ Labels,,POINT(-97.7850192217588 30.628095409839673),50,,Trees
108,15508,804478500,-97.7850192217588,30.628185241034856,jbspiritous@gmail.com,false,2026-02-27 23:03,979.4 secs,CEO: Mapbox Satellite w/ Labels,,POINT(-97.7850192217588 30.628185241034856),50,,Barren
109,15553,804478501,-97.78595880007366,30.631873757276438,jbspiritous@gmail.com,false,2026-02-27 23:15,731.7 secs,CEO: Mapbox Satellite w/ Labels,,POINT(-97.78595880007366 30.631873757276438),50,,Trees
109,15554,804478502,-97.78595880007366,30.63196358913875,jbspiritous@gmail.com,false,2026-02-27 23:15,731.7 secs,CEO: Mapbox Satellite w/ Labels,,POINT(-97.78595880007366 30.63196358913875),50,,Trees
109,15555,804478503,-97.78595880007366,30.632053420917643,jbspiritous@gmail.com,false,2026-02-27 23:15,731.7 secs,CEO: Mapbox Satellite w/ Labels,,POINT(-97.78595880007366 30.632053420917643),50,,Trees
109,15556,804478504,-97.78595880007366,30.632143252613147,jbspiritous@gmail.com,false,2026-02-27 23:15,731.7 secs,CEO: Mapbox Satellite w/ Labels,,POINT(-97.78595880007366 30.632143252613147),50,,Trees
109,15557,804478505,-97.78595880007366,30.632233084225234,jbspiritous@gmail.com,false,2026-02-27 23:15,731.7 secs,CEO: Mapbox Satellite w/ Labels,,POINT(-97.78595880007366 30.632233084225234),50,,Trees
109,15558,804478506,-97.78595880007366,30.63232291575393,jbspiritous@gmail.com,false,2026-02-27 23:15,731.7 secs,CEO: Mapbox Satellite w/ Labels,,POINT(-97.78595880007366 30.63232291575393),50,,Trees
109,15559,804478507,-97.78595880007366,30.63241274719921,jbspiritous@gmail.com,false,2026-02-27 23:15,731.7 secs,CEO: Mapbox Satellite w/ Labels,,POINT(-97.78595880007366 30.63241274719921),50,,Trees
109,15560,804478508,-97.78595880007366,30.632502578561102,jbspiritous@gmail.com,false,2026-02-27 23:15,731.7 secs,CEO: Mapbox Satellite w/ Labels,,POINT(-97.78595880007366 30.632502578561102),50,,Trees
109,15561,804478509,-97.78595880007366,30.632592409839603,jbspiritous@gmail.com,false,2026-02-27 23:15,731.7 secs,CEO: Mapbox Satellite w/ Labels,,POINT(-97.78595880007366 30.632592409839603),50,,Trees
109,15562,804478510,-97.78595880007366,30.6326822410347,jbspiritous@gmail.com,false,2026-02-27 23:15,731.7 secs,CEO: Mapbox Satellite w/ Labels,,POINT(-97.78595880007366 30.6326822410347),50,,Trees
109,15563,804478511,-97.78585440005729,30.631873757276438,jbspiritous@gmail.com,false,2026-02-27 23:15,731.7 secs,CEO: Mapbox Satellite w/ Labels,,POINT(-97.78585440005729 30.631873757276438),50,,Trees
109,15564,804478512,-97.78585440005729,30.63196358913875,jbspiritous@gmail.com,false,2026-02-27 23:15,731.7 secs,CEO: Mapbox Satellite w/ Labels,,POINT(-97.78585440005729 30.63196358913875),50,,Trees
109,15565,804478513,-97.78585440005729,30.632053420917643,jbspiritous@gmail.com,false,2026-02-27 23:15,731.7 secs,CEO: Mapbox Satellite w/ Labels,,POINT(-97.78585440005729 30.632053420917643),50,,Trees
109,15566,804478514,-97.78585440005729,30.632143252613147,jbspiritous@gmail.com,false,2026-02-27 23:15,731.7 secs,CEO: Mapbox Satellite w/ Labels,,POINT(-97.78585440005729 30.632143252613147),50,,Trees
109,15567,804478515,-97.78585440005729,30.632233084225234,jbspiritous@gmail.com,false,2026-02-27 23:15,731.7 secs,CEO: Mapbox Satellite w/ Labels,,POINT(-97.78585440005729 30.632233084225234),50,,Barren
109,15568,804478516,-97.78585440005729,30.63232291575393,jbspiritous@gmail.com,false,2026-02-27 23:15,731.7 secs,CEO: Mapbox Satellite w/ Labels,,POINT(-97.78585440005729 30.63232291575393),50,,Trees
109,15569,804478517,-97.78585440005729,30.63241274719921,jbspiritous@gmail.com,false,2026-02-27 23:15,731.7 secs,CEO: Mapbox Satellite w/ Labels,,POINT(-97.78585440005729 30.63241274719921),50,,Trees
109,15570,804478518,-97.78585440005729,30.632502578561102,jbspiritous@gmail.com,false,2026-02-27 23:15,731.7 secs,CEO: Mapbox Satellite w/ Labels,,POINT(-97.78585440005729 30.632502578561102),50,,Trees
109,15571,804478519,-97.78585440005729,30.632592409839603,jbspiritous@gmail.com,false,2026-02-27 23:15,731.7 secs,CEO: Mapbox Satellite w/ Labels,,POINT(-97.78585440005729 30.632592409839603),50,,Trees
109,15572,804478520,-97.78585440005729,30.6326822410347,jbspiritous@gmail.com,false,2026-02-27 23:15,731.7 secs,CEO: Mapbox Satellite w/ Labels,,POINT(-97.78585440005729 30.6326822410347),50,,Trees
109,15573,804478521,-97.7857500000409,30.631873757276438,jbspiritous@gmail.com,false,2026-02-27 23:15,731.7 secs,CEO: Mapbox Satellite w/ Labels,,POINT(-97.7857500000409 30.631873757276438),50,,Trees
109,15574,804478522,-97.7857500000409,30.63196358913875,jbspiritous@gmail.com,false,2026-02-27 23:15,731.7 secs,CEO: Mapbox Satellite w/ Labels,,POINT(-97.7857500000409 30.63196358913875),50,,Trees
109,15575,804478523,-97.7857500000409,30.632053420917643,jbspiritous@gmail.com,false,2026-02-27 23:15,731.7 secs,CEO: Mapbox Satellite w/ Labels,,POINT(-97.7857500000409 30.632053420917643),50,,Trees
109,15576,804478524,-97.7857500000409,30.632143252613147,jbspiritous@gmail.com,false,2026-02-27 23:15,731.7 secs,CEO: Mapbox Satellite w/ Labels,,POINT(-97.7857500000409 30.632143252613147),50,,Trees
109,15577,804478525,-97.7857500000409,30.632233084225234,jbspiritous@gmail.com,false,2026-02-27 23:15,731.7 secs,CEO: Mapbox Satellite w/ Labels,,POINT(-97.7857500000409 30.632233084225234),50,,Trees
109,15578,804478526,-97.7857500000409,30.63232291575393,jbspiritous@gmail.com,false,2026-02-27 23:15,731.7 secs,CEO: Mapbox Satellite w/ Labels,,POINT(-97.7857500000409 30.63232291575393),50,,Trees
109,15579,804478527,-97.7857500000409,30.63241274719921,jbspiritous@gmail.com,false,2026-02-27 23:15,731.7 secs,CEO: Mapbox Satellite w/ Labels,,POINT(-97.7857500000409 30.63241274719921),50,,Trees
109,15580,804478528,-97.7857500000409,30.632502578561102,jbspiritous@gmail.com,false,2026-02-27 23:15,731.7 secs,CEO: Mapbox Satellite w/ Labels,,POINT(-97.7857500000409 30.632502578561102),50,,Trees
109,15581,804478529,-97.7857500000409,30.632592409839603,jbspiritous@gmail.com,false,2026-02-27 23:15,731.7 secs,CEO: Mapbox Satellite w/ Labels,,POINT(-97.7857500000409 30.632592409839603),50,,Trees
109,15582,804478530,-97.7857500000409,30.6326822410347,jbspiritous@gmail.com,false,2026-02-27 23:15,731.7 secs,CEO: Mapbox Satellite w/ Labels,,POINT(-97.7857500000409 30.6326822410347),50,,Trees
109,15583,804478531,-97.78564560002455,30.631873757276438,jbspiritous@gmail.com,false,2026-02-27 23:15,731.7 secs,CEO: Mapbox Satellite w/ Labels,,POINT(-97.78564560002455 30.631873757276438),50,,Trees
109,15584,804478532,-97.78564560002455,30.63196358913875,jbspiritous@gmail.com,false,2026-02-27 23:15,731.7 secs,CEO: Mapbox Satellite w/ Labels,,POINT(-97.78564560002455 30.63196358913875),50,,Trees
109,15585,804478533,-97.78564560002455,30.632053420917643,jbspiritous@gmail.com,false,2026-02-27 23:15,731.7 secs,CEO: Mapbox Satellite w/ Labels,,POINT(-97.78564560002455 30.632053420917643),50,,Trees
109,15586,804478534,-97.78564560002455,30.632143252613147,jbspiritous@gmail.com,false,2026-02-27 23:15,731.7 secs,CEO: Mapbox Satellite w/ Labels,,POINT(-97.78564560002455 30.632143252613147),50,,Trees
109,15587,804478535,-97.78564560002455,30.632233084225234,jbspiritous@gmail.com,false,2026-02-27 23:15,731.7 secs,CEO: Mapbox Satellite w/ Labels,,POINT(-97.78564560002455 30.632233084225234),50,,Barren
109,15588,804478536,-97.78564560002455,30.63232291575393,jbspiritous@gmail.com,false,2026-02-27 23:15,731.7 secs,CEO: Mapbox Satellite w/ Labels,,POINT(-97.78564560002455 30.63232291575393),50,,Trees
109,15589,804478537,-97.78564560002455,30.63241274719921,jbspiritous@gmail.com,false,2026-02-27 23:15,731.7 secs,CEO: Mapbox Satellite w/ Labels,,POINT(-97.78564560002455 30.63241274719921),50,,Trees
109,15590,804478538,-97.78564560002455,30.632502578561102,jbspiritous@gmail.com,false,2026-02-27 23:15,731.7 secs,CEO: Mapbox Satellite w/ Labels,,POINT(-97.78564560002455 30.632502578561102),50,,Trees
109,15591,804478539,-97.78564560002455,30.632592409839603,jbspiritous@gmail.com,false,2026-02-27 23:15,731.7 secs,CEO: Mapbox Satellite w/ Labels,,POINT(-97.78564560002455 30.632592409839603),50,,Trees
109,15592,804478540,-97.78564560002455,30.6326822410347,jbspiritous@gmail.com,false,2026-02-27 23:15,731.7 secs,CEO: Mapbox Satellite w/ Labels,,POINT(-97.78564560002455 30.6326822410347),50,,Trees
109,15593,804478541,-97.78554120000818,30.631873757276438,jbspiritous@gmail.com,false,2026-02-27 23:15,731.7 secs,CEO: Mapbox Satellite w/ Labels,,POINT(-97.78554120000818 30.631873757276438),50,,Trees
109,15594,804478542,-97.78554120000818,30.63196358913875,jbspiritous@gmail.com,false,2026-02-27 23:15,731.7 secs,CEO: Mapbox Satellite w/ Labels,,POINT(-97.78554120000818 30.63196358913875),50,,Trees
109,15595,804478543,-97.78554120000818,30.632053420917643,jbspiritous@gmail.com,false,2026-02-27 23:15,731.7 secs,CEO: Mapbox Satellite w/ Labels,,POINT(-97.78554120000818 30.632053420917643),50,,Trees
109,15596,804478544,-97.78554120000818,30.632143252613147,jbspiritous@gmail.com,false,2026-02-27 23:15,731.7 secs,CEO: Mapbox Satellite w/ Labels,,POINT(-97.78554120000818 30.632143252613147),50,,Trees
109,15597,804478545,-97.78554120000818,30.632233084225234,jbspiritous@gmail.com,false,2026-02-27 23:15,731.7 secs,CEO: Mapbox Satellite w/ Labels,,POINT(-97.78554120000818 30.632233084225234),50,,Trees
109,15598,804478546,-97.78554120000818,30.63232291575393,jbspiritous@gmail.com,false,2026-02-27 23:15,731.7 secs,CEO: Mapbox Satellite w/ Labels,,POINT(-97.78554120000818 30.63232291575393),50,,Trees
109,15599,804478547,-97.78554120000818,30.63241274719921,jbspiritous@gmail.com,false,2026-02-27 23:15,731.7 secs,CEO: Mapbox Satellite w/ Labels,,POINT(-97.78554120000818 30.63241274719921),50,,Trees
109,15600,804478548,-97.78554120000818,30.632502578561102,jbspiritous@gmail.com,false,2026-02-27 23:15,731.7 secs,CEO: Mapbox Satellite w/ Labels,,POINT(-97.78554120000818 30.632502578561102),50,,Trees
109,15601,804478549,-97.78554120000818,30.632592409839603,jbspiritous@gmail.com,false,2026-02-27 23:15,731.7 secs,CEO: Mapbox Satellite w/ Labels,,POINT(-97.78554120000818 30.632592409839603),50,,Trees
109,15602,804478550,-97.78554120000818,30.6326822410347,jbspiritous@gmail.com,false,2026-02-27 23:15,731.7 secs,CEO: Mapbox Satellite w/ Labels,,POINT(-97.78554120000818 30.6326822410347),50,,Trees
109,15603,804478551,-97.78543679999181,30.631873757276438,jbspiritous@gmail.com,false,2026-02-27 23:15,731.7 secs,CEO: Mapbox Satellite w/ Labels,,POINT(-97.78543679999181 30.631873757276438),50,,Barren
109,15604,804478552,-97.78543679999181,30.63196358913875,jbspiritous@gmail.com,false,2026-02-27 23:15,731.7 secs,CEO: Mapbox Satellite w/ Labels,,POINT(-97.78543679999181 30.63196358913875),50,,Barren
109,15605,804478553,-97.78543679999181,30.632053420917643,jbspiritous@gmail.com,false,2026-02-27 23:15,731.7 secs,CEO: Mapbox Satellite w/ Labels,,POINT(-97.78543679999181 30.632053420917643),50,,Trees
109,15606,804478554,-97.78543679999181,30.632143252613147,jbspiritous@gmail.com,false,2026-02-27 23:15,731.7 secs,CEO: Mapbox Satellite w/ Labels,,POINT(-97.78543679999181 30.632143252613147),50,,Trees
109,15607,804478555,-97.78543679999181,30.632233084225234,jbspiritous@gmail.com,false,2026-02-27 23:15,731.7 secs,CEO: Mapbox Satellite w/ Labels,,POINT(-97.78543679999181 30.632233084225234),50,,Trees
109,15608,804478556,-97.78543679999181,30.63232291575393,jbspiritous@gmail.com,false,2026-02-27 23:15,731.7 secs,CEO: Mapbox Satellite w/ Labels,,POINT(-97.78543679999181 30.63232291575393),50,,Trees
109,15609,804478557,-97.78543679999181,30.63241274719921,jbspiritous@gmail.com,false,2026-02-27 23:15,731.7 secs,CEO: Mapbox Satellite w/ Labels,,POINT(-97.78543679999181 30.63241274719921),50,,Trees
109,15610,804478558,-97.78543679999181,30.632502578561102,jbspiritous@gmail.com,false,2026-02-27 23:15,731.7 secs,CEO: Mapbox Satellite w/ Labels,,POINT(-97.78543679999181 30.632502578561102),50,,Trees
109,15611,804478559,-97.78543679999181,30.632592409839603,jbspiritous@gmail.com,false,2026-02-27 23:15,731.7 secs,CEO: Mapbox Satellite w/ Labels,,POINT(-97.78543679999181 30.632592409839603),50,,Trees
109,15612,804478560,-97.78543679999181,30.6326822410347,jbspiritous@gmail.com,false,2026-02-27 23:15,731.7 secs,CEO: Mapbox Satellite w/ Labels,,POINT(-97.78543679999181 30.6326822410347),50,,Trees
109,15613,804478561,-97.78533239997543,30.631873757276438,jbspiritous@gmail.com,false,2026-02-27 23:15,731.7 secs,CEO: Mapbox Satellite w/ Labels,,POINT(-97.78533239997543 30.631873757276438),50,,Trees
109,15614,804478562,-97.78533239997543,30.63196358913875,jbspiritous@gmail.com,false,2026-02-27 23:15,731.7 secs,CEO: Mapbox Satellite w/ Labels,,POINT(-97.78533239997543 30.63196358913875),50,,Barren
109,15615,804478563,-97.78533239997543,30.632053420917643,jbspiritous@gmail.com,false,2026-02-27 23:15,731.7 secs,CEO: Mapbox Satellite w/ Labels,,POINT(-97.78533239997543 30.632053420917643),50,,Barren
109,15616,804478564,-97.78533239997543,30.632143252613147,jbspiritous@gmail.com,false,2026-02-27 23:15,731.7 secs,CEO: Mapbox Satellite w/ Labels,,POINT(-97.78533239997543 30.632143252613147),50,,Trees
109,15617,804478565,-97.78533239997543,30.632233084225234,jbspiritous@gmail.com,false,2026-02-27 23:15,731.7 secs,CEO: Mapbox Satellite w/ Labels,,POINT(-97.78533239997543 30.632233084225234),50,,Trees
109,15618,804478566,-97.78533239997543,30.63232291575393,jbspiritous@gmail.com,false,2026-02-27 23:15,731.7 secs,CEO: Mapbox Satellite w/ Labels,,POINT(-97.78533239997543 30.63232291575393),50,,Trees
109,15619,804478567,-97.78533239997543,30.63241274719921,jbspiritous@gmail.com,false,2026-02-27 23:15,731.7 secs,CEO: Mapbox Satellite w/ Labels,,POINT(-97.78533239997543 30.63241274719921),50,,Trees
109,15620,804478568,-97.78533239997543,30.632502578561102,jbspiritous@gmail.com,false,2026-02-27 23:15,731.7 secs,CEO: Mapbox Satellite w/ Labels,,POINT(-97.78533239997543 30.632502578561102),50,,Trees
109,15621,804478569,-97.78533239997543,30.632592409839603,jbspiritous@gmail.com,false,2026-02-27 23:15,731.7 secs,CEO: Mapbox Satellite w/ Labels,,POINT(-97.78533239997543 30.632592409839603),50,,Trees
109,15622,804478570,-97.78533239997543,30.6326822410347,jbspiritous@gmail.com,false,2026-02-27 23:15,731.7 secs,CEO: Mapbox Satellite w/ Labels,,POINT(-97.78533239997543 30.6326822410347),50,,Trees
109,15623,804478571,-97.78522799995908,30.631873757276438,jbspiritous@gmail.com,false,2026-02-27 23:15,731.7 secs,CEO: Mapbox Satellite w/ Labels,,POINT(-97.78522799995908 30.631873757276438),50,,Trees
109,15624,804478572,-97.78522799995908,30.63196358913875,jbspiritous@gmail.com,false,2026-02-27 23:15,731.7 secs,CEO: Mapbox Satellite w/ Labels,,POINT(-97.78522799995908 30.63196358913875),50,,Trees
109,15625,804478573,-97.78522799995908,30.632053420917643,jbspiritous@gmail.com,false,2026-02-27 23:15,731.7 secs,CEO: Mapbox Satellite w/ Labels,,POINT(-97.78522799995908 30.632053420917643),50,,Trees
109,15626,804478574,-97.78522799995908,30.632143252613147,jbspiritous@gmail.com,false,2026-02-27 23:15,731.7 secs,CEO: Mapbox Satellite w/ Labels,,POINT(-97.78522799995908 30.632143252613147),50,,Trees
109,15627,804478575,-97.78522799995908,30.632233084225234,jbspiritous@gmail.com,false,2026-02-27 23:15,731.7 secs,CEO: Mapbox Satellite w/ Labels,,POINT(-97.78522799995908 30.632233084225234),50,,Trees
109,15628,804478576,-97.78522799995908,30.63232291575393,jbspiritous@gmail.com,false,2026-02-27 23:15,731.7 secs,CEO: Mapbox Satellite w/ Labels,,POINT(-97.78522799995908 30.63232291575393),50,,Trees
109,15629,804478577,-97.78522799995908,30.63241274719921,jbspiritous@gmail.com,false,2026-02-27 23:15,731.7 secs,CEO: Mapbox Satellite w/ Labels,,POINT(-97.78522799995908 30.63241274719921),50,,Trees
109,15630,804478578,-97.78522799995908,30.632502578561102,jbspiritous@gmail.com,false,2026-02-27 23:15,731.7 secs,CEO: Mapbox Satellite w/ Labels,,POINT(-97.78522799995908 30.632502578561102),50,,Trees
109,15631,804478579,-97.78522799995908,30.632592409839603,jbspiritous@gmail.com,false,2026-02-27 23:15,731.7 secs,CEO: Mapbox Satellite w/ Labels,,POINT(-97.78522799995908 30.632592409839603),50,,Trees
109,15632,804478580,-97.78522799995908,30.6326822410347,jbspiritous@gmail.com,false,2026-02-27 23:15,731.7 secs,CEO: Mapbox Satellite w/ Labels,,POINT(-97.78522799995908 30.6326822410347),50,,Shrubs
109,15633,804478581,-97.78512359994271,30.631873757276438,jbspiritous@gmail.com,false,2026-02-27 23:15,731.7 secs,CEO: Mapbox Satellite w/ Labels,,POINT(-97.78512359994271 30.631873757276438),50,,Barren
109,15634,804478582,-97.78512359994271,30.63196358913875,jbspiritous@gmail.com,false,2026-02-27 23:15,731.7 secs,CEO: Mapbox Satellite w/ Labels,,POINT(-97.78512359994271 30.63196358913875),50,,Trees
109,15635,804478583,-97.78512359994271,30.632053420917643,jbspiritous@gmail.com,false,2026-02-27 23:15,731.7 secs,CEO: Mapbox Satellite w/ Labels,,POINT(-97.78512359994271 30.632053420917643),50,,Trees
109,15636,804478584,-97.78512359994271,30.632143252613147,jbspiritous@gmail.com,false,2026-02-27 23:15,731.7 secs,CEO: Mapbox Satellite w/ Labels,,POINT(-97.78512359994271 30.632143252613147),50,,Trees
109,15637,804478585,-97.78512359994271,30.632233084225234,jbspiritous@gmail.com,false,2026-02-27 23:15,731.7 secs,CEO: Mapbox Satellite w/ Labels,,POINT(-97.78512359994271 30.632233084225234),50,,Trees
109,15638,804478586,-97.78512359994271,30.63232291575393,jbspiritous@gmail.com,false,2026-02-27 23:15,731.7 secs,CEO: Mapbox Satellite w/ Labels,,POINT(-97.78512359994271 30.63232291575393),50,,Trees
109,15639,804478587,-97.78512359994271,30.63241274719921,jbspiritous@gmail.com,false,2026-02-27 23:15,731.7 secs,CEO: Mapbox Satellite w/ Labels,,POINT(-97.78512359994271 30.63241274719921),50,,Trees
109,15640,804478588,-97.78512359994271,30.632502578561102,jbspiritous@gmail.com,false,2026-02-27 23:15,731.7 secs,CEO: Mapbox Satellite w/ Labels,,POINT(-97.78512359994271 30.632502578561102),50,,Trees
109,15641,804478589,-97.78512359994271,30.632592409839603,jbspiritous@gmail.com,false,2026-02-27 23:15,731.7 secs,CEO: Mapbox Satellite w/ Labels,,POINT(-97.78512359994271 30.632592409839603),50,,Trees
109,15642,804478590,-97.78512359994271,30.6326822410347,jbspiritous@gmail.com,false,2026-02-27 23:15,731.7 secs,CEO: Mapbox Satellite w/ Labels,,POINT(-97.78512359994271 30.6326822410347),50,,Trees
109,15643,804478591,-97.78501919992634,30.631873757276438,jbspiritous@gmail.com,false,2026-02-27 23:15,731.7 secs,CEO: Mapbox Satellite w/ Labels,,POINT(-97.78501919992634 30.631873757276438),50,,Trees
109,15644,804478592,-97.78501919992634,30.63196358913875,jbspiritous@gmail.com,false,2026-02-27 23:15,731.7 secs,CEO: Mapbox Satellite w/ Labels,,POINT(-97.78501919992634 30.63196358913875),50,,Trees
109,15645,804478593,-97.78501919992634,30.632053420917643,jbspiritous@gmail.com,false,2026-02-27 23:15,731.7 secs,CEO: Mapbox Satellite w/ Labels,,POINT(-97.78501919992634 30.632053420917643),50,,Trees
109,15646,804478594,-97.78501919992634,30.632143252613147,jbspiritous@gmail.com,false,2026-02-27 23:15,731.7 secs,CEO: Mapbox Satellite w/ Labels,,POINT(-97.78501919992634 30.632143252613147),50,,Barren
109,15647,804478595,-97.78501919992634,30.632233084225234,jbspiritous@gmail.com,false,2026-02-27 23:15,731.7 secs,CEO: Mapbox Satellite w/ Labels,,POINT(-97.78501919992634 30.632233084225234),50,,Trees
109,15648,804478596,-97.78501919992634,30.63232291575393,jbspiritous@gmail.com,false,2026-02-27 23:15,731.7 secs,CEO: Mapbox Satellite w/ Labels,,POINT(-97.78501919992634 30.63232291575393),50,,Trees
109,15649,804478597,-97.78501919992634,30.63241274719921,jbspiritous@gmail.com,false,2026-02-27 23:15,731.7 secs,CEO: Mapbox Satellite w/ Labels,,POINT(-97.78501919992634 30.63241274719921),50,,Trees
109,15650,804478598,-97.78501919992634,30.632502578561102,jbspiritous@gmail.com,false,2026-02-27 23:15,731.7 secs,CEO: Mapbox Satellite w/ Labels,,POINT(-97.78501919992634 30.632502578561102),50,,Trees
109,15651,804478599,-97.78501919992634,30.632592409839603,jbspiritous@gmail.com,false,2026-02-27 23:15,731.7 secs,CEO: Mapbox Satellite w/ Labels,,POINT(-97.78501919992634 30.632592409839603),50,,Trees
109,15652,804478600,-97.78501919992634,30.6326822410347,jbspiritous@gmail.com,false,2026-02-27 23:15,731.7 secs,CEO: Mapbox Satellite w/ Labels,,POINT(-97.78501919992634 30.6326822410347),50,,Trees
110,15697,804478601,-97.78595882190619,30.636369757276285,jbspiritous@gmail.com,false,2026-02-27 23:27,768.3 secs,CEO: Mapbox Satellite w/ Labels,,POINT(-97.78595882190619 30.636369757276285),50,,Grasses
110,15698,804478602,-97.78595882190619,30.636459589138653,jbspiritous@gmail.com,false,2026-02-27 23:27,768.3 secs,CEO: Mapbox Satellite w/ Labels,,POINT(-97.78595882190619 30.636459589138653),50,,Grasses
110,15699,804478603,-97.78595882190619,30.63654942091759,jbspiritous@gmail.com,false,2026-02-27 23:27,768.3 secs,CEO: Mapbox Satellite w/ Labels,,POINT(-97.78595882190619 30.63654942091759),50,,Grasses
110,15700,804478604,-97.78595882190619,30.636639252613108,jbspiritous@gmail.com,false,2026-02-27 23:27,768.3 secs,CEO: Mapbox Satellite w/ Labels,,POINT(-97.78595882190619 30.636639252613108),50,,Grasses
110,15701,804478605,-97.78595882190619,30.636729084225237,jbspiritous@gmail.com,false,2026-02-27 23:27,768.3 secs,CEO: Mapbox Satellite w/ Labels,,POINT(-97.78595882190619 30.636729084225237),50,,Grasses
110,15702,804478606,-97.78595882190619,30.636818915753906,jbspiritous@gmail.com,false,2026-02-27 23:27,768.3 secs,CEO: Mapbox Satellite w/ Labels,,POINT(-97.78595882190619 30.636818915753906),50,,Grasses
110,15703,804478607,-97.78595882190619,30.6369087471992,jbspiritous@gmail.com,false,2026-02-27 23:27,768.3 secs,CEO: Mapbox Satellite w/ Labels,,POINT(-97.78595882190619 30.6369087471992),50,,Built-up structures
110,15704,804478608,-97.78595882190619,30.636998578561062,jbspiritous@gmail.com,false,2026-02-27 23:27,768.3 secs,CEO: Mapbox Satellite w/ Labels,,POINT(-97.78595882190619 30.636998578561062),50,,Built-up structures
110,15705,804478609,-97.78595882190619,30.637088409839492,jbspiritous@gmail.com,false,2026-02-27 23:27,768.3 secs,CEO: Mapbox Satellite w/ Labels,,POINT(-97.78595882190619 30.637088409839492),50,,Built-up structures
110,15706,804478610,-97.78595882190619,30.637178241034547,jbspiritous@gmail.com,false,2026-02-27 23:27,768.3 secs,CEO: Mapbox Satellite w/ Labels,,POINT(-97.78595882190619 30.637178241034547),50,,Built-up structures
110,15707,804478611,-97.78585441703815,30.636369757276285,jbspiritous@gmail.com,false,2026-02-27 23:27,768.3 secs,CEO: Mapbox Satellite w/ Labels,,POINT(-97.78585441703815 30.636369757276285),50,,Grasses
110,15708,804478612,-97.78585441703815,30.636459589138653,jbspiritous@gmail.com,false,2026-02-27 23:27,768.3 secs,CEO: Mapbox Satellite w/ Labels,,POINT(-97.78585441703815 30.636459589138653),50,,Grasses
110,15709,804478613,-97.78585441703815,30.63654942091759,jbspiritous@gmail.com,false,2026-02-27 23:27,768.3 secs,CEO: Mapbox Satellite w/ Labels,,POINT(-97.78585441703815 30.63654942091759),50,,Grasses
110,15710,804478614,-97.78585441703815,30.636639252613108,jbspiritous@gmail.com,false,2026-02-27 23:27,768.3 secs,CEO: Mapbox Satellite w/ Labels,,POINT(-97.78585441703815 30.636639252613108),50,,Grasses
110,15711,804478615,-97.78585441703815,30.636729084225237,jbspiritous@gmail.com,false,2026-02-27 23:27,768.3 secs,CEO: Mapbox Satellite w/ Labels,,POINT(-97.78585441703815 30.636729084225237),50,,Grasses
110,15712,804478616,-97.78585441703815,30.636818915753906,jbspiritous@gmail.com,false,2026-02-27 23:27,768.3 secs,CEO: Mapbox Satellite w/ Labels,,POINT(-97.78585441703815 30.636818915753906),50,,Grasses
110,15713,804478617,-97.78585441703815,30.6369087471992,jbspiritous@gmail.com,false,2026-02-27 23:27,768.3 secs,CEO: Mapbox Satellite w/ Labels,,POINT(-97.78585441703815 30.6369087471992),50,,Built-up structures
110,15714,804478618,-97.78585441703815,30.636998578561062,jbspiritous@gmail.com,false,2026-02-27 23:27,768.3 secs,CEO: Mapbox Satellite w/ Labels,,POINT(-97.78585441703815 30.636998578561062),50,,Built-up structures
110,15715,804478619,-97.78585441703815,30.637088409839492,jbspiritous@gmail.com,false,2026-02-27 23:27,768.3 secs,CEO: Mapbox Satellite w/ Labels,,POINT(-97.78585441703815 30.637088409839492),50,,Built-up structures
110,15716,804478620,-97.78585441703815,30.637178241034547,jbspiritous@gmail.com,false,2026-02-27 23:27,768.3 secs,CEO: Mapbox Satellite w/ Labels,,POINT(-97.78585441703815 30.637178241034547),50,,Built-up structures
110,15717,804478621,-97.78575001217011,30.636369757276285,jbspiritous@gmail.com,false,2026-02-27 23:27,768.3 secs,CEO: Mapbox Satellite w/ Labels,,POINT(-97.78575001217011 30.636369757276285),50,,Grasses
110,15718,804478622,-97.78575001217011,30.636459589138653,jbspiritous@gmail.com,false,2026-02-27 23:27,768.3 secs,CEO: Mapbox Satellite w/ Labels,,POINT(-97.78575001217011 30.636459589138653),50,,Grasses
110,15719,804478623,-97.78575001217011,30.63654942091759,jbspiritous@gmail.com,false,2026-02-27 23:27,768.3 secs,CEO: Mapbox Satellite w/ Labels,,POINT(-97.78575001217011 30.63654942091759),50,,Grasses
110,15720,804478624,-97.78575001217011,30.636639252613108,jbspiritous@gmail.com,false,2026-02-27 23:27,768.3 secs,CEO: Mapbox Satellite w/ Labels,,POINT(-97.78575001217011 30.636639252613108),50,,Grasses
110,15721,804478625,-97.78575001217011,30.636729084225237,jbspiritous@gmail.com,false,2026-02-27 23:27,768.3 secs,CEO: Mapbox Satellite w/ Labels,,POINT(-97.78575001217011 30.636729084225237),50,,Grasses
110,15722,804478626,-97.78575001217011,30.636818915753906,jbspiritous@gmail.com,false,2026-02-27 23:27,768.3 secs,CEO: Mapbox Satellite w/ Labels,,POINT(-97.78575001217011 30.636818915753906),50,,Grasses
110,15723,804478627,-97.78575001217011,30.6369087471992,jbspiritous@gmail.com,false,2026-02-27 23:27,768.3 secs,CEO: Mapbox Satellite w/ Labels,,POINT(-97.78575001217011 30.6369087471992),50,,Grasses
110,15724,804478628,-97.78575001217011,30.636998578561062,jbspiritous@gmail.com,false,2026-02-27 23:27,768.3 secs,CEO: Mapbox Satellite w/ Labels,,POINT(-97.78575001217011 30.636998578561062),50,,Built-up structures
110,15725,804478629,-97.78575001217011,30.637088409839492,jbspiritous@gmail.com,false,2026-02-27 23:27,768.3 secs,CEO: Mapbox Satellite w/ Labels,,POINT(-97.78575001217011 30.637088409839492),50,,Built-up structures
110,15726,804478630,-97.78575001217011,30.637178241034547,jbspiritous@gmail.com,false,2026-02-27 23:27,768.3 secs,CEO: Mapbox Satellite w/ Labels,,POINT(-97.78575001217011 30.637178241034547),50,,Built-up structures
110,15727,804478631,-97.78564560730207,30.636369757276285,jbspiritous@gmail.com,false,2026-02-27 23:27,768.3 secs,CEO: Mapbox Satellite w/ Labels,,POINT(-97.78564560730207 30.636369757276285),50,,Grasses
110,15728,804478632,-97.78564560730207,30.636459589138653,jbspiritous@gmail.com,false,2026-02-27 23:27,768.3 secs,CEO: Mapbox Satellite w/ Labels,,POINT(-97.78564560730207 30.636459589138653),50,,Grasses
110,15729,804478633,-97.78564560730207,30.63654942091759,jbspiritous@gmail.com,false,2026-02-27 23:27,768.3 secs,CEO: Mapbox Satellite w/ Labels,,POINT(-97.78564560730207 30.63654942091759),50,,Trees
110,15730,804478634,-97.78564560730207,30.636639252613108,jbspiritous@gmail.com,false,2026-02-27 23:27,768.3 secs,CEO: Mapbox Satellite w/ Labels,,POINT(-97.78564560730207 30.636639252613108),50,,Trees
110,15731,804478635,-97.78564560730207,30.636729084225237,jbspiritous@gmail.com,false,2026-02-27 23:27,768.3 secs,CEO: Mapbox Satellite w/ Labels,,POINT(-97.78564560730207 30.636729084225237),50,,Grasses
110,15732,804478636,-97.78564560730207,30.636818915753906,jbspiritous@gmail.com,false,2026-02-27 23:27,768.3 secs,CEO: Mapbox Satellite w/ Labels,,POINT(-97.78564560730207 30.636818915753906),50,,Grasses
110,15733,804478637,-97.78564560730207,30.6369087471992,jbspiritous@gmail.com,false,2026-02-27 23:27,768.3 secs,CEO: Mapbox Satellite w/ Labels,,POINT(-97.78564560730207 30.6369087471992),50,,Grasses
110,15734,804478638,-97.78564560730207,30.636998578561062,jbspiritous@gmail.com,false,2026-02-27 23:27,768.3 secs,CEO: Mapbox Satellite w/ Labels,,POINT(-97.78564560730207 30.636998578561062),50,,Grasses
110,15735,804478639,-97.78564560730207,30.637088409839492,jbspiritous@gmail.com,false,2026-02-27 23:27,768.3 secs,CEO: Mapbox Satellite w/ Labels,,POINT(-97.78564560730207 30.637088409839492),50,,Built-up structures
110,15736,804478640,-97.78564560730207,30.637178241034547,jbspiritous@gmail.com,false,2026-02-27 23:27,768.3 secs,CEO: Mapbox Satellite w/ Labels,,POINT(-97.78564560730207 30.637178241034547),50,,Built-up structures
110,15737,804478641,-97.78554120243403,30.636369757276285,jbspiritous@gmail.com,false,2026-02-27 23:27,768.3 secs,CEO: Mapbox Satellite w/ Labels,,POINT(-97.78554120243403 30.636369757276285),50,,Grasses
110,15738,804478642,-97.78554120243403,30.636459589138653,jbspiritous@gmail.com,false,2026-02-27 23:27,768.3 secs,CEO: Mapbox Satellite w/ Labels,,POINT(-97.78554120243403 30.636459589138653),50,,Trees
110,15739,804478643,-97.78554120243403,30.63654942091759,jbspiritous@gmail.com,false,2026-02-27 23:27,768.3 secs,CEO: Mapbox Satellite w/ Labels,,POINT(-97.78554120243403 30.63654942091759),50,,Trees
110,15740,804478644,-97.78554120243403,30.636639252613108,jbspiritous@gmail.com,false,2026-02-27 23:27,768.3 secs,CEO: Mapbox Satellite w/ Labels,,POINT(-97.78554120243403 30.636639252613108),50,,Trees
110,15741,804478645,-97.78554120243403,30.636729084225237,jbspiritous@gmail.com,false,2026-02-27 23:27,768.3 secs,CEO: Mapbox Satellite w/ Labels,,POINT(-97.78554120243403 30.636729084225237),50,,Grasses
110,15742,804478646,-97.78554120243403,30.636818915753906,jbspiritous@gmail.com,false,2026-02-27 23:27,768.3 secs,CEO: Mapbox Satellite w/ Labels,,POINT(-97.78554120243403 30.636818915753906),50,,Built-up structures
110,15743,804478647,-97.78554120243403,30.6369087471992,jbspiritous@gmail.com,false,2026-02-27 23:27,768.3 secs,CEO: Mapbox Satellite w/ Labels,,POINT(-97.78554120243403 30.6369087471992),50,,Built-up structures
110,15744,804478648,-97.78554120243403,30.636998578561062,jbspiritous@gmail.com,false,2026-02-27 23:27,768.3 secs,CEO: Mapbox Satellite w/ Labels,,POINT(-97.78554120243403 30.636998578561062),50,,Built-up structures
110,15745,804478649,-97.78554120243403,30.637088409839492,jbspiritous@gmail.com,false,2026-02-27 23:27,768.3 secs,CEO: Mapbox Satellite w/ Labels,,POINT(-97.78554120243403 30.637088409839492),50,,Built-up structures
110,15746,804478650,-97.78554120243403,30.637178241034547,jbspiritous@gmail.com,false,2026-02-27 23:27,768.3 secs,CEO: Mapbox Satellite w/ Labels,,POINT(-97.78554120243403 30.637178241034547),50,,Built-up structures
110,15747,804478651,-97.78543679756598,30.636369757276285,jbspiritous@gmail.com,false,2026-02-27 23:27,768.3 secs,CEO: Mapbox Satellite w/ Labels,,POINT(-97.78543679756598 30.636369757276285),50,,Trees
110,15748,804478652,-97.78543679756598,30.636459589138653,jbspiritous@gmail.com,false,2026-02-27 23:27,768.3 secs,CEO: Mapbox Satellite w/ Labels,,POINT(-97.78543679756598 30.636459589138653),50,,Trees
110,15749,804478653,-97.78543679756598,30.63654942091759,jbspiritous@gmail.com,false,2026-02-27 23:27,768.3 secs,CEO: Mapbox Satellite w/ Labels,,POINT(-97.78543679756598 30.63654942091759),50,,Trees
110,15750,804478654,-97.78543679756598,30.636639252613108,jbspiritous@gmail.com,false,2026-02-27 23:27,768.3 secs,CEO: Mapbox Satellite w/ Labels,,POINT(-97.78543679756598 30.636639252613108),50,,Grasses
110,15751,804478655,-97.78543679756598,30.636729084225237,jbspiritous@gmail.com,false,2026-02-27 23:27,768.3 secs,CEO: Mapbox Satellite w/ Labels,,POINT(-97.78543679756598 30.636729084225237),50,,Grasses
110,15752,804478656,-97.78543679756598,30.636818915753906,jbspiritous@gmail.com,false,2026-02-27 23:27,768.3 secs,CEO: Mapbox Satellite w/ Labels,,POINT(-97.78543679756598 30.636818915753906),50,,Trees
110,15753,804478657,-97.78543679756598,30.6369087471992,jbspiritous@gmail.com,false,2026-02-27 23:27,768.3 secs,CEO: Mapbox Satellite w/ Labels,,POINT(-97.78543679756598 30.6369087471992),50,,Built-up structures
110,15754,804478658,-97.78543679756598,30.636998578561062,jbspiritous@gmail.com,false,2026-02-27 23:27,768.3 secs,CEO: Mapbox Satellite w/ Labels,,POINT(-97.78543679756598 30.636998578561062),50,,Built-up structures
110,15755,804478659,-97.78543679756598,30.637088409839492,jbspiritous@gmail.com,false,2026-02-27 23:27,768.3 secs,CEO: Mapbox Satellite w/ Labels,,POINT(-97.78543679756598 30.637088409839492),50,,Built-up structures
110,15756,804478660,-97.78543679756598,30.637178241034547,jbspiritous@gmail.com,false,2026-02-27 23:27,768.3 secs,CEO: Mapbox Satellite w/ Labels,,POINT(-97.78543679756598 30.637178241034547),50,,Built-up structures
110,15757,804478661,-97.78533239269794,30.636369757276285,jbspiritous@gmail.com,false,2026-02-27 23:27,768.3 secs,CEO: Mapbox Satellite w/ Labels,,POINT(-97.78533239269794 30.636369757276285),50,,Grasses
110,15758,804478662,-97.78533239269794,30.636459589138653,jbspiritous@gmail.com,false,2026-02-27 23:27,768.3 secs,CEO: Mapbox Satellite w/ Labels,,POINT(-97.78533239269794 30.636459589138653),50,,Trees
110,15759,804478663,-97.78533239269794,30.63654942091759,jbspiritous@gmail.com,false,2026-02-27 23:27,768.3 secs,CEO: Mapbox Satellite w/ Labels,,POINT(-97.78533239269794 30.63654942091759),50,,Grasses
110,15760,804478664,-97.78533239269794,30.636639252613108,jbspiritous@gmail.com,false,2026-02-27 23:27,768.3 secs,CEO: Mapbox Satellite w/ Labels,,POINT(-97.78533239269794 30.636639252613108),50,,Grasses
110,15761,804478665,-97.78533239269794,30.636729084225237,jbspiritous@gmail.com,false,2026-02-27 23:27,768.3 secs,CEO: Mapbox Satellite w/ Labels,,POINT(-97.78533239269794 30.636729084225237),50,,Built-up structures
110,15762,804478666,-97.78533239269794,30.636818915753906,jbspiritous@gmail.com,false,2026-02-27 23:27,768.3 secs,CEO: Mapbox Satellite w/ Labels,,POINT(-97.78533239269794 30.636818915753906),50,,Trees
110,15763,804478667,-97.78533239269794,30.6369087471992,jbspiritous@gmail.com,false,2026-02-27 23:27,768.3 secs,CEO: Mapbox Satellite w/ Labels,,POINT(-97.78533239269794 30.6369087471992),50,,Trees
110,15764,804478668,-97.78533239269794,30.636998578561062,jbspiritous@gmail.com,false,2026-02-27 23:27,768.3 secs,CEO: Mapbox Satellite w/ Labels,,POINT(-97.78533239269794 30.636998578561062),50,,Built-up structures
110,15765,804478669,-97.78533239269794,30.637088409839492,jbspiritous@gmail.com,false,2026-02-27 23:27,768.3 secs,CEO: Mapbox Satellite w/ Labels,,POINT(-97.78533239269794 30.637088409839492),50,,Built-up structures
110,15766,804478670,-97.78533239269794,30.637178241034547,jbspiritous@gmail.com,false,2026-02-27 23:27,768.3 secs,CEO: Mapbox Satellite w/ Labels,,POINT(-97.78533239269794 30.637178241034547),50,,Built-up structures
110,15767,804478671,-97.7852279878299,30.636369757276285,jbspiritous@gmail.com,false,2026-02-27 23:27,768.3 secs,CEO: Mapbox Satellite w/ Labels,,POINT(-97.7852279878299 30.636369757276285),50,,Grasses
110,15768,804478672,-97.7852279878299,30.636459589138653,jbspiritous@gmail.com,false,2026-02-27 23:27,768.3 secs,CEO: Mapbox Satellite w/ Labels,,POINT(-97.7852279878299 30.636459589138653),50,,Trees
110,15769,804478673,-97.7852279878299,30.63654942091759,jbspiritous@gmail.com,false,2026-02-27 23:27,768.3 secs,CEO: Mapbox Satellite w/ Labels,,POINT(-97.7852279878299 30.63654942091759),50,,Trees
110,15770,804478674,-97.7852279878299,30.636639252613108,jbspiritous@gmail.com,false,2026-02-27 23:27,768.3 secs,CEO: Mapbox Satellite w/ Labels,,POINT(-97.7852279878299 30.636639252613108),50,,Grasses
110,15771,804478675,-97.7852279878299,30.636729084225237,jbspiritous@gmail.com,false,2026-02-27 23:27,768.3 secs,CEO: Mapbox Satellite w/ Labels,,POINT(-97.7852279878299 30.636729084225237),50,,Built-up structures
110,15772,804478676,-97.7852279878299,30.636818915753906,jbspiritous@gmail.com,false,2026-02-27 23:27,768.3 secs,CEO: Mapbox Satellite w/ Labels,,POINT(-97.7852279878299 30.636818915753906),50,,Built-up structures
110,15773,804478677,-97.7852279878299,30.6369087471992,jbspiritous@gmail.com,false,2026-02-27 23:27,768.3 secs,CEO: Mapbox Satellite w/ Labels,,POINT(-97.7852279878299 30.6369087471992),50,,Grasses
110,15774,804478678,-97.7852279878299,30.636998578561062,jbspiritous@gmail.com,false,2026-02-27 23:27,768.3 secs,CEO: Mapbox Satellite w/ Labels,,POINT(-97.7852279878299 30.636998578561062),50,,Built-up structures
110,15775,804478679,-97.7852279878299,30.637088409839492,jbspiritous@gmail.com,false,2026-02-27 23:27,768.3 secs,CEO: Mapbox Satellite w/ Labels,,POINT(-97.7852279878299 30.637088409839492),50,,Built-up structures
110,15776,804478680,-97.7852279878299,30.637178241034547,jbspiritous@gmail.com,false,2026-02-27 23:27,768.3 secs,CEO: Mapbox Satellite w/ Labels,,POINT(-97.7852279878299 30.637178241034547),50,,Built-up structures
110,15777,804478681,-97.78512358296186,30.636369757276285,jbspiritous@gmail.com,false,2026-02-27 23:27,768.3 secs,CEO: Mapbox Satellite w/ Labels,,POINT(-97.78512358296186 30.636369757276285),50,,Grasses
110,15778,804478682,-97.78512358296186,30.636459589138653,jbspiritous@gmail.com,false,2026-02-27 23:27,768.3 secs,CEO: Mapbox Satellite w/ Labels,,POINT(-97.78512358296186 30.636459589138653),50,,Trees
110,15779,804478683,-97.78512358296186,30.63654942091759,jbspiritous@gmail.com,false,2026-02-27 23:27,768.3 secs,CEO: Mapbox Satellite w/ Labels,,POINT(-97.78512358296186 30.63654942091759),50,,Trees
110,15780,804478684,-97.78512358296186,30.636639252613108,jbspiritous@gmail.com,false,2026-02-27 23:27,768.3 secs,CEO: Mapbox Satellite w/ Labels,,POINT(-97.78512358296186 30.636639252613108),50,,Grasses
110,15781,804478685,-97.78512358296186,30.636729084225237,jbspiritous@gmail.com,false,2026-02-27 23:27,768.3 secs,CEO: Mapbox Satellite w/ Labels,,POINT(-97.78512358296186 30.636729084225237),50,,Grasses
110,15782,804478686,-97.78512358296186,30.636818915753906,jbspiritous@gmail.com,false,2026-02-27 23:27,768.3 secs,CEO: Mapbox Satellite w/ Labels,,POINT(-97.78512358296186 30.636818915753906),50,,Built-up structures
110,15783,804478687,-97.78512358296186,30.6369087471992,jbspiritous@gmail.com,false,2026-02-27 23:27,768.3 secs,CEO: Mapbox Satellite w/ Labels,,POINT(-97.78512358296186 30.6369087471992),50,,Grasses
110,15784,804478688,-97.78512358296186,30.636998578561062,jbspiritous@gmail.com,false,2026-02-27 23:27,768.3 secs,CEO: Mapbox Satellite w/ Labels,,POINT(-97.78512358296186 30.636998578561062),50,,Built-up structures
110,15785,804478689,-97.78512358296186,30.637088409839492,jbspiritous@gmail.com,false,2026-02-27 23:27,768.3 secs,CEO: Mapbox Satellite w/ Labels,,POINT(-97.78512358296186 30.637088409839492),50,,Built-up structures
110,15786,804478690,-97.78512358296186,30.637178241034547,jbspiritous@gmail.com,false,2026-02-27 23:27,768.3 secs,CEO: Mapbox Satellite w/ Labels,,POINT(-97.78512358296186 30.637178241034547),50,,Built-up structures
110,15787,804478691,-97.78501917809382,30.636369757276285,jbspiritous@gmail.com,false,2026-02-27 23:27,768.3 secs,CEO: Mapbox Satellite w/ Labels,,POINT(-97.78501917809382 30.636369757276285),50,,Grasses
110,15788,804478692,-97.78501917809382,30.636459589138653,jbspiritous@gmail.com,false,2026-02-27 23:27,768.3 secs,CEO: Mapbox Satellite w/ Labels,,POINT(-97.78501917809382 30.636459589138653),50,,Grasses
110,15789,804478693,-97.78501917809382,30.63654942091759,jbspiritous@gmail.com,false,2026-02-27 23:27,768.3 secs,CEO: Mapbox Satellite w/ Labels,,POINT(-97.78501917809382 30.63654942091759),50,,Grasses
110,15790,804478694,-97.78501917809382,30.636639252613108,jbspiritous@gmail.com,false,2026-02-27 23:27,768.3 secs,CEO: Mapbox Satellite w/ Labels,,POINT(-97.78501917809382 30.636639252613108),50,,Grasses
110,15791,804478695,-97.78501917809382,30.636729084225237,jbspiritous@gmail.com,false,2026-02-27 23:27,768.3 secs,CEO: Mapbox Satellite w/ Labels,,POINT(-97.78501917809382 30.636729084225237),50,,Grasses
110,15792,804478696,-97.78501917809382,30.636818915753906,jbspiritous@gmail.com,false,2026-02-27 23:27,768.3 secs,CEO: Mapbox Satellite w/ Labels,,POINT(-97.78501917809382 30.636818915753906),50,,Built-up structures
110,15793,804478697,-97.78501917809382,30.6369087471992,jbspiritous@gmail.com,false,2026-02-27 23:27,768.3 secs,CEO: Mapbox Satellite w/ Labels,,POINT(-97.78501917809382 30.6369087471992),50,,Grasses
110,15794,804478698,-97.78501917809382,30.636998578561062,jbspiritous@gmail.com,false,2026-02-27 23:27,768.3 secs,CEO: Mapbox Satellite w/ Labels,,POINT(-97.78501917809382 30.636998578561062),50,,Built-up structures
110,15795,804478699,-97.78501917809382,30.637088409839492,jbspiritous@gmail.com,false,2026-02-27 23:27,768.3 secs,CEO: Mapbox Satellite w/ Labels,,POINT(-97.78501917809382 30.637088409839492),50,,Built-up structures
110,15796,804478700,-97.78501917809382,30.637178241034547,jbspiritous@gmail.com,false,2026-02-27 23:27,768.3 secs,CEO: Mapbox Satellite w/ Labels,,POINT(-97.78501917809382 30.637178241034547),50,,Built-up structures
111,15841,804478701,-97.7859588437485,30.640866757276143,jbspiritous@gmail.com,false,2026-02-27 23:41,813.7 secs,CEO: Mapbox Satellite w/ Labels,,POINT(-97.7859588437485 30.640866757276143),50,,Shrubs
111,15842,804478702,-97.7859588437485,30.64095658913857,jbspiritous@gmail.com,false,2026-02-27 23:41,813.7 secs,CEO: Mapbox Satellite w/ Labels,,POINT(-97.7859588437485 30.64095658913857),50,,Shrubs
111,15843,804478703,-97.7859588437485,30.641046420917547,jbspiritous@gmail.com,false,2026-02-27 23:41,813.7 secs,CEO: Mapbox Satellite w/ Labels,,POINT(-97.7859588437485 30.641046420917547),50,,Trees
111,15844,804478704,-97.7859588437485,30.64113625261311,jbspiritous@gmail.com,false,2026-02-27 23:41,813.7 secs,CEO: Mapbox Satellite w/ Labels,,POINT(-97.7859588437485 30.64113625261311),50,,Trees
111,15845,804478705,-97.7859588437485,30.641226084225224,jbspiritous@gmail.com,false,2026-02-27 23:41,813.7 secs,CEO: Mapbox Satellite w/ Labels,,POINT(-97.7859588437485 30.641226084225224),50,,Barren
111,15846,804478706,-97.7859588437485,30.641315915753907,jbspiritous@gmail.com,false,2026-02-27 23:41,813.7 secs,CEO: Mapbox Satellite w/ Labels,,POINT(-97.7859588437485 30.641315915753907),50,,Trees
111,15847,804478707,-97.7859588437485,30.641405747199173,jbspiritous@gmail.com,false,2026-02-27 23:41,813.7 secs,CEO: Mapbox Satellite w/ Labels,,POINT(-97.7859588437485 30.641405747199173),50,,Trees
111,15848,804478708,-97.7859588437485,30.641495578561006,jbspiritous@gmail.com,false,2026-02-27 23:41,813.7 secs,CEO: Mapbox Satellite w/ Labels,,POINT(-97.7859588437485 30.641495578561006),50,,Built-up
111,15849,804478709,-97.7859588437485,30.641585409839422,jbspiritous@gmail.com,false,2026-02-27 23:41,813.7 secs,CEO: Mapbox Satellite w/ Labels,,POINT(-97.7859588437485 30.641585409839422),50,,Trees
111,15850,804478710,-97.7859588437485,30.641675241034378,jbspiritous@gmail.com,false,2026-02-27 23:41,813.7 secs,CEO: Mapbox Satellite w/ Labels,,POINT(-97.7859588437485 30.641675241034378),50,,Built-up structures
111,15851,804478711,-97.78585443402662,30.640866757276143,jbspiritous@gmail.com,false,2026-02-27 23:41,813.7 secs,CEO: Mapbox Satellite w/ Labels,,POINT(-97.78585443402662 30.640866757276143),50,,Shrubs
111,15852,804478712,-97.78585443402662,30.64095658913857,jbspiritous@gmail.com,false,2026-02-27 23:41,813.7 secs,CEO: Mapbox Satellite w/ Labels,,POINT(-97.78585443402662 30.64095658913857),50,,Shrubs
111,15853,804478713,-97.78585443402662,30.641046420917547,jbspiritous@gmail.com,false,2026-02-27 23:41,813.7 secs,CEO: Mapbox Satellite w/ Labels,,POINT(-97.78585443402662 30.641046420917547),50,,Trees
111,15854,804478714,-97.78585443402662,30.64113625261311,jbspiritous@gmail.com,false,2026-02-27 23:41,813.7 secs,CEO: Mapbox Satellite w/ Labels,,POINT(-97.78585443402662 30.64113625261311),50,,Trees
111,15855,804478715,-97.78585443402662,30.641226084225224,jbspiritous@gmail.com,false,2026-02-27 23:41,813.7 secs,CEO: Mapbox Satellite w/ Labels,,POINT(-97.78585443402662 30.641226084225224),50,,Trees
111,15856,804478716,-97.78585443402662,30.641315915753907,jbspiritous@gmail.com,false,2026-02-27 23:41,813.7 secs,CEO: Mapbox Satellite w/ Labels,,POINT(-97.78585443402662 30.641315915753907),50,,Barren
111,15857,804478717,-97.78585443402662,30.641405747199173,jbspiritous@gmail.com,false,2026-02-27 23:41,813.7 secs,CEO: Mapbox Satellite w/ Labels,,POINT(-97.78585443402662 30.641405747199173),50,,Barren
111,15858,804478718,-97.78585443402662,30.641495578561006,jbspiritous@gmail.com,false,2026-02-27 23:41,813.7 secs,CEO: Mapbox Satellite w/ Labels,,POINT(-97.78585443402662 30.641495578561006),50,,Built-up
111,15859,804478719,-97.78585443402662,30.641585409839422,jbspiritous@gmail.com,false,2026-02-27 23:41,813.7 secs,CEO: Mapbox Satellite w/ Labels,,POINT(-97.78585443402662 30.641585409839422),50,,Built-up
111,15860,804478720,-97.78585443402662,30.641675241034378,jbspiritous@gmail.com,false,2026-02-27 23:41,813.7 secs,CEO: Mapbox Satellite w/ Labels,,POINT(-97.78585443402662 30.641675241034378),50,,Built-up structures
111,15861,804478721,-97.78575002430472,30.640866757276143,jbspiritous@gmail.com,false,2026-02-27 23:41,813.7 secs,CEO: Mapbox Satellite w/ Labels,,POINT(-97.78575002430472 30.640866757276143),50,,Shrubs
111,15862,804478722,-97.78575002430472,30.64095658913857,jbspiritous@gmail.com,false,2026-02-27 23:41,813.7 secs,CEO: Mapbox Satellite w/ Labels,,POINT(-97.78575002430472 30.64095658913857),50,,Shrubs
111,15863,804478723,-97.78575002430472,30.641046420917547,jbspiritous@gmail.com,false,2026-02-27 23:41,813.7 secs,CEO: Mapbox Satellite w/ Labels,,POINT(-97.78575002430472 30.641046420917547),50,,Trees
111,15864,804478724,-97.78575002430472,30.64113625261311,jbspiritous@gmail.com,false,2026-02-27 23:41,813.7 secs,CEO: Mapbox Satellite w/ Labels,,POINT(-97.78575002430472 30.64113625261311),50,,Trees
111,15865,804478725,-97.78575002430472,30.641226084225224,jbspiritous@gmail.com,false,2026-02-27 23:41,813.7 secs,CEO: Mapbox Satellite w/ Labels,,POINT(-97.78575002430472 30.641226084225224),50,,Trees
111,15866,804478726,-97.78575002430472,30.641315915753907,jbspiritous@gmail.com,false,2026-02-27 23:41,813.7 secs,CEO: Mapbox Satellite w/ Labels,,POINT(-97.78575002430472 30.641315915753907),50,,Barren
111,15867,804478727,-97.78575002430472,30.641405747199173,jbspiritous@gmail.com,false,2026-02-27 23:41,813.7 secs,CEO: Mapbox Satellite w/ Labels,,POINT(-97.78575002430472 30.641405747199173),50,,Barren
111,15868,804478728,-97.78575002430472,30.641495578561006,jbspiritous@gmail.com,false,2026-02-27 23:41,813.7 secs,CEO: Mapbox Satellite w/ Labels,,POINT(-97.78575002430472 30.641495578561006),50,,Built-up
111,15869,804478729,-97.78575002430472,30.641585409839422,jbspiritous@gmail.com,false,2026-02-27 23:41,813.7 secs,CEO: Mapbox Satellite w/ Labels,,POINT(-97.78575002430472 30.641585409839422),50,,Trees
111,15870,804478730,-97.78575002430472,30.641675241034378,jbspiritous@gmail.com,false,2026-02-27 23:41,813.7 secs,CEO: Mapbox Satellite w/ Labels,,POINT(-97.78575002430472 30.641675241034378),50,,Built-up structures
111,15871,804478731,-97.78564561458283,30.640866757276143,jbspiritous@gmail.com,false,2026-02-27 23:41,813.7 secs,CEO: Mapbox Satellite w/ Labels,,POINT(-97.78564561458283 30.640866757276143),50,,Shrubs
111,15872,804478732,-97.78564561458283,30.64095658913857,jbspiritous@gmail.com,false,2026-02-27 23:41,813.7 secs,CEO: Mapbox Satellite w/ Labels,,POINT(-97.78564561458283 30.64095658913857),50,,Shrubs
111,15873,804478733,-97.78564561458283,30.641046420917547,jbspiritous@gmail.com,false,2026-02-27 23:41,813.7 secs,CEO: Mapbox Satellite w/ Labels,,POINT(-97.78564561458283 30.641046420917547),50,,Trees
111,15874,804478734,-97.78564561458283,30.64113625261311,jbspiritous@gmail.com,false,2026-02-27 23:41,813.7 secs,CEO: Mapbox Satellite w/ Labels,,POINT(-97.78564561458283 30.64113625261311),50,,Trees
111,15875,804478735,-97.78564561458283,30.641226084225224,jbspiritous@gmail.com,false,2026-02-27 23:41,813.7 secs,CEO: Mapbox Satellite w/ Labels,,POINT(-97.78564561458283 30.641226084225224),50,,Trees
111,15876,804478736,-97.78564561458283,30.641315915753907,jbspiritous@gmail.com,false,2026-02-27 23:41,813.7 secs,CEO: Mapbox Satellite w/ Labels,,POINT(-97.78564561458283 30.641315915753907),50,,Trees
111,15877,804478737,-97.78564561458283,30.641405747199173,jbspiritous@gmail.com,false,2026-02-27 23:41,813.7 secs,CEO: Mapbox Satellite w/ Labels,,POINT(-97.78564561458283 30.641405747199173),50,,Trees
111,15878,804478738,-97.78564561458283,30.641495578561006,jbspiritous@gmail.com,false,2026-02-27 23:41,813.7 secs,CEO: Mapbox Satellite w/ Labels,,POINT(-97.78564561458283 30.641495578561006),50,,Built-up
111,15879,804478739,-97.78564561458283,30.641585409839422,jbspiritous@gmail.com,false,2026-02-27 23:41,813.7 secs,CEO: Mapbox Satellite w/ Labels,,POINT(-97.78564561458283 30.641585409839422),50,,Built-up
111,15880,804478740,-97.78564561458283,30.641675241034378,jbspiritous@gmail.com,false,2026-02-27 23:41,813.7 secs,CEO: Mapbox Satellite w/ Labels,,POINT(-97.78564561458283 30.641675241034378),50,,Built-up structures
111,15881,804478741,-97.78554120486095,30.640866757276143,jbspiritous@gmail.com,false,2026-02-27 23:41,813.7 secs,CEO: Mapbox Satellite w/ Labels,,POINT(-97.78554120486095 30.640866757276143),50,,Shrubs
111,15882,804478742,-97.78554120486095,30.64095658913857,jbspiritous@gmail.com,false,2026-02-27 23:41,813.7 secs,CEO: Mapbox Satellite w/ Labels,,POINT(-97.78554120486095 30.64095658913857),50,,Shrubs
111,15883,804478743,-97.78554120486095,30.641046420917547,jbspiritous@gmail.com,false,2026-02-27 23:41,813.7 secs,CEO: Mapbox Satellite w/ Labels,,POINT(-97.78554120486095 30.641046420917547),50,,Trees
111,15884,804478744,-97.78554120486095,30.64113625261311,jbspiritous@gmail.com,false,2026-02-27 23:41,813.7 secs,CEO: Mapbox Satellite w/ Labels,,POINT(-97.78554120486095 30.64113625261311),50,,Trees
111,15885,804478745,-97.78554120486095,30.641226084225224,jbspiritous@gmail.com,false,2026-02-27 23:41,813.7 secs,CEO: Mapbox Satellite w/ Labels,,POINT(-97.78554120486095 30.641226084225224),50,,Trees
111,15886,804478746,-97.78554120486095,30.641315915753907,jbspiritous@gmail.com,false,2026-02-27 23:41,813.7 secs,CEO: Mapbox Satellite w/ Labels,,POINT(-97.78554120486095 30.641315915753907),50,,Barren
111,15887,804478747,-97.78554120486095,30.641405747199173,jbspiritous@gmail.com,false,2026-02-27 23:41,813.7 secs,CEO: Mapbox Satellite w/ Labels,,POINT(-97.78554120486095 30.641405747199173),50,,Barren
111,15888,804478748,-97.78554120486095,30.641495578561006,jbspiritous@gmail.com,false,2026-02-27 23:41,813.7 secs,CEO: Mapbox Satellite w/ Labels,,POINT(-97.78554120486095 30.641495578561006),50,,Built-up
111,15889,804478749,-97.78554120486095,30.641585409839422,jbspiritous@gmail.com,false,2026-02-27 23:41,813.7 secs,CEO: Mapbox Satellite w/ Labels,,POINT(-97.78554120486095 30.641585409839422),50,,Built-up
111,15890,804478750,-97.78554120486095,30.641675241034378,jbspiritous@gmail.com,false,2026-02-27 23:41,813.7 secs,CEO: Mapbox Satellite w/ Labels,,POINT(-97.78554120486095 30.641675241034378),50,,Built-up structures
111,15891,804478751,-97.78543679513906,30.640866757276143,jbspiritous@gmail.com,false,2026-02-27 23:41,813.7 secs,CEO: Mapbox Satellite w/ Labels,,POINT(-97.78543679513906 30.640866757276143),50,,Shrubs
111,15892,804478752,-97.78543679513906,30.64095658913857,jbspiritous@gmail.com,false,2026-02-27 23:41,813.7 secs,CEO: Mapbox Satellite w/ Labels,,POINT(-97.78543679513906 30.64095658913857),50,,Barren
111,15893,804478753,-97.78543679513906,30.641046420917547,jbspiritous@gmail.com,false,2026-02-27 23:41,813.7 secs,CEO: Mapbox Satellite w/ Labels,,POINT(-97.78543679513906 30.641046420917547),50,,Trees
111,15894,804478754,-97.78543679513906,30.64113625261311,jbspiritous@gmail.com,false,2026-02-27 23:41,813.7 secs,CEO: Mapbox Satellite w/ Labels,,POINT(-97.78543679513906 30.64113625261311),50,,Trees
111,15895,804478755,-97.78543679513906,30.641226084225224,jbspiritous@gmail.com,false,2026-02-27 23:41,813.7 secs,CEO: Mapbox Satellite w/ Labels,,POINT(-97.78543679513906 30.641226084225224),50,,Trees
111,15896,804478756,-97.78543679513906,30.641315915753907,jbspiritous@gmail.com,false,2026-02-27 23:41,813.7 secs,CEO: Mapbox Satellite w/ Labels,,POINT(-97.78543679513906 30.641315915753907),50,,Trees
111,15897,804478757,-97.78543679513906,30.641405747199173,jbspiritous@gmail.com,false,2026-02-27 23:41,813.7 secs,CEO: Mapbox Satellite w/ Labels,,POINT(-97.78543679513906 30.641405747199173),50,,Barren
111,15898,804478758,-97.78543679513906,30.641495578561006,jbspiritous@gmail.com,false,2026-02-27 23:41,813.7 secs,CEO: Mapbox Satellite w/ Labels,,POINT(-97.78543679513906 30.641495578561006),50,,Built-up
111,15899,804478759,-97.78543679513906,30.641585409839422,jbspiritous@gmail.com,false,2026-02-27 23:41,813.7 secs,CEO: Mapbox Satellite w/ Labels,,POINT(-97.78543679513906 30.641585409839422),50,,Built-up
111,15900,804478760,-97.78543679513906,30.641675241034378,jbspiritous@gmail.com,false,2026-02-27 23:41,813.7 secs,CEO: Mapbox Satellite w/ Labels,,POINT(-97.78543679513906 30.641675241034378),50,,Built-up structures
111,15901,804478761,-97.78533238541718,30.640866757276143,jbspiritous@gmail.com,false,2026-02-27 23:41,813.7 secs,CEO: Mapbox Satellite w/ Labels,,POINT(-97.78533238541718 30.640866757276143),50,,Trees
111,15902,804478762,-97.78533238541718,30.64095658913857,jbspiritous@gmail.com,false,2026-02-27 23:41,813.7 secs,CEO: Mapbox Satellite w/ Labels,,POINT(-97.78533238541718 30.64095658913857),50,,Trees
111,15903,804478763,-97.78533238541718,30.641046420917547,jbspiritous@gmail.com,false,2026-02-27 23:41,813.7 secs,CEO: Mapbox Satellite w/ Labels,,POINT(-97.78533238541718 30.641046420917547),50,,Trees
111,15904,804478764,-97.78533238541718,30.64113625261311,jbspiritous@gmail.com,false,2026-02-27 23:41,813.7 secs,CEO: Mapbox Satellite w/ Labels,,POINT(-97.78533238541718 30.64113625261311),50,,Trees
111,15905,804478765,-97.78533238541718,30.641226084225224,jbspiritous@gmail.com,false,2026-02-27 23:41,813.7 secs,CEO: Mapbox Satellite w/ Labels,,POINT(-97.78533238541718 30.641226084225224),50,,Trees
111,15906,804478766,-97.78533238541718,30.641315915753907,jbspiritous@gmail.com,false,2026-02-27 23:41,813.7 secs,CEO: Mapbox Satellite w/ Labels,,POINT(-97.78533238541718 30.641315915753907),50,,Barren
111,15907,804478767,-97.78533238541718,30.641405747199173,jbspiritous@gmail.com,false,2026-02-27 23:41,813.7 secs,CEO: Mapbox Satellite w/ Labels,,POINT(-97.78533238541718 30.641405747199173),50,,Barren
111,15908,804478768,-97.78533238541718,30.641495578561006,jbspiritous@gmail.com,false,2026-02-27 23:41,813.7 secs,CEO: Mapbox Satellite w/ Labels,,POINT(-97.78533238541718 30.641495578561006),50,,Built-up
111,15909,804478769,-97.78533238541718,30.641585409839422,jbspiritous@gmail.com,false,2026-02-27 23:41,813.7 secs,CEO: Mapbox Satellite w/ Labels,,POINT(-97.78533238541718 30.641585409839422),50,,Trees
111,15910,804478770,-97.78533238541718,30.641675241034378,jbspiritous@gmail.com,false,2026-02-27 23:41,813.7 secs,CEO: Mapbox Satellite w/ Labels,,POINT(-97.78533238541718 30.641675241034378),50,,Trees
111,15911,804478771,-97.78522797569529,30.640866757276143,jbspiritous@gmail.com,false,2026-02-27 23:41,813.7 secs,CEO: Mapbox Satellite w/ Labels,,POINT(-97.78522797569529 30.640866757276143),50,,Trees
111,15912,804478772,-97.78522797569529,30.64095658913857,jbspiritous@gmail.com,false,2026-02-27 23:41,813.7 secs,CEO: Mapbox Satellite w/ Labels,,POINT(-97.78522797569529 30.64095658913857),50,,Trees
111,15913,804478773,-97.78522797569529,30.641046420917547,jbspiritous@gmail.com,false,2026-02-27 23:41,813.7 secs,CEO: Mapbox Satellite w/ Labels,,POINT(-97.78522797569529 30.641046420917547),50,,Barren
111,15914,804478774,-97.78522797569529,30.64113625261311,jbspiritous@gmail.com,false,2026-02-27 23:41,813.7 secs,CEO: Mapbox Satellite w/ Labels,,POINT(-97.78522797569529 30.64113625261311),50,,Trees
111,15915,804478775,-97.78522797569529,30.641226084225224,jbspiritous@gmail.com,false,2026-02-27 23:41,813.7 secs,CEO: Mapbox Satellite w/ Labels,,POINT(-97.78522797569529 30.641226084225224),50,,Barren
111,15916,804478776,-97.78522797569529,30.641315915753907,jbspiritous@gmail.com,false,2026-02-27 23:41,813.7 secs,CEO: Mapbox Satellite w/ Labels,,POINT(-97.78522797569529 30.641315915753907),50,,Trees
111,15917,804478777,-97.78522797569529,30.641405747199173,jbspiritous@gmail.com,false,2026-02-27 23:41,813.7 secs,CEO: Mapbox Satellite w/ Labels,,POINT(-97.78522797569529 30.641405747199173),50,,Trees
111,15918,804478778,-97.78522797569529,30.641495578561006,jbspiritous@gmail.com,false,2026-02-27 23:41,813.7 secs,CEO: Mapbox Satellite w/ Labels,,POINT(-97.78522797569529 30.641495578561006),50,,Built-up
111,15919,804478779,-97.78522797569529,30.641585409839422,jbspiritous@gmail.com,false,2026-02-27 23:41,813.7 secs,CEO: Mapbox Satellite w/ Labels,,POINT(-97.78522797569529 30.641585409839422),50,,Trees
111,15920,804478780,-97.78522797569529,30.641675241034378,jbspiritous@gmail.com,false,2026-02-27 23:41,813.7 secs,CEO: Mapbox Satellite w/ Labels,,POINT(-97.78522797569529 30.641675241034378),50,,Built-up structures
111,15921,804478781,-97.7851235659734,30.640866757276143,jbspiritous@gmail.com,false,2026-02-27 23:41,813.7 secs,CEO: Mapbox Satellite w/ Labels,,POINT(-97.7851235659734 30.640866757276143),50,,Trees
111,15922,804478782,-97.7851235659734,30.64095658913857,jbspiritous@gmail.com,false,2026-02-27 23:41,813.7 secs,CEO: Mapbox Satellite w/ Labels,,POINT(-97.7851235659734 30.64095658913857),50,,Barren
111,15923,804478783,-97.7851235659734,30.641046420917547,jbspiritous@gmail.com,false,2026-02-27 23:41,813.7 secs,CEO: Mapbox Satellite w/ Labels,,POINT(-97.7851235659734 30.641046420917547),50,,Barren
111,15924,804478784,-97.7851235659734,30.64113625261311,jbspiritous@gmail.com,false,2026-02-27 23:41,813.7 secs,CEO: Mapbox Satellite w/ Labels,,POINT(-97.7851235659734 30.64113625261311),50,,Barren
111,15925,804478785,-97.7851235659734,30.641226084225224,jbspiritous@gmail.com,false,2026-02-27 23:41,813.7 secs,CEO: Mapbox Satellite w/ Labels,,POINT(-97.7851235659734 30.641226084225224),50,,Trees
111,15926,804478786,-97.7851235659734,30.641315915753907,jbspiritous@gmail.com,false,2026-02-27 23:41,813.7 secs,CEO: Mapbox Satellite w/ Labels,,POINT(-97.7851235659734 30.641315915753907),50,,Trees
111,15927,804478787,-97.7851235659734,30.641405747199173,jbspiritous@gmail.com,false,2026-02-27 23:41,813.7 secs,CEO: Mapbox Satellite w/ Labels,,POINT(-97.7851235659734 30.641405747199173),50,,Trees
111,15928,804478788,-97.7851235659734,30.641495578561006,jbspiritous@gmail.com,false,2026-02-27 23:41,813.7 secs,CEO: Mapbox Satellite w/ Labels,,POINT(-97.7851235659734 30.641495578561006),50,,Built-up
111,15929,804478789,-97.7851235659734,30.641585409839422,jbspiritous@gmail.com,false,2026-02-27 23:41,813.7 secs,CEO: Mapbox Satellite w/ Labels,,POINT(-97.7851235659734 30.641585409839422),50,,Trees
111,15930,804478790,-97.7851235659734,30.641675241034378,jbspiritous@gmail.com,false,2026-02-27 23:41,813.7 secs,CEO: Mapbox Satellite w/ Labels,,POINT(-97.7851235659734 30.641675241034378),50,,Trees
111,15931,804478791,-97.78501915625151,30.640866757276143,jbspiritous@gmail.com,false,2026-02-27 23:41,813.7 secs,CEO: Mapbox Satellite w/ Labels,,POINT(-97.78501915625151 30.640866757276143),50,,Trees
111,15932,804478792,-97.78501915625151,30.64095658913857,jbspiritous@gmail.com,false,2026-02-27 23:41,813.7 secs,CEO: Mapbox Satellite w/ Labels,,POINT(-97.78501915625151 30.64095658913857),50,,Trees
111,15933,804478793,-97.78501915625151,30.641046420917547,jbspiritous@gmail.com,false,2026-02-27 23:41,813.7 secs,CEO: Mapbox Satellite w/ Labels,,POINT(-97.78501915625151 30.641046420917547),50,,Trees
111,15934,804478794,-97.78501915625151,30.64113625261311,jbspiritous@gmail.com,false,2026-02-27 23:41,813.7 secs,CEO: Mapbox Satellite w/ Labels,,POINT(-97.78501915625151 30.64113625261311),50,,Trees
111,15935,804478795,-97.78501915625151,30.641226084225224,jbspiritous@gmail.com,false,2026-02-27 23:41,813.7 secs,CEO: Mapbox Satellite w/ Labels,,POINT(-97.78501915625151 30.641226084225224),50,,Trees
111,15936,804478796,-97.78501915625151,30.641315915753907,jbspiritous@gmail.com,false,2026-02-27 23:41,813.7 secs,CEO: Mapbox Satellite w/ Labels,,POINT(-97.78501915625151 30.641315915753907),50,,Trees
111,15937,804478797,-97.78501915625151,30.641405747199173,jbspiritous@gmail.com,false,2026-02-27 23:41,813.7 secs,CEO: Mapbox Satellite w/ Labels,,POINT(-97.78501915625151 30.641405747199173),50,,Barren
111,15938,804478798,-97.78501915625151,30.641495578561006,jbspiritous@gmail.com,false,2026-02-27 23:41,813.7 secs,CEO: Mapbox Satellite w/ Labels,,POINT(-97.78501915625151 30.641495578561006),50,,Built-up
111,15939,804478799,-97.78501915625151,30.641585409839422,jbspiritous@gmail.com,false,2026-02-27 23:41,813.7 secs,CEO: Mapbox Satellite w/ Labels,,POINT(-97.78501915625151 30.641585409839422),50,,Trees
111,15940,804478800,-97.78501915625151,30.641675241034378,jbspiritous@gmail.com,false,2026-02-27 23:41,813.7 secs,CEO: Mapbox Satellite w/ Labels,,POINT(-97.78501915625151 30.641675241034378),50,,Trees
112,15985,804478801,-97.78595886559087,30.645362757276004,jbspiritous@gmail.com,false,2026-02-27 23:55,807.7 secs,CEO: Mapbox Satellite w/ Labels,,POINT(-97.78595886559087 30.645362757276004),50,,Grasses
112,15986,804478802,-97.78595886559087,30.645452589138472,jbspiritous@gmail.com,false,2026-02-27 23:55,807.7 secs,CEO: Mapbox Satellite w/ Labels,,POINT(-97.78595886559087 30.645452589138472),50,,Grasses
112,15987,804478803,-97.78595886559087,30.645542420917522,jbspiritous@gmail.com,false,2026-02-27 23:55,807.7 secs,CEO: Mapbox Satellite w/ Labels,,POINT(-97.78595886559087 30.645542420917522),50,,Grasses
112,15988,804478804,-97.78595886559087,30.645632252613083,jbspiritous@gmail.com,false,2026-02-27 23:55,807.7 secs,CEO: Mapbox Satellite w/ Labels,,POINT(-97.78595886559087 30.645632252613083),50,,Built-up
112,15989,804478805,-97.78595886559087,30.645722084225213,jbspiritous@gmail.com,false,2026-02-27 23:55,807.7 secs,CEO: Mapbox Satellite w/ Labels,,POINT(-97.78595886559087 30.645722084225213),50,,Grasses
112,15990,804478806,-97.78595886559087,30.645811915753924,jbspiritous@gmail.com,false,2026-02-27 23:55,807.7 secs,CEO: Mapbox Satellite w/ Labels,,POINT(-97.78595886559087 30.645811915753924),50,,Grasses
112,15991,804478807,-97.78595886559087,30.64590174719919,jbspiritous@gmail.com,false,2026-02-27 23:55,807.7 secs,CEO: Mapbox Satellite w/ Labels,,POINT(-97.78595886559087 30.64590174719919),50,,Trees
112,15992,804478808,-97.78595886559087,30.645991578560967,jbspiritous@gmail.com,false,2026-02-27 23:55,807.7 secs,CEO: Mapbox Satellite w/ Labels,,POINT(-97.78595886559087 30.645991578560967),50,,Trees
112,15993,804478809,-97.78595886559087,30.64608140983934,jbspiritous@gmail.com,false,2026-02-27 23:55,807.7 secs,CEO: Mapbox Satellite w/ Labels,,POINT(-97.78595886559087 30.64608140983934),50,,Grasses
112,15994,804478810,-97.78595886559087,30.64617124103424,jbspiritous@gmail.com,false,2026-02-27 23:55,807.7 secs,CEO: Mapbox Satellite w/ Labels,,POINT(-97.78595886559087 30.64617124103424),50,,Grasses
112,15995,804478811,-97.78585445101514,30.645362757276004,jbspiritous@gmail.com,false,2026-02-27 23:55,807.7 secs,CEO: Mapbox Satellite w/ Labels,,POINT(-97.78585445101514 30.645362757276004),50,,Built-up structures
112,15996,804478812,-97.78585445101514,30.645452589138472,jbspiritous@gmail.com,false,2026-02-27 23:55,807.7 secs,CEO: Mapbox Satellite w/ Labels,,POINT(-97.78585445101514 30.645452589138472),50,,Built-up structures
112,15997,804478813,-97.78585445101514,30.645542420917522,jbspiritous@gmail.com,false,2026-02-27 23:55,807.7 secs,CEO: Mapbox Satellite w/ Labels,,POINT(-97.78585445101514 30.645542420917522),50,,Grasses
112,15998,804478814,-97.78585445101514,30.645632252613083,jbspiritous@gmail.com,false,2026-02-27 23:55,807.7 secs,CEO: Mapbox Satellite w/ Labels,,POINT(-97.78585445101514 30.645632252613083),50,,Grasses
112,15999,804478815,-97.78585445101514,30.645722084225213,jbspiritous@gmail.com,false,2026-02-27 23:55,807.7 secs,CEO: Mapbox Satellite w/ Labels,,POINT(-97.78585445101514 30.645722084225213),50,,Grasses
112,16000,804478816,-97.78585445101514,30.645811915753924,jbspiritous@gmail.com,false,2026-02-27 23:55,807.7 secs,CEO: Mapbox Satellite w/ Labels,,POINT(-97.78585445101514 30.645811915753924),50,,Built-up
112,16001,804478817,-97.78585445101514,30.64590174719919,jbspiritous@gmail.com,false,2026-02-27 23:55,807.7 secs,CEO: Mapbox Satellite w/ Labels,,POINT(-97.78585445101514 30.64590174719919),50,,Grasses
112,16002,804478818,-97.78585445101514,30.645991578560967,jbspiritous@gmail.com,false,2026-02-27 23:55,807.7 secs,CEO: Mapbox Satellite w/ Labels,,POINT(-97.78585445101514 30.645991578560967),50,,Trees
112,16003,804478819,-97.78585445101514,30.64608140983934,jbspiritous@gmail.com,false,2026-02-27 23:55,807.7 secs,CEO: Mapbox Satellite w/ Labels,,POINT(-97.78585445101514 30.64608140983934),50,,Trees
112,16004,804478820,-97.78585445101514,30.64617124103424,jbspiritous@gmail.com,false,2026-02-27 23:55,807.7 secs,CEO: Mapbox Satellite w/ Labels,,POINT(-97.78585445101514 30.64617124103424),50,,Built-up
112,16005,804478821,-97.78575003643938,30.645362757276004,jbspiritous@gmail.com,false,2026-02-27 23:55,807.7 secs,CEO: Mapbox Satellite w/ Labels,,POINT(-97.78575003643938 30.645362757276004),50,,Built-up structures
112,16006,804478822,-97.78575003643938,30.645452589138472,jbspiritous@gmail.com,false,2026-02-27 23:55,807.7 secs,CEO: Mapbox Satellite w/ Labels,,POINT(-97.78575003643938 30.645452589138472),50,,Built-up structures
112,16007,804478823,-97.78575003643938,30.645542420917522,jbspiritous@gmail.com,false,2026-02-27 23:55,807.7 secs,CEO: Mapbox Satellite w/ Labels,,POINT(-97.78575003643938 30.645542420917522),50,,Grasses
112,16008,804478824,-97.78575003643938,30.645632252613083,jbspiritous@gmail.com,false,2026-02-27 23:55,807.7 secs,CEO: Mapbox Satellite w/ Labels,,POINT(-97.78575003643938 30.645632252613083),50,,Grasses
112,16009,804478825,-97.78575003643938,30.645722084225213,jbspiritous@gmail.com,false,2026-02-27 23:55,807.7 secs,CEO: Mapbox Satellite w/ Labels,,POINT(-97.78575003643938 30.645722084225213),50,,Grasses
112,16010,804478826,-97.78575003643938,30.645811915753924,jbspiritous@gmail.com,false,2026-02-27 23:55,807.7 secs,CEO: Mapbox Satellite w/ Labels,,POINT(-97.78575003643938 30.645811915753924),50,,Grasses
112,16011,804478827,-97.78575003643938,30.64590174719919,jbspiritous@gmail.com,false,2026-02-27 23:55,807.7 secs,CEO: Mapbox Satellite w/ Labels,,POINT(-97.78575003643938 30.64590174719919),50,,Trees
112,16012,804478828,-97.78575003643938,30.645991578560967,jbspiritous@gmail.com,false,2026-02-27 23:55,807.7 secs,CEO: Mapbox Satellite w/ Labels,,POINT(-97.78575003643938 30.645991578560967),50,,Grasses
112,16013,804478829,-97.78575003643938,30.64608140983934,jbspiritous@gmail.com,false,2026-02-27 23:55,807.7 secs,CEO: Mapbox Satellite w/ Labels,,POINT(-97.78575003643938 30.64608140983934),50,,Grasses
112,16014,804478830,-97.78575003643938,30.64617124103424,jbspiritous@gmail.com,false,2026-02-27 23:55,807.7 secs,CEO: Mapbox Satellite w/ Labels,,POINT(-97.78575003643938 30.64617124103424),50,,Grasses
112,16015,804478831,-97.78564562186364,30.645362757276004,jbspiritous@gmail.com,false,2026-02-27 23:55,807.7 secs,CEO: Mapbox Satellite w/ Labels,,POINT(-97.78564562186364 30.645362757276004),50,,Built-up structures
112,16016,804478832,-97.78564562186364,30.645452589138472,jbspiritous@gmail.com,false,2026-02-27 23:55,807.7 secs,CEO: Mapbox Satellite w/ Labels,,POINT(-97.78564562186364 30.645452589138472),50,,Built-up structures
112,16017,804478833,-97.78564562186364,30.645542420917522,jbspiritous@gmail.com,false,2026-02-27 23:55,807.7 secs,CEO: Mapbox Satellite w/ Labels,,POINT(-97.78564562186364 30.645542420917522),50,,Grasses
112,16018,804478834,-97.78564562186364,30.645632252613083,jbspiritous@gmail.com,false,2026-02-27 23:55,807.7 secs,CEO: Mapbox Satellite w/ Labels,,POINT(-97.78564562186364 30.645632252613083),50,,Built-up structures
112,16019,804478835,-97.78564562186364,30.645722084225213,jbspiritous@gmail.com,false,2026-02-27 23:55,807.7 secs,CEO: Mapbox Satellite w/ Labels,,POINT(-97.78564562186364 30.645722084225213),50,,Built-up structures
112,16020,804478836,-97.78564562186364,30.645811915753924,jbspiritous@gmail.com,false,2026-02-27 23:55,807.7 secs,CEO: Mapbox Satellite w/ Labels,,POINT(-97.78564562186364 30.645811915753924),50,,Built-up structures
112,16021,804478837,-97.78564562186364,30.64590174719919,jbspiritous@gmail.com,false,2026-02-27 23:55,807.7 secs,CEO: Mapbox Satellite w/ Labels,,POINT(-97.78564562186364 30.64590174719919),50,,Trees
112,16022,804478838,-97.78564562186364,30.645991578560967,jbspiritous@gmail.com,false,2026-02-27 23:55,807.7 secs,CEO: Mapbox Satellite w/ Labels,,POINT(-97.78564562186364 30.645991578560967),50,,Grasses
112,16023,804478839,-97.78564562186364,30.64608140983934,jbspiritous@gmail.com,false,2026-02-27 23:55,807.7 secs,CEO: Mapbox Satellite w/ Labels,,POINT(-97.78564562186364 30.64608140983934),50,,Built-up structures
112,16024,804478840,-97.78564562186364,30.64617124103424,jbspiritous@gmail.com,false,2026-02-27 23:55,807.7 secs,CEO: Mapbox Satellite w/ Labels,,POINT(-97.78564562186364 30.64617124103424),50,,Built-up structures
112,16025,804478841,-97.78554120728788,30.645362757276004,jbspiritous@gmail.com,false,2026-02-27 23:55,807.7 secs,CEO: Mapbox Satellite w/ Labels,,POINT(-97.78554120728788 30.645362757276004),50,,Built-up structures
112,16026,804478842,-97.78554120728788,30.645452589138472,jbspiritous@gmail.com,false,2026-02-27 23:55,807.7 secs,CEO: Mapbox Satellite w/ Labels,,POINT(-97.78554120728788 30.645452589138472),50,,Built-up structures
112,16027,804478843,-97.78554120728788,30.645542420917522,jbspiritous@gmail.com,false,2026-02-27 23:55,807.7 secs,CEO: Mapbox Satellite w/ Labels,,POINT(-97.78554120728788 30.645542420917522),50,,Built-up structures
112,16028,804478844,-97.78554120728788,30.645632252613083,jbspiritous@gmail.com,false,2026-02-27 23:55,807.7 secs,CEO: Mapbox Satellite w/ Labels,,POINT(-97.78554120728788 30.645632252613083),50,,Built-up structures
112,16029,804478845,-97.78554120728788,30.645722084225213,jbspiritous@gmail.com,false,2026-02-27 23:55,807.7 secs,CEO: Mapbox Satellite w/ Labels,,POINT(-97.78554120728788 30.645722084225213),50,,Built-up structures
112,16030,804478846,-97.78554120728788,30.645811915753924,jbspiritous@gmail.com,false,2026-02-27 23:55,807.7 secs,CEO: Mapbox Satellite w/ Labels,,POINT(-97.78554120728788 30.645811915753924),50,,Built-up structures
112,16031,804478847,-97.78554120728788,30.64590174719919,jbspiritous@gmail.com,false,2026-02-27 23:55,807.7 secs,CEO: Mapbox Satellite w/ Labels,,POINT(-97.78554120728788 30.64590174719919),50,,Grasses
112,16032,804478848,-97.78554120728788,30.645991578560967,jbspiritous@gmail.com,false,2026-02-27 23:55,807.7 secs,CEO: Mapbox Satellite w/ Labels,,POINT(-97.78554120728788 30.645991578560967),50,,Grasses
112,16033,804478849,-97.78554120728788,30.64608140983934,jbspiritous@gmail.com,false,2026-02-27 23:55,807.7 secs,CEO: Mapbox Satellite w/ Labels,,POINT(-97.78554120728788 30.64608140983934),50,,Built-up
112,16034,804478850,-97.78554120728788,30.64617124103424,jbspiritous@gmail.com,false,2026-02-27 23:55,807.7 secs,CEO: Mapbox Satellite w/ Labels,,POINT(-97.78554120728788 30.64617124103424),50,,Built-up structures
112,16035,804478851,-97.78543679271213,30.645362757276004,jbspiritous@gmail.com,false,2026-02-27 23:55,807.7 secs,CEO: Mapbox Satellite w/ Labels,,POINT(-97.78543679271213 30.645362757276004),50,,Built-up structures
112,16036,804478852,-97.78543679271213,30.645452589138472,jbspiritous@gmail.com,false,2026-02-27 23:55,807.7 secs,CEO: Mapbox Satellite w/ Labels,,POINT(-97.78543679271213 30.645452589138472),50,,Built-up
112,16037,804478853,-97.78543679271213,30.645542420917522,jbspiritous@gmail.com,false,2026-02-27 23:55,807.7 secs,CEO: Mapbox Satellite w/ Labels,,POINT(-97.78543679271213 30.645542420917522),50,,Grasses
112,16038,804478854,-97.78543679271213,30.645632252613083,jbspiritous@gmail.com,false,2026-02-27 23:55,807.7 secs,CEO: Mapbox Satellite w/ Labels,,POINT(-97.78543679271213 30.645632252613083),50,,Built-up
112,16039,804478855,-97.78543679271213,30.645722084225213,jbspiritous@gmail.com,false,2026-02-27 23:55,807.7 secs,CEO: Mapbox Satellite w/ Labels,,POINT(-97.78543679271213 30.645722084225213),50,,Built-up structures
112,16040,804478856,-97.78543679271213,30.645811915753924,jbspiritous@gmail.com,false,2026-02-27 23:55,807.7 secs,CEO: Mapbox Satellite w/ Labels,,POINT(-97.78543679271213 30.645811915753924),50,,Built-up structures
112,16041,804478857,-97.78543679271213,30.64590174719919,jbspiritous@gmail.com,false,2026-02-27 23:55,807.7 secs,CEO: Mapbox Satellite w/ Labels,,POINT(-97.78543679271213 30.64590174719919),50,,Grasses
112,16042,804478858,-97.78543679271213,30.645991578560967,jbspiritous@gmail.com,false,2026-02-27 23:55,807.7 secs,CEO: Mapbox Satellite w/ Labels,,POINT(-97.78543679271213 30.645991578560967),50,,Grasses
112,16043,804478859,-97.78543679271213,30.64608140983934,jbspiritous@gmail.com,false,2026-02-27 23:55,807.7 secs,CEO: Mapbox Satellite w/ Labels,,POINT(-97.78543679271213 30.64608140983934),50,,Built-up
112,16044,804478860,-97.78543679271213,30.64617124103424,jbspiritous@gmail.com,false,2026-02-27 23:55,807.7 secs,CEO: Mapbox Satellite w/ Labels,,POINT(-97.78543679271213 30.64617124103424),50,,Built-up structures
112,16045,804478861,-97.78533237813637,30.645362757276004,jbspiritous@gmail.com,false,2026-02-27 23:55,807.7 secs,CEO: Mapbox Satellite w/ Labels,,POINT(-97.78533237813637 30.645362757276004),50,,Built-up
112,16046,804478862,-97.78533237813637,30.645452589138472,jbspiritous@gmail.com,false,2026-02-27 23:55,807.7 secs,CEO: Mapbox Satellite w/ Labels,,POINT(-97.78533237813637 30.645452589138472),50,,Grasses
112,16047,804478863,-97.78533237813637,30.645542420917522,jbspiritous@gmail.com,false,2026-02-27 23:55,807.7 secs,CEO: Mapbox Satellite w/ Labels,,POINT(-97.78533237813637 30.645542420917522),50,,Built-up
112,16048,804478864,-97.78533237813637,30.645632252613083,jbspiritous@gmail.com,false,2026-02-27 23:55,807.7 secs,CEO: Mapbox Satellite w/ Labels,,POINT(-97.78533237813637 30.645632252613083),50,,Built-up
112,16049,804478865,-97.78533237813637,30.645722084225213,jbspiritous@gmail.com,false,2026-02-27 23:55,807.7 secs,CEO: Mapbox Satellite w/ Labels,,POINT(-97.78533237813637 30.645722084225213),50,,Built-up structures
112,16050,804478866,-97.78533237813637,30.645811915753924,jbspiritous@gmail.com,false,2026-02-27 23:55,807.7 secs,CEO: Mapbox Satellite w/ Labels,,POINT(-97.78533237813637 30.645811915753924),50,,Built-up
112,16051,804478867,-97.78533237813637,30.64590174719919,jbspiritous@gmail.com,false,2026-02-27 23:55,807.7 secs,CEO: Mapbox Satellite w/ Labels,,POINT(-97.78533237813637 30.64590174719919),50,,Built-up
112,16052,804478868,-97.78533237813637,30.645991578560967,jbspiritous@gmail.com,false,2026-02-27 23:55,807.7 secs,CEO: Mapbox Satellite w/ Labels,,POINT(-97.78533237813637 30.645991578560967),50,,Built-up
112,16053,804478869,-97.78533237813637,30.64608140983934,jbspiritous@gmail.com,false,2026-02-27 23:55,807.7 secs,CEO: Mapbox Satellite w/ Labels,,POINT(-97.78533237813637 30.64608140983934),50,,Grasses
112,16054,804478870,-97.78533237813637,30.64617124103424,jbspiritous@gmail.com,false,2026-02-27 23:55,807.7 secs,CEO: Mapbox Satellite w/ Labels,,POINT(-97.78533237813637 30.64617124103424),50,,Grasses
112,16055,804478871,-97.78522796356063,30.645362757276004,jbspiritous@gmail.com,false,2026-02-27 23:55,807.7 secs,CEO: Mapbox Satellite w/ Labels,,POINT(-97.78522796356063 30.645362757276004),50,,Built-up
112,16056,804478872,-97.78522796356063,30.645452589138472,jbspiritous@gmail.com,false,2026-02-27 23:55,807.7 secs,CEO: Mapbox Satellite w/ Labels,,POINT(-97.78522796356063 30.645452589138472),50,,Grasses
112,16057,804478873,-97.78522796356063,30.645542420917522,jbspiritous@gmail.com,false,2026-02-27 23:55,807.7 secs,CEO: Mapbox Satellite w/ Labels,,POINT(-97.78522796356063 30.645542420917522),50,,Trees
112,16058,804478874,-97.78522796356063,30.645632252613083,jbspiritous@gmail.com,false,2026-02-27 23:55,807.7 secs,CEO: Mapbox Satellite w/ Labels,,POINT(-97.78522796356063 30.645632252613083),50,,Built-up
112,16059,804478875,-97.78522796356063,30.645722084225213,jbspiritous@gmail.com,false,2026-02-27 23:55,807.7 secs,CEO: Mapbox Satellite w/ Labels,,POINT(-97.78522796356063 30.645722084225213),50,,Built-up
112,16060,804478876,-97.78522796356063,30.645811915753924,jbspiritous@gmail.com,false,2026-02-27 23:55,807.7 secs,CEO: Mapbox Satellite w/ Labels,,POINT(-97.78522796356063 30.645811915753924),50,,Built-up
112,16061,804478877,-97.78522796356063,30.64590174719919,jbspiritous@gmail.com,false,2026-02-27 23:55,807.7 secs,CEO: Mapbox Satellite w/ Labels,,POINT(-97.78522796356063 30.64590174719919),50,,Built-up
112,16062,804478878,-97.78522796356063,30.645991578560967,jbspiritous@gmail.com,false,2026-02-27 23:55,807.7 secs,CEO: Mapbox Satellite w/ Labels,,POINT(-97.78522796356063 30.645991578560967),50,,Grasses
112,16063,804478879,-97.78522796356063,30.64608140983934,jbspiritous@gmail.com,false,2026-02-27 23:55,807.7 secs,CEO: Mapbox Satellite w/ Labels,,POINT(-97.78522796356063 30.64608140983934),50,,Trees
112,16064,804478880,-97.78522796356063,30.64617124103424,jbspiritous@gmail.com,false,2026-02-27 23:55,807.7 secs,CEO: Mapbox Satellite w/ Labels,,POINT(-97.78522796356063 30.64617124103424),50,,Grasses
112,16065,804478881,-97.78512354898487,30.645362757276004,jbspiritous@gmail.com,false,2026-02-27 23:55,807.7 secs,CEO: Mapbox Satellite w/ Labels,,POINT(-97.78512354898487 30.645362757276004),50,,Built-up
112,16066,804478882,-97.78512354898487,30.645452589138472,jbspiritous@gmail.com,false,2026-02-27 23:55,807.7 secs,CEO: Mapbox Satellite w/ Labels,,POINT(-97.78512354898487 30.645452589138472),50,,Built-up
112,16067,804478883,-97.78512354898487,30.645542420917522,jbspiritous@gmail.com,false,2026-02-27 23:55,807.7 secs,CEO: Mapbox Satellite w/ Labels,,POINT(-97.78512354898487 30.645542420917522),50,,Built-up
112,16068,804478884,-97.78512354898487,30.645632252613083,jbspiritous@gmail.com,false,2026-02-27 23:55,807.7 secs,CEO: Mapbox Satellite w/ Labels,,POINT(-97.78512354898487 30.645632252613083),50,,Built-up
112,16069,804478885,-97.78512354898487,30.645722084225213,jbspiritous@gmail.com,false,2026-02-27 23:55,807.7 secs,CEO: Mapbox Satellite w/ Labels,,POINT(-97.78512354898487 30.645722084225213),50,,Built-up
112,16070,804478886,-97.78512354898487,30.645811915753924,jbspiritous@gmail.com,false,2026-02-27 23:55,807.7 secs,CEO: Mapbox Satellite w/ Labels,,POINT(-97.78512354898487 30.645811915753924),50,,Grasses
112,16071,804478887,-97.78512354898487,30.64590174719919,jbspiritous@gmail.com,false,2026-02-27 23:55,807.7 secs,CEO: Mapbox Satellite w/ Labels,,POINT(-97.78512354898487 30.64590174719919),50,,Trees
112,16072,804478888,-97.78512354898487,30.645991578560967,jbspiritous@gmail.com,false,2026-02-27 23:55,807.7 secs,CEO: Mapbox Satellite w/ Labels,,POINT(-97.78512354898487 30.645991578560967),50,,Built-up
112,16073,804478889,-97.78512354898487,30.64608140983934,jbspiritous@gmail.com,false,2026-02-27 23:55,807.7 secs,CEO: Mapbox Satellite w/ Labels,,POINT(-97.78512354898487 30.64608140983934),50,,Built-up
112,16074,804478890,-97.78512354898487,30.64617124103424,jbspiritous@gmail.com,false,2026-02-27 23:55,807.7 secs,CEO: Mapbox Satellite w/ Labels,,POINT(-97.78512354898487 30.64617124103424),50,,Grasses
112,16075,804478891,-97.78501913440914,30.645362757276004,jbspiritous@gmail.com,false,2026-02-27 23:55,807.7 secs,CEO: Mapbox Satellite w/ Labels,,POINT(-97.78501913440914 30.645362757276004),50,,Built-up
112,16076,804478892,-97.78501913440914,30.645452589138472,jbspiritous@gmail.com,false,2026-02-27 23:55,807.7 secs,CEO: Mapbox Satellite w/ Labels,,POINT(-97.78501913440914 30.645452589138472),50,,Built-up
112,16077,804478893,-97.78501913440914,30.645542420917522,jbspiritous@gmail.com,false,2026-02-27 23:55,807.7 secs,CEO: Mapbox Satellite w/ Labels,,POINT(-97.78501913440914 30.645542420917522),50,,Grasses
112,16078,804478894,-97.78501913440914,30.645632252613083,jbspiritous@gmail.com,false,2026-02-27 23:55,807.7 secs,CEO: Mapbox Satellite w/ Labels,,POINT(-97.78501913440914 30.645632252613083),50,,Grasses
112,16079,804478895,-97.78501913440914,30.645722084225213,jbspiritous@gmail.com,false,2026-02-27 23:55,807.7 secs,CEO: Mapbox Satellite w/ Labels,,POINT(-97.78501913440914 30.645722084225213),50,,Built-up
112,16080,804478896,-97.78501913440914,30.645811915753924,jbspiritous@gmail.com,false,2026-02-27 23:55,807.7 secs,CEO: Mapbox Satellite w/ Labels,,POINT(-97.78501913440914 30.645811915753924),50,,Built-up
112,16081,804478897,-97.78501913440914,30.64590174719919,jbspiritous@gmail.com,false,2026-02-27 23:55,807.7 secs,CEO: Mapbox Satellite w/ Labels,,POINT(-97.78501913440914 30.64590174719919),50,,Built-up
112,16082,804478898,-97.78501913440914,30.645991578560967,jbspiritous@gmail.com,false,2026-02-27 23:55,807.7 secs,CEO: Mapbox Satellite w/ Labels,,POINT(-97.78501913440914 30.645991578560967),50,,Grasses
112,16083,804478899,-97.78501913440914,30.64608140983934,jbspiritous@gmail.com,false,2026-02-27 23:55,807.7 secs,CEO: Mapbox Satellite w/ Labels,,POINT(-97.78501913440914 30.64608140983934),50,,Grasses
112,16084,804478900,-97.78501913440914,30.64617124103424,jbspiritous@gmail.com,false,2026-02-27 23:55,807.7 secs,CEO: Mapbox Satellite w/ Labels,,POINT(-97.78501913440914 30.64617124103424),50,,Grasses
113,16129,804478901,-97.78073375641367,30.62287975727672,jbspiritous@gmail.com,false,2026-02-27 23:57,175.8 secs,CEO: Mapbox Satellite w/ Labels,,POINT(-97.78073375641367 30.62287975727672),50,,Barren
113,16130,804478902,-97.78073375641367,30.622969589138904,jbspiritous@gmail.com,false,2026-02-27 23:57,175.8 secs,CEO: Mapbox Satellite w/ Labels,,POINT(-97.78073375641367 30.622969589138904),50,,Barren
113,16131,804478903,-97.78073375641367,30.6230594209177,jbspiritous@gmail.com,false,2026-02-27 23:57,175.8 secs,CEO: Mapbox Satellite w/ Labels,,POINT(-97.78073375641367 30.6230594209177),50,,Barren
113,16132,804478904,-97.78073375641367,30.623149252613146,jbspiritous@gmail.com,false,2026-02-27 23:57,175.8 secs,CEO: Mapbox Satellite w/ Labels,,POINT(-97.78073375641367 30.623149252613146),50,,Trees
113,16133,804478905,-97.78073375641367,30.62323908422519,jbspiritous@gmail.com,false,2026-02-27 23:57,175.8 secs,CEO: Mapbox Satellite w/ Labels,,POINT(-97.78073375641367 30.62323908422519),50,,Trees
113,16134,804478906,-97.78073375641367,30.623328915753916,jbspiritous@gmail.com,false,2026-02-27 23:57,175.8 secs,CEO: Mapbox Satellite w/ Labels,,POINT(-97.78073375641367 30.623328915753916),50,,Trees
113,16135,804478907,-97.78073375641367,30.62341874719921,jbspiritous@gmail.com,false,2026-02-27 23:57,175.8 secs,CEO: Mapbox Satellite w/ Labels,,POINT(-97.78073375641367 30.62341874719921),50,,Trees
113,16136,804478908,-97.78073375641367,30.623508578561186,jbspiritous@gmail.com,false,2026-02-27 23:57,175.8 secs,CEO: Mapbox Satellite w/ Labels,,POINT(-97.78073375641367 30.623508578561186),50,,Shrubs
113,16137,804478909,-97.78073375641367,30.623598409839772,jbspiritous@gmail.com,false,2026-02-27 23:57,175.8 secs,CEO: Mapbox Satellite w/ Labels,,POINT(-97.78073375641367 30.623598409839772),50,,Shrubs
113,16138,804478910,-97.78073375641367,30.623688241034955,jbspiritous@gmail.com,false,2026-02-27 23:57,175.8 secs,CEO: Mapbox Satellite w/ Labels,,POINT(-97.78073375641367 30.623688241034955),50,,Shrubs
113,16139,804478911,-97.78062936609952,30.62287975727672,jbspiritous@gmail.com,false,2026-02-27 23:57,175.8 secs,CEO: Mapbox Satellite w/ Labels,,POINT(-97.78062936609952 30.62287975727672),50,,Barren
113,16140,804478912,-97.78062936609952,30.622969589138904,jbspiritous@gmail.com,false,2026-02-27 23:57,175.8 secs,CEO: Mapbox Satellite w/ Labels,,POINT(-97.78062936609952 30.622969589138904),50,,Barren
113,16141,804478913,-97.78062936609952,30.6230594209177,jbspiritous@gmail.com,false,2026-02-27 23:57,175.8 secs,CEO: Mapbox Satellite w/ Labels,,POINT(-97.78062936609952 30.6230594209177),50,,Barren
113,16142,804478914,-97.78062936609952,30.623149252613146,jbspiritous@gmail.com,false,2026-02-27 23:57,175.8 secs,CEO: Mapbox Satellite w/ Labels,,POINT(-97.78062936609952 30.623149252613146),50,,Trees
113,16143,804478915,-97.78062936609952,30.62323908422519,jbspiritous@gmail.com,false,2026-02-27 23:57,175.8 secs,CEO: Mapbox Satellite w/ Labels,,POINT(-97.78062936609952 30.62323908422519),50,,Trees
113,16144,804478916,-97.78062936609952,30.623328915753916,jbspiritous@gmail.com,false,2026-02-27 23:57,175.8 secs,CEO: Mapbox Satellite w/ Labels,,POINT(-97.78062936609952 30.623328915753916),50,,Trees
113,16145,804478917,-97.78062936609952,30.62341874719921,jbspiritous@gmail.com,false,2026-02-27 23:57,175.8 secs,CEO: Mapbox Satellite w/ Labels,,POINT(-97.78062936609952 30.62341874719921),50,,Trees
113,16146,804478918,-97.78062936609952,30.623508578561186,jbspiritous@gmail.com,false,2026-02-27 23:57,175.8 secs,CEO: Mapbox Satellite w/ Labels,,POINT(-97.78062936609952 30.623508578561186),50,,Shrubs
113,16147,804478919,-97.78062936609952,30.623598409839772,jbspiritous@gmail.com,false,2026-02-27 23:57,175.8 secs,CEO: Mapbox Satellite w/ Labels,,POINT(-97.78062936609952 30.623598409839772),50,,Shrubs
113,16148,804478920,-97.78062936609952,30.623688241034955,jbspiritous@gmail.com,false,2026-02-27 23:57,175.8 secs,CEO: Mapbox Satellite w/ Labels,,POINT(-97.78062936609952 30.623688241034955),50,,Shrubs
113,16149,804478921,-97.78052497578537,30.62287975727672,jbspiritous@gmail.com,false,2026-02-27 23:57,175.8 secs,CEO: Mapbox Satellite w/ Labels,,POINT(-97.78052497578537 30.62287975727672),50,,Barren
113,16150,804478922,-97.78052497578537,30.622969589138904,jbspiritous@gmail.com,false,2026-02-27 23:57,175.8 secs,CEO: Mapbox Satellite w/ Labels,,POINT(-97.78052497578537 30.622969589138904),50,,Barren
113,16151,804478923,-97.78052497578537,30.6230594209177,jbspiritous@gmail.com,false,2026-02-27 23:57,175.8 secs,CEO: Mapbox Satellite w/ Labels,,POINT(-97.78052497578537 30.6230594209177),50,,Barren
113,16152,804478924,-97.78052497578537,30.623149252613146,jbspiritous@gmail.com,false,2026-02-27 23:57,175.8 secs,CEO: Mapbox Satellite w/ Labels,,POINT(-97.78052497578537 30.623149252613146),50,,Trees
113,16153,804478925,-97.78052497578537,30.62323908422519,jbspiritous@gmail.com,false,2026-02-27 23:57,175.8 secs,CEO: Mapbox Satellite w/ Labels,,POINT(-97.78052497578537 30.62323908422519),50,,Trees
113,16154,804478926,-97.78052497578537,30.623328915753916,jbspiritous@gmail.com,false,2026-02-27 23:57,175.8 secs,CEO: Mapbox Satellite w/ Labels,,POINT(-97.78052497578537 30.623328915753916),50,,Trees
113,16155,804478927,-97.78052497578537,30.62341874719921,jbspiritous@gmail.com,false,2026-02-27 23:57,175.8 secs,CEO: Mapbox Satellite w/ Labels,,POINT(-97.78052497578537 30.62341874719921),50,,Trees
113,16156,804478928,-97.78052497578537,30.623508578561186,jbspiritous@gmail.com,false,2026-02-27 23:57,175.8 secs,CEO: Mapbox Satellite w/ Labels,,POINT(-97.78052497578537 30.623508578561186),50,,Shrubs
113,16157,804478929,-97.78052497578537,30.623598409839772,jbspiritous@gmail.com,false,2026-02-27 23:57,175.8 secs,CEO: Mapbox Satellite w/ Labels,,POINT(-97.78052497578537 30.623598409839772),50,,Shrubs
113,16158,804478930,-97.78052497578537,30.623688241034955,jbspiritous@gmail.com,false,2026-02-27 23:57,175.8 secs,CEO: Mapbox Satellite w/ Labels,,POINT(-97.78052497578537 30.623688241034955),50,,Shrubs
113,16159,804478931,-97.78042058547122,30.62287975727672,jbspiritous@gmail.com,false,2026-02-27 23:57,175.8 secs,CEO: Mapbox Satellite w/ Labels,,POINT(-97.78042058547122 30.62287975727672),50,,Barren
113,16160,804478932,-97.78042058547122,30.622969589138904,jbspiritous@gmail.com,false,2026-02-27 23:57,175.8 secs,CEO: Mapbox Satellite w/ Labels,,POINT(-97.78042058547122 30.622969589138904),50,,Barren
113,16161,804478933,-97.78042058547122,30.6230594209177,jbspiritous@gmail.com,false,2026-02-27 23:57,175.8 secs,CEO: Mapbox Satellite w/ Labels,,POINT(-97.78042058547122 30.6230594209177),50,,Barren
113,16162,804478934,-97.78042058547122,30.623149252613146,jbspiritous@gmail.com,false,2026-02-27 23:57,175.8 secs,CEO: Mapbox Satellite w/ Labels,,POINT(-97.78042058547122 30.623149252613146),50,,Shrubs
113,16163,804478935,-97.78042058547122,30.62323908422519,jbspiritous@gmail.com,false,2026-02-27 23:57,175.8 secs,CEO: Mapbox Satellite w/ Labels,,POINT(-97.78042058547122 30.62323908422519),50,,Trees
113,16164,804478936,-97.78042058547122,30.623328915753916,jbspiritous@gmail.com,false,2026-02-27 23:57,175.8 secs,CEO: Mapbox Satellite w/ Labels,,POINT(-97.78042058547122 30.623328915753916),50,,Trees
113,16165,804478937,-97.78042058547122,30.62341874719921,jbspiritous@gmail.com,false,2026-02-27 23:57,175.8 secs,CEO: Mapbox Satellite w/ Labels,,POINT(-97.78042058547122 30.62341874719921),50,,Trees
113,16166,804478938,-97.78042058547122,30.623508578561186,jbspiritous@gmail.com,false,2026-02-27 23:57,175.8 secs,CEO: Mapbox Satellite w/ Labels,,POINT(-97.78042058547122 30.623508578561186),50,,Shrubs
113,16167,804478939,-97.78042058547122,30.623598409839772,jbspiritous@gmail.com,false,2026-02-27 23:57,175.8 secs,CEO: Mapbox Satellite w/ Labels,,POINT(-97.78042058547122 30.623598409839772),50,,Shrubs
113,16168,804478940,-97.78042058547122,30.623688241034955,jbspiritous@gmail.com,false,2026-02-27 23:57,175.8 secs,CEO: Mapbox Satellite w/ Labels,,POINT(-97.78042058547122 30.623688241034955),50,,Shrubs
113,16169,804478941,-97.78031619515708,30.62287975727672,jbspiritous@gmail.com,false,2026-02-27 23:57,175.8 secs,CEO: Mapbox Satellite w/ Labels,,POINT(-97.78031619515708 30.62287975727672),50,,Trees
113,16170,804478942,-97.78031619515708,30.622969589138904,jbspiritous@gmail.com,false,2026-02-27 23:57,175.8 secs,CEO: Mapbox Satellite w/ Labels,,POINT(-97.78031619515708 30.622969589138904),50,,Trees
113,16171,804478943,-97.78031619515708,30.6230594209177,jbspiritous@gmail.com,false,2026-02-27 23:57,175.8 secs,CEO: Mapbox Satellite w/ Labels,,POINT(-97.78031619515708 30.6230594209177),50,,Barren
113,16172,804478944,-97.78031619515708,30.623149252613146,jbspiritous@gmail.com,false,2026-02-27 23:57,175.8 secs,CEO: Mapbox Satellite w/ Labels,,POINT(-97.78031619515708 30.623149252613146),50,,Shrubs
113,16173,804478945,-97.78031619515708,30.62323908422519,jbspiritous@gmail.com,false,2026-02-27 23:57,175.8 secs,CEO: Mapbox Satellite w/ Labels,,POINT(-97.78031619515708 30.62323908422519),50,,Trees
113,16174,804478946,-97.78031619515708,30.623328915753916,jbspiritous@gmail.com,false,2026-02-27 23:57,175.8 secs,CEO: Mapbox Satellite w/ Labels,,POINT(-97.78031619515708 30.623328915753916),50,,Trees
113,16175,804478947,-97.78031619515708,30.62341874719921,jbspiritous@gmail.com,false,2026-02-27 23:57,175.8 secs,CEO: Mapbox Satellite w/ Labels,,POINT(-97.78031619515708 30.62341874719921),50,,Barren
113,16176,804478948,-97.78031619515708,30.623508578561186,jbspiritous@gmail.com,false,2026-02-27 23:57,175.8 secs,CEO: Mapbox Satellite w/ Labels,,POINT(-97.78031619515708 30.623508578561186),50,,Shrubs
113,16177,804478949,-97.78031619515708,30.623598409839772,jbspiritous@gmail.com,false,2026-02-27 23:57,175.8 secs,CEO: Mapbox Satellite w/ Labels,,POINT(-97.78031619515708 30.623598409839772),50,,Shrubs
113,16178,804478950,-97.78031619515708,30.623688241034955,jbspiritous@gmail.com,false,2026-02-27 23:57,175.8 secs,CEO: Mapbox Satellite w/ Labels,,POINT(-97.78031619515708 30.623688241034955),50,,Shrubs
113,16179,804478951,-97.78021180484293,30.62287975727672,jbspiritous@gmail.com,false,2026-02-27 23:57,175.8 secs,CEO: Mapbox Satellite w/ Labels,,POINT(-97.78021180484293 30.62287975727672),50,,Barren
113,16180,804478952,-97.78021180484293,30.622969589138904,jbspiritous@gmail.com,false,2026-02-27 23:57,175.8 secs,CEO: Mapbox Satellite w/ Labels,,POINT(-97.78021180484293 30.622969589138904),50,,Trees
113,16181,804478953,-97.78021180484293,30.6230594209177,jbspiritous@gmail.com,false,2026-02-27 23:57,175.8 secs,CEO: Mapbox Satellite w/ Labels,,POINT(-97.78021180484293 30.6230594209177),50,,Trees
113,16182,804478954,-97.78021180484293,30.623149252613146,jbspiritous@gmail.com,false,2026-02-27 23:57,175.8 secs,CEO: Mapbox Satellite w/ Labels,,POINT(-97.78021180484293 30.623149252613146),50,,Trees
113,16183,804478955,-97.78021180484293,30.62323908422519,jbspiritous@gmail.com,false,2026-02-27 23:57,175.8 secs,CEO: Mapbox Satellite w/ Labels,,POINT(-97.78021180484293 30.62323908422519),50,,Trees
113,16184,804478956,-97.78021180484293,30.623328915753916,jbspiritous@gmail.com,false,2026-02-27 23:57,175.8 secs,CEO: Mapbox Satellite w/ Labels,,POINT(-97.78021180484293 30.623328915753916),50,,Trees
113,16185,804478957,-97.78021180484293,30.62341874719921,jbspiritous@gmail.com,false,2026-02-27 23:57,175.8 secs,CEO: Mapbox Satellite w/ Labels,,POINT(-97.78021180484293 30.62341874719921),50,,Trees
113,16186,804478958,-97.78021180484293,30.623508578561186,jbspiritous@gmail.com,false,2026-02-27 23:57,175.8 secs,CEO: Mapbox Satellite w/ Labels,,POINT(-97.78021180484293 30.623508578561186),50,,Barren
113,16187,804478959,-97.78021180484293,30.623598409839772,jbspiritous@gmail.com,false,2026-02-27 23:57,175.8 secs,CEO: Mapbox Satellite w/ Labels,,POINT(-97.78021180484293 30.623598409839772),50,,Shrubs
113,16188,804478960,-97.78021180484293,30.623688241034955,jbspiritous@gmail.com,false,2026-02-27 23:57,175.8 secs,CEO: Mapbox Satellite w/ Labels,,POINT(-97.78021180484293 30.623688241034955),50,,Shrubs
113,16189,804478961,-97.78010741452879,30.62287975727672,jbspiritous@gmail.com,false,2026-02-27 23:57,175.8 secs,CEO: Mapbox Satellite w/ Labels,,POINT(-97.78010741452879 30.62287975727672),50,,Barren
113,16190,804478962,-97.78010741452879,30.622969589138904,jbspiritous@gmail.com,false,2026-02-27 23:57,175.8 secs,CEO: Mapbox Satellite w/ Labels,,POINT(-97.78010741452879 30.622969589138904),50,,Trees
113,16191,804478963,-97.78010741452879,30.6230594209177,jbspiritous@gmail.com,false,2026-02-27 23:57,175.8 secs,CEO: Mapbox Satellite w/ Labels,,POINT(-97.78010741452879 30.6230594209177),50,,Trees
113,16192,804478964,-97.78010741452879,30.623149252613146,jbspiritous@gmail.com,false,2026-02-27 23:57,175.8 secs,CEO: Mapbox Satellite w/ Labels,,POINT(-97.78010741452879 30.623149252613146),50,,Trees
113,16193,804478965,-97.78010741452879,30.62323908422519,jbspiritous@gmail.com,false,2026-02-27 23:57,175.8 secs,CEO: Mapbox Satellite w/ Labels,,POINT(-97.78010741452879 30.62323908422519),50,,Trees
113,16194,804478966,-97.78010741452879,30.623328915753916,jbspiritous@gmail.com,false,2026-02-27 23:57,175.8 secs,CEO: Mapbox Satellite w/ Labels,,POINT(-97.78010741452879 30.623328915753916),50,,Trees
113,16195,804478967,-97.78010741452879,30.62341874719921,jbspiritous@gmail.com,false,2026-02-27 23:57,175.8 secs,CEO: Mapbox Satellite w/ Labels,,POINT(-97.78010741452879 30.62341874719921),50,,Trees
113,16196,804478968,-97.78010741452879,30.623508578561186,jbspiritous@gmail.com,false,2026-02-27 23:57,175.8 secs,CEO: Mapbox Satellite w/ Labels,,POINT(-97.78010741452879 30.623508578561186),50,,Barren
113,16197,804478969,-97.78010741452879,30.623598409839772,jbspiritous@gmail.com,false,2026-02-27 23:57,175.8 secs,CEO: Mapbox Satellite w/ Labels,,POINT(-97.78010741452879 30.623598409839772),50,,Shrubs
113,16198,804478970,-97.78010741452879,30.623688241034955,jbspiritous@gmail.com,false,2026-02-27 23:57,175.8 secs,CEO: Mapbox Satellite w/ Labels,,POINT(-97.78010741452879 30.623688241034955),50,,Shrubs
113,16199,804478971,-97.78000302421464,30.62287975727672,jbspiritous@gmail.com,false,2026-02-27 23:57,175.8 secs,CEO: Mapbox Satellite w/ Labels,,POINT(-97.78000302421464 30.62287975727672),50,,Barren
113,16200,804478972,-97.78000302421464,30.622969589138904,jbspiritous@gmail.com,false,2026-02-27 23:57,175.8 secs,CEO: Mapbox Satellite w/ Labels,,POINT(-97.78000302421464 30.622969589138904),50,,Barren
113,16201,804478973,-97.78000302421464,30.6230594209177,jbspiritous@gmail.com,false,2026-02-27 23:57,175.8 secs,CEO: Mapbox Satellite w/ Labels,,POINT(-97.78000302421464 30.6230594209177),50,,Trees
113,16202,804478974,-97.78000302421464,30.623149252613146,jbspiritous@gmail.com,false,2026-02-27 23:57,175.8 secs,CEO: Mapbox Satellite w/ Labels,,POINT(-97.78000302421464 30.623149252613146),50,,Trees
113,16203,804478975,-97.78000302421464,30.62323908422519,jbspiritous@gmail.com,false,2026-02-27 23:57,175.8 secs,CEO: Mapbox Satellite w/ Labels,,POINT(-97.78000302421464 30.62323908422519),50,,Trees
113,16204,804478976,-97.78000302421464,30.623328915753916,jbspiritous@gmail.com,false,2026-02-27 23:57,175.8 secs,CEO: Mapbox Satellite w/ Labels,,POINT(-97.78000302421464 30.623328915753916),50,,Trees
113,16205,804478977,-97.78000302421464,30.62341874719921,jbspiritous@gmail.com,false,2026-02-27 23:57,175.8 secs,CEO: Mapbox Satellite w/ Labels,,POINT(-97.78000302421464 30.62341874719921),50,,Trees
113,16206,804478978,-97.78000302421464,30.623508578561186,jbspiritous@gmail.com,false,2026-02-27 23:57,175.8 secs,CEO: Mapbox Satellite w/ Labels,,POINT(-97.78000302421464 30.623508578561186),50,,Shrubs
113,16207,804478979,-97.78000302421464,30.623598409839772,jbspiritous@gmail.com,false,2026-02-27 23:57,175.8 secs,CEO: Mapbox Satellite w/ Labels,,POINT(-97.78000302421464 30.623598409839772),50,,Shrubs
113,16208,804478980,-97.78000302421464,30.623688241034955,jbspiritous@gmail.com,false,2026-02-27 23:57,175.8 secs,CEO: Mapbox Satellite w/ Labels,,POINT(-97.78000302421464 30.623688241034955),50,,Shrubs
113,16209,804478981,-97.77989863390049,30.62287975727672,jbspiritous@gmail.com,false,2026-02-27 23:57,175.8 secs,CEO: Mapbox Satellite w/ Labels,,POINT(-97.77989863390049 30.62287975727672),50,,Barren
113,16210,804478982,-97.77989863390049,30.622969589138904,jbspiritous@gmail.com,false,2026-02-27 23:57,175.8 secs,CEO: Mapbox Satellite w/ Labels,,POINT(-97.77989863390049 30.622969589138904),50,,Barren
113,16211,804478983,-97.77989863390049,30.6230594209177,jbspiritous@gmail.com,false,2026-02-27 23:57,175.8 secs,CEO: Mapbox Satellite w/ Labels,,POINT(-97.77989863390049 30.6230594209177),50,,Barren
113,16212,804478984,-97.77989863390049,30.623149252613146,jbspiritous@gmail.com,false,2026-02-27 23:57,175.8 secs,CEO: Mapbox Satellite w/ Labels,,POINT(-97.77989863390049 30.623149252613146),50,,Barren
113,16213,804478985,-97.77989863390049,30.62323908422519,jbspiritous@gmail.com,false,2026-02-27 23:57,175.8 secs,CEO: Mapbox Satellite w/ Labels,,POINT(-97.77989863390049 30.62323908422519),50,,Trees
113,16214,804478986,-97.77989863390049,30.623328915753916,jbspiritous@gmail.com,false,2026-02-27 23:57,175.8 secs,CEO: Mapbox Satellite w/ Labels,,POINT(-97.77989863390049 30.623328915753916),50,,Trees
113,16215,804478987,-97.77989863390049,30.62341874719921,jbspiritous@gmail.com,false,2026-02-27 23:57,175.8 secs,CEO: Mapbox Satellite w/ Labels,,POINT(-97.77989863390049 30.62341874719921),50,,Trees
113,16216,804478988,-97.77989863390049,30.623508578561186,jbspiritous@gmail.com,false,2026-02-27 23:57,175.8 secs,CEO: Mapbox Satellite w/ Labels,,POINT(-97.77989863390049 30.623508578561186),50,,Barren
113,16217,804478989,-97.77989863390049,30.623598409839772,jbspiritous@gmail.com,false,2026-02-27 23:57,175.8 secs,CEO: Mapbox Satellite w/ Labels,,POINT(-97.77989863390049 30.623598409839772),50,,Barren
113,16218,804478990,-97.77989863390049,30.623688241034955,jbspiritous@gmail.com,false,2026-02-27 23:57,175.8 secs,CEO: Mapbox Satellite w/ Labels,,POINT(-97.77989863390049 30.623688241034955),50,,Barren
113,16219,804478991,-97.77979424358635,30.62287975727672,jbspiritous@gmail.com,false,2026-02-27 23:57,175.8 secs,CEO: Mapbox Satellite w/ Labels,,POINT(-97.77979424358635 30.62287975727672),50,,Barren
113,16220,804478992,-97.77979424358635,30.622969589138904,jbspiritous@gmail.com,false,2026-02-27 23:57,175.8 secs,CEO: Mapbox Satellite w/ Labels,,POINT(-97.77979424358635 30.622969589138904),50,,Barren
113,16221,804478993,-97.77979424358635,30.6230594209177,jbspiritous@gmail.com,false,2026-02-27 23:57,175.8 secs,CEO: Mapbox Satellite w/ Labels,,POINT(-97.77979424358635 30.6230594209177),50,,Barren
113,16222,804478994,-97.77979424358635,30.623149252613146,jbspiritous@gmail.com,false,2026-02-27 23:57,175.8 secs,CEO: Mapbox Satellite w/ Labels,,POINT(-97.77979424358635 30.623149252613146),50,,Barren
113,16223,804478995,-97.77979424358635,30.62323908422519,jbspiritous@gmail.com,false,2026-02-27 23:57,175.8 secs,CEO: Mapbox Satellite w/ Labels,,POINT(-97.77979424358635 30.62323908422519),50,,Trees
113,16224,804478996,-97.77979424358635,30.623328915753916,jbspiritous@gmail.com,false,2026-02-27 23:57,175.8 secs,CEO: Mapbox Satellite w/ Labels,,POINT(-97.77979424358635 30.623328915753916),50,,Trees
113,16225,804478997,-97.77979424358635,30.62341874719921,jbspiritous@gmail.com,false,2026-02-27 23:57,175.8 secs,CEO: Mapbox Satellite w/ Labels,,POINT(-97.77979424358635 30.62341874719921),50,,Barren
113,16226,804478998,-97.77979424358635,30.623508578561186,jbspiritous@gmail.com,false,2026-02-27 23:57,175.8 secs,CEO: Mapbox Satellite w/ Labels,,POINT(-97.77979424358635 30.623508578561186),50,,Barren
113,16227,804478999,-97.77979424358635,30.623598409839772,jbspiritous@gmail.com,false,2026-02-27 23:57,175.8 secs,CEO: Mapbox Satellite w/ Labels,,POINT(-97.77979424358635 30.623598409839772),50,,Barren
113,16228,804479000,-97.77979424358635,30.623688241034955,jbspiritous@gmail.com,false,2026-02-27 23:57,175.8 secs,CEO: Mapbox Satellite w/ Labels,,POINT(-97.77979424358635 30.623688241034955),50,,Shrubs
114,16273,804479001,-97.7807337782412,30.627376757276608,jbspiritous@gmail.com,false,2026-02-28 00:10,746.3 secs,CEO: Mapbox Satellite w/ Labels,,POINT(-97.7807337782412 30.627376757276608),50,,Barren
114,16274,804479002,-97.7807337782412,30.627466589138834,jbspiritous@gmail.com,false,2026-02-28 00:10,746.3 secs,CEO: Mapbox Satellite w/ Labels,,POINT(-97.7807337782412 30.627466589138834),50,,Trees
114,16275,804479003,-97.7807337782412,30.627556420917685,jbspiritous@gmail.com,false,2026-02-28 00:10,746.3 secs,CEO: Mapbox Satellite w/ Labels,,POINT(-97.7807337782412 30.627556420917685),50,,Trees
114,16276,804479004,-97.7807337782412,30.62764625261316,jbspiritous@gmail.com,false,2026-02-28 00:10,746.3 secs,CEO: Mapbox Satellite w/ Labels,,POINT(-97.7807337782412 30.62764625261316),50,,Trees
114,16277,804479005,-97.7807337782412,30.627736084225234,jbspiritous@gmail.com,false,2026-02-28 00:10,746.3 secs,CEO: Mapbox Satellite w/ Labels,,POINT(-97.7807337782412 30.627736084225234),50,,Trees
114,16278,804479006,-97.7807337782412,30.62782591575393,jbspiritous@gmail.com,false,2026-02-28 00:10,746.3 secs,CEO: Mapbox Satellite w/ Labels,,POINT(-97.7807337782412 30.62782591575393),50,,Trees
114,16279,804479007,-97.7807337782412,30.62791574719924,jbspiritous@gmail.com,false,2026-02-28 00:10,746.3 secs,CEO: Mapbox Satellite w/ Labels,,POINT(-97.7807337782412 30.62791574719924),50,,Trees
114,16280,804479008,-97.7807337782412,30.628005578561158,jbspiritous@gmail.com,false,2026-02-28 00:10,746.3 secs,CEO: Mapbox Satellite w/ Labels,,POINT(-97.7807337782412 30.628005578561158),50,,Trees
114,16281,804479009,-97.7807337782412,30.628095409839673,jbspiritous@gmail.com,false,2026-02-28 00:10,746.3 secs,CEO: Mapbox Satellite w/ Labels,,POINT(-97.7807337782412 30.628095409839673),50,,Trees
114,16282,804479010,-97.7807337782412,30.628185241034856,jbspiritous@gmail.com,false,2026-02-28 00:10,746.3 secs,CEO: Mapbox Satellite w/ Labels,,POINT(-97.7807337782412 30.628185241034856),50,,Barren
114,16283,804479011,-97.78062938307649,30.627376757276608,jbspiritous@gmail.com,false,2026-02-28 00:10,746.3 secs,CEO: Mapbox Satellite w/ Labels,,POINT(-97.78062938307649 30.627376757276608),50,,Barren
114,16284,804479012,-97.78062938307649,30.627466589138834,jbspiritous@gmail.com,false,2026-02-28 00:10,746.3 secs,CEO: Mapbox Satellite w/ Labels,,POINT(-97.78062938307649 30.627466589138834),50,,Barren
114,16285,804479013,-97.78062938307649,30.627556420917685,jbspiritous@gmail.com,false,2026-02-28 00:10,746.3 secs,CEO: Mapbox Satellite w/ Labels,,POINT(-97.78062938307649 30.627556420917685),50,,Trees
114,16286,804479014,-97.78062938307649,30.62764625261316,jbspiritous@gmail.com,false,2026-02-28 00:10,746.3 secs,CEO: Mapbox Satellite w/ Labels,,POINT(-97.78062938307649 30.62764625261316),50,,Trees
114,16287,804479015,-97.78062938307649,30.627736084225234,jbspiritous@gmail.com,false,2026-02-28 00:10,746.3 secs,CEO: Mapbox Satellite w/ Labels,,POINT(-97.78062938307649 30.627736084225234),50,,Trees
114,16288,804479016,-97.78062938307649,30.62782591575393,jbspiritous@gmail.com,false,2026-02-28 00:10,746.3 secs,CEO: Mapbox Satellite w/ Labels,,POINT(-97.78062938307649 30.62782591575393),50,,Trees
114,16289,804479017,-97.78062938307649,30.62791574719924,jbspiritous@gmail.com,false,2026-02-28 00:10,746.3 secs,CEO: Mapbox Satellite w/ Labels,,POINT(-97.78062938307649 30.62791574719924),50,,Trees
114,16290,804479018,-97.78062938307649,30.628005578561158,jbspiritous@gmail.com,false,2026-02-28 00:10,746.3 secs,CEO: Mapbox Satellite w/ Labels,,POINT(-97.78062938307649 30.628005578561158),50,,Trees
114,16291,804479019,-97.78062938307649,30.628095409839673,jbspiritous@gmail.com,false,2026-02-28 00:10,746.3 secs,CEO: Mapbox Satellite w/ Labels,,POINT(-97.78062938307649 30.628095409839673),50,,Trees
114,16292,804479020,-97.78062938307649,30.628185241034856,jbspiritous@gmail.com,false,2026-02-28 00:10,746.3 secs,CEO: Mapbox Satellite w/ Labels,,POINT(-97.78062938307649 30.628185241034856),50,,Trees
114,16293,804479021,-97.78052498791178,30.627376757276608,jbspiritous@gmail.com,false,2026-02-28 00:10,746.3 secs,CEO: Mapbox Satellite w/ Labels,,POINT(-97.78052498791178 30.627376757276608),50,,Trees
114,16294,804479022,-97.78052498791178,30.627466589138834,jbspiritous@gmail.com,false,2026-02-28 00:10,746.3 secs,CEO: Mapbox Satellite w/ Labels,,POINT(-97.78052498791178 30.627466589138834),50,,Trees
114,16295,804479023,-97.78052498791178,30.627556420917685,jbspiritous@gmail.com,false,2026-02-28 00:10,746.3 secs,CEO: Mapbox Satellite w/ Labels,,POINT(-97.78052498791178 30.627556420917685),50,,Barren
114,16296,804479024,-97.78052498791178,30.62764625261316,jbspiritous@gmail.com,false,2026-02-28 00:10,746.3 secs,CEO: Mapbox Satellite w/ Labels,,POINT(-97.78052498791178 30.62764625261316),50,,Trees
114,16297,804479025,-97.78052498791178,30.627736084225234,jbspiritous@gmail.com,false,2026-02-28 00:10,746.3 secs,CEO: Mapbox Satellite w/ Labels,,POINT(-97.78052498791178 30.627736084225234),50,,Trees
114,16298,804479026,-97.78052498791178,30.62782591575393,jbspiritous@gmail.com,false,2026-02-28 00:10,746.3 secs,CEO: Mapbox Satellite w/ Labels,,POINT(-97.78052498791178 30.62782591575393),50,,Trees
114,16299,804479027,-97.78052498791178,30.62791574719924,jbspiritous@gmail.com,false,2026-02-28 00:10,746.3 secs,CEO: Mapbox Satellite w/ Labels,,POINT(-97.78052498791178 30.62791574719924),50,,Trees
114,16300,804479028,-97.78052498791178,30.628005578561158,jbspiritous@gmail.com,false,2026-02-28 00:10,746.3 secs,CEO: Mapbox Satellite w/ Labels,,POINT(-97.78052498791178 30.628005578561158),50,,Trees
114,16301,804479029,-97.78052498791178,30.628095409839673,jbspiritous@gmail.com,false,2026-02-28 00:10,746.3 secs,CEO: Mapbox Satellite w/ Labels,,POINT(-97.78052498791178 30.628095409839673),50,,Trees
114,16302,804479030,-97.78052498791178,30.628185241034856,jbspiritous@gmail.com,false,2026-02-28 00:10,746.3 secs,CEO: Mapbox Satellite w/ Labels,,POINT(-97.78052498791178 30.628185241034856),50,,Trees
114,16303,804479031,-97.78042059274706,30.627376757276608,jbspiritous@gmail.com,false,2026-02-28 00:10,746.3 secs,CEO: Mapbox Satellite w/ Labels,,POINT(-97.78042059274706 30.627376757276608),50,,Trees
114,16304,804479032,-97.78042059274706,30.627466589138834,jbspiritous@gmail.com,false,2026-02-28 00:10,746.3 secs,CEO: Mapbox Satellite w/ Labels,,POINT(-97.78042059274706 30.627466589138834),50,,Trees
114,16305,804479033,-97.78042059274706,30.627556420917685,jbspiritous@gmail.com,false,2026-02-28 00:10,746.3 secs,CEO: Mapbox Satellite w/ Labels,,POINT(-97.78042059274706 30.627556420917685),50,,Trees
114,16306,804479034,-97.78042059274706,30.62764625261316,jbspiritous@gmail.com,false,2026-02-28 00:10,746.3 secs,CEO: Mapbox Satellite w/ Labels,,POINT(-97.78042059274706 30.62764625261316),50,,Trees
114,16307,804479035,-97.78042059274706,30.627736084225234,jbspiritous@gmail.com,false,2026-02-28 00:10,746.3 secs,CEO: Mapbox Satellite w/ Labels,,POINT(-97.78042059274706 30.627736084225234),50,,Trees
114,16308,804479036,-97.78042059274706,30.62782591575393,jbspiritous@gmail.com,false,2026-02-28 00:10,746.3 secs,CEO: Mapbox Satellite w/ Labels,,POINT(-97.78042059274706 30.62782591575393),50,,Barren
114,16309,804479037,-97.78042059274706,30.62791574719924,jbspiritous@gmail.com,false,2026-02-28 00:10,746.3 secs,CEO: Mapbox Satellite w/ Labels,,POINT(-97.78042059274706 30.62791574719924),50,,Trees
114,16310,804479038,-97.78042059274706,30.628005578561158,jbspiritous@gmail.com,false,2026-02-28 00:10,746.3 secs,CEO: Mapbox Satellite w/ Labels,,POINT(-97.78042059274706 30.628005578561158),50,,Trees
114,16311,804479039,-97.78042059274706,30.628095409839673,jbspiritous@gmail.com,false,2026-02-28 00:10,746.3 secs,CEO: Mapbox Satellite w/ Labels,,POINT(-97.78042059274706 30.628095409839673),50,,Trees
114,16312,804479040,-97.78042059274706,30.628185241034856,jbspiritous@gmail.com,false,2026-02-28 00:10,746.3 secs,CEO: Mapbox Satellite w/ Labels,,POINT(-97.78042059274706 30.628185241034856),50,,Trees
114,16313,804479041,-97.78031619758237,30.627376757276608,jbspiritous@gmail.com,false,2026-02-28 00:10,746.3 secs,CEO: Mapbox Satellite w/ Labels,,POINT(-97.78031619758237 30.627376757276608),50,,Trees
114,16314,804479042,-97.78031619758237,30.627466589138834,jbspiritous@gmail.com,false,2026-02-28 00:10,746.3 secs,CEO: Mapbox Satellite w/ Labels,,POINT(-97.78031619758237 30.627466589138834),50,,Trees
114,16315,804479043,-97.78031619758237,30.627556420917685,jbspiritous@gmail.com,false,2026-02-28 00:10,746.3 secs,CEO: Mapbox Satellite w/ Labels,,POINT(-97.78031619758237 30.627556420917685),50,,Trees
114,16316,804479044,-97.78031619758237,30.62764625261316,jbspiritous@gmail.com,false,2026-02-28 00:10,746.3 secs,CEO: Mapbox Satellite w/ Labels,,POINT(-97.78031619758237 30.62764625261316),50,,Trees
114,16317,804479045,-97.78031619758237,30.627736084225234,jbspiritous@gmail.com,false,2026-02-28 00:10,746.3 secs,CEO: Mapbox Satellite w/ Labels,,POINT(-97.78031619758237 30.627736084225234),50,,Trees
114,16318,804479046,-97.78031619758237,30.62782591575393,jbspiritous@gmail.com,false,2026-02-28 00:10,746.3 secs,CEO: Mapbox Satellite w/ Labels,,POINT(-97.78031619758237 30.62782591575393),50,,Trees
114,16319,804479047,-97.78031619758237,30.62791574719924,jbspiritous@gmail.com,false,2026-02-28 00:10,746.3 secs,CEO: Mapbox Satellite w/ Labels,,POINT(-97.78031619758237 30.62791574719924),50,,Trees
114,16320,804479048,-97.78031619758237,30.628005578561158,jbspiritous@gmail.com,false,2026-02-28 00:10,746.3 secs,CEO: Mapbox Satellite w/ Labels,,POINT(-97.78031619758237 30.628005578561158),50,,Trees
114,16321,804479049,-97.78031619758237,30.628095409839673,jbspiritous@gmail.com,false,2026-02-28 00:10,746.3 secs,CEO: Mapbox Satellite w/ Labels,,POINT(-97.78031619758237 30.628095409839673),50,,Barren
114,16322,804479050,-97.78031619758237,30.628185241034856,jbspiritous@gmail.com,false,2026-02-28 00:10,746.3 secs,CEO: Mapbox Satellite w/ Labels,,POINT(-97.78031619758237 30.628185241034856),50,,Trees
114,16323,804479051,-97.78021180241764,30.627376757276608,jbspiritous@gmail.com,false,2026-02-28 00:10,746.3 secs,CEO: Mapbox Satellite w/ Labels,,POINT(-97.78021180241764 30.627376757276608),50,,Barren
114,16324,804479052,-97.78021180241764,30.627466589138834,jbspiritous@gmail.com,false,2026-02-28 00:10,746.3 secs,CEO: Mapbox Satellite w/ Labels,,POINT(-97.78021180241764 30.627466589138834),50,,Trees
114,16325,804479053,-97.78021180241764,30.627556420917685,jbspiritous@gmail.com,false,2026-02-28 00:10,746.3 secs,CEO: Mapbox Satellite w/ Labels,,POINT(-97.78021180241764 30.627556420917685),50,,Trees
114,16326,804479054,-97.78021180241764,30.62764625261316,jbspiritous@gmail.com,false,2026-02-28 00:10,746.3 secs,CEO: Mapbox Satellite w/ Labels,,POINT(-97.78021180241764 30.62764625261316),50,,Trees
114,16327,804479055,-97.78021180241764,30.627736084225234,jbspiritous@gmail.com,false,2026-02-28 00:10,746.3 secs,CEO: Mapbox Satellite w/ Labels,,POINT(-97.78021180241764 30.627736084225234),50,,Trees
114,16328,804479056,-97.78021180241764,30.62782591575393,jbspiritous@gmail.com,false,2026-02-28 00:10,746.3 secs,CEO: Mapbox Satellite w/ Labels,,POINT(-97.78021180241764 30.62782591575393),50,,Trees
114,16329,804479057,-97.78021180241764,30.62791574719924,jbspiritous@gmail.com,false,2026-02-28 00:10,746.3 secs,CEO: Mapbox Satellite w/ Labels,,POINT(-97.78021180241764 30.62791574719924),50,,Trees
114,16330,804479058,-97.78021180241764,30.628005578561158,jbspiritous@gmail.com,false,2026-02-28 00:10,746.3 secs,CEO: Mapbox Satellite w/ Labels,,POINT(-97.78021180241764 30.628005578561158),50,,Trees
114,16331,804479059,-97.78021180241764,30.628095409839673,jbspiritous@gmail.com,false,2026-02-28 00:10,746.3 secs,CEO: Mapbox Satellite w/ Labels,,POINT(-97.78021180241764 30.628095409839673),50,,Barren
114,16332,804479060,-97.78021180241764,30.628185241034856,jbspiritous@gmail.com,false,2026-02-28 00:10,746.3 secs,CEO: Mapbox Satellite w/ Labels,,POINT(-97.78021180241764 30.628185241034856),50,,Trees
114,16333,804479061,-97.78010740725293,30.627376757276608,jbspiritous@gmail.com,false,2026-02-28 00:10,746.3 secs,CEO: Mapbox Satellite w/ Labels,,POINT(-97.78010740725293 30.627376757276608),50,,Trees
114,16334,804479062,-97.78010740725293,30.627466589138834,jbspiritous@gmail.com,false,2026-02-28 00:10,746.3 secs,CEO: Mapbox Satellite w/ Labels,,POINT(-97.78010740725293 30.627466589138834),50,,Barren
114,16335,804479063,-97.78010740725293,30.627556420917685,jbspiritous@gmail.com,false,2026-02-28 00:10,746.3 secs,CEO: Mapbox Satellite w/ Labels,,POINT(-97.78010740725293 30.627556420917685),50,,Trees
114,16336,804479064,-97.78010740725293,30.62764625261316,jbspiritous@gmail.com,false,2026-02-28 00:10,746.3 secs,CEO: Mapbox Satellite w/ Labels,,POINT(-97.78010740725293 30.62764625261316),50,,Trees
114,16337,804479065,-97.78010740725293,30.627736084225234,jbspiritous@gmail.com,false,2026-02-28 00:10,746.3 secs,CEO: Mapbox Satellite w/ Labels,,POINT(-97.78010740725293 30.627736084225234),50,,Trees
114,16338,804479066,-97.78010740725293,30.62782591575393,jbspiritous@gmail.com,false,2026-02-28 00:10,746.3 secs,CEO: Mapbox Satellite w/ Labels,,POINT(-97.78010740725293 30.62782591575393),50,,Trees
114,16339,804479067,-97.78010740725293,30.62791574719924,jbspiritous@gmail.com,false,2026-02-28 00:10,746.3 secs,CEO: Mapbox Satellite w/ Labels,,POINT(-97.78010740725293 30.62791574719924),50,,Barren
114,16340,804479068,-97.78010740725293,30.628005578561158,jbspiritous@gmail.com,false,2026-02-28 00:10,746.3 secs,CEO: Mapbox Satellite w/ Labels,,POINT(-97.78010740725293 30.628005578561158),50,,Barren
114,16341,804479069,-97.78010740725293,30.628095409839673,jbspiritous@gmail.com,false,2026-02-28 00:10,746.3 secs,CEO: Mapbox Satellite w/ Labels,,POINT(-97.78010740725293 30.628095409839673),50,,Trees
114,16342,804479070,-97.78010740725293,30.628185241034856,jbspiritous@gmail.com,false,2026-02-28 00:10,746.3 secs,CEO: Mapbox Satellite w/ Labels,,POINT(-97.78010740725293 30.628185241034856),50,,Trees
114,16343,804479071,-97.78000301208823,30.627376757276608,jbspiritous@gmail.com,false,2026-02-28 00:10,746.3 secs,CEO: Mapbox Satellite w/ Labels,,POINT(-97.78000301208823 30.627376757276608),50,,Trees
114,16344,804479072,-97.78000301208823,30.627466589138834,jbspiritous@gmail.com,false,2026-02-28 00:10,746.3 secs,CEO: Mapbox Satellite w/ Labels,,POINT(-97.78000301208823 30.627466589138834),50,,Trees
114,16345,804479073,-97.78000301208823,30.627556420917685,jbspiritous@gmail.com,false,2026-02-28 00:10,746.3 secs,CEO: Mapbox Satellite w/ Labels,,POINT(-97.78000301208823 30.627556420917685),50,,Trees
114,16346,804479074,-97.78000301208823,30.62764625261316,jbspiritous@gmail.com,false,2026-02-28 00:10,746.3 secs,CEO: Mapbox Satellite w/ Labels,,POINT(-97.78000301208823 30.62764625261316),50,,Trees
114,16347,804479075,-97.78000301208823,30.627736084225234,jbspiritous@gmail.com,false,2026-02-28 00:10,746.3 secs,CEO: Mapbox Satellite w/ Labels,,POINT(-97.78000301208823 30.627736084225234),50,,Trees
114,16348,804479076,-97.78000301208823,30.62782591575393,jbspiritous@gmail.com,false,2026-02-28 00:10,746.3 secs,CEO: Mapbox Satellite w/ Labels,,POINT(-97.78000301208823 30.62782591575393),50,,Trees
114,16349,804479077,-97.78000301208823,30.62791574719924,jbspiritous@gmail.com,false,2026-02-28 00:10,746.3 secs,CEO: Mapbox Satellite w/ Labels,,POINT(-97.78000301208823 30.62791574719924),50,,Trees
114,16350,804479078,-97.78000301208823,30.628005578561158,jbspiritous@gmail.com,false,2026-02-28 00:10,746.3 secs,CEO: Mapbox Satellite w/ Labels,,POINT(-97.78000301208823 30.628005578561158),50,,Trees
114,16351,804479079,-97.78000301208823,30.628095409839673,jbspiritous@gmail.com,false,2026-02-28 00:10,746.3 secs,CEO: Mapbox Satellite w/ Labels,,POINT(-97.78000301208823 30.628095409839673),50,,Trees
114,16352,804479080,-97.78000301208823,30.628185241034856,jbspiritous@gmail.com,false,2026-02-28 00:10,746.3 secs,CEO: Mapbox Satellite w/ Labels,,POINT(-97.78000301208823 30.628185241034856),50,,Trees
114,16353,804479081,-97.7798986169235,30.627376757276608,jbspiritous@gmail.com,false,2026-02-28 00:10,746.3 secs,CEO: Mapbox Satellite w/ Labels,,POINT(-97.7798986169235 30.627376757276608),50,,Trees
114,16354,804479082,-97.7798986169235,30.627466589138834,jbspiritous@gmail.com,false,2026-02-28 00:10,746.3 secs,CEO: Mapbox Satellite w/ Labels,,POINT(-97.7798986169235 30.627466589138834),50,,Trees
114,16355,804479083,-97.7798986169235,30.627556420917685,jbspiritous@gmail.com,false,2026-02-28 00:10,746.3 secs,CEO: Mapbox Satellite w/ Labels,,POINT(-97.7798986169235 30.627556420917685),50,,Trees
114,16356,804479084,-97.7798986169235,30.62764625261316,jbspiritous@gmail.com,false,2026-02-28 00:10,746.3 secs,CEO: Mapbox Satellite w/ Labels,,POINT(-97.7798986169235 30.62764625261316),50,,Trees
114,16357,804479085,-97.7798986169235,30.627736084225234,jbspiritous@gmail.com,false,2026-02-28 00:10,746.3 secs,CEO: Mapbox Satellite w/ Labels,,POINT(-97.7798986169235 30.627736084225234),50,,Trees
114,16358,804479086,-97.7798986169235,30.62782591575393,jbspiritous@gmail.com,false,2026-02-28 00:10,746.3 secs,CEO: Mapbox Satellite w/ Labels,,POINT(-97.7798986169235 30.62782591575393),50,,Trees
114,16359,804479087,-97.7798986169235,30.62791574719924,jbspiritous@gmail.com,false,2026-02-28 00:10,746.3 secs,CEO: Mapbox Satellite w/ Labels,,POINT(-97.7798986169235 30.62791574719924),50,,Barren
114,16360,804479088,-97.7798986169235,30.628005578561158,jbspiritous@gmail.com,false,2026-02-28 00:10,746.3 secs,CEO: Mapbox Satellite w/ Labels,,POINT(-97.7798986169235 30.628005578561158),50,,Trees
114,16361,804479089,-97.7798986169235,30.628095409839673,jbspiritous@gmail.com,false,2026-02-28 00:10,746.3 secs,CEO: Mapbox Satellite w/ Labels,,POINT(-97.7798986169235 30.628095409839673),50,,Trees
114,16362,804479090,-97.7798986169235,30.628185241034856,jbspiritous@gmail.com,false,2026-02-28 00:10,746.3 secs,CEO: Mapbox Satellite w/ Labels,,POINT(-97.7798986169235 30.628185241034856),50,,Trees
114,16363,804479091,-97.7797942217588,30.627376757276608,jbspiritous@gmail.com,false,2026-02-28 00:10,746.3 secs,CEO: Mapbox Satellite w/ Labels,,POINT(-97.7797942217588 30.627376757276608),50,,Trees
114,16364,804479092,-97.7797942217588,30.627466589138834,jbspiritous@gmail.com,false,2026-02-28 00:10,746.3 secs,CEO: Mapbox Satellite w/ Labels,,POINT(-97.7797942217588 30.627466589138834),50,,Barren
114,16365,804479093,-97.7797942217588,30.627556420917685,jbspiritous@gmail.com,false,2026-02-28 00:10,746.3 secs,CEO: Mapbox Satellite w/ Labels,,POINT(-97.7797942217588 30.627556420917685),50,,Trees
114,16366,804479094,-97.7797942217588,30.62764625261316,jbspiritous@gmail.com,false,2026-02-28 00:10,746.3 secs,CEO: Mapbox Satellite w/ Labels,,POINT(-97.7797942217588 30.62764625261316),50,,Trees
114,16367,804479095,-97.7797942217588,30.627736084225234,jbspiritous@gmail.com,false,2026-02-28 00:10,746.3 secs,CEO: Mapbox Satellite w/ Labels,,POINT(-97.7797942217588 30.627736084225234),50,,Trees
114,16368,804479096,-97.7797942217588,30.62782591575393,jbspiritous@gmail.com,false,2026-02-28 00:10,746.3 secs,CEO: Mapbox Satellite w/ Labels,,POINT(-97.7797942217588 30.62782591575393),50,,Trees
114,16369,804479097,-97.7797942217588,30.62791574719924,jbspiritous@gmail.com,false,2026-02-28 00:10,746.3 secs,CEO: Mapbox Satellite w/ Labels,,POINT(-97.7797942217588 30.62791574719924),50,,Trees
114,16370,804479098,-97.7797942217588,30.628005578561158,jbspiritous@gmail.com,false,2026-02-28 00:10,746.3 secs,CEO: Mapbox Satellite w/ Labels,,POINT(-97.7797942217588 30.628005578561158),50,,Barren
114,16371,804479099,-97.7797942217588,30.628095409839673,jbspiritous@gmail.com,false,2026-02-28 00:10,746.3 secs,CEO: Mapbox Satellite w/ Labels,,POINT(-97.7797942217588 30.628095409839673),50,,Trees
114,16372,804479100,-97.7797942217588,30.628185241034856,jbspiritous@gmail.com,false,2026-02-28 00:10,746.3 secs,CEO: Mapbox Satellite w/ Labels,,POINT(-97.7797942217588 30.628185241034856),50,,Trees
115,16417,804479101,-97.78073380007365,30.631873757276438,jbspiritous@gmail.com,false,2026-02-28 00:13,215.2 secs,CEO: Mapbox Satellite w/ Labels,,POINT(-97.78073380007365 30.631873757276438),50,,Barren
115,16418,804479102,-97.78073380007365,30.63196358913875,jbspiritous@gmail.com,false,2026-02-28 00:13,215.2 secs,CEO: Mapbox Satellite w/ Labels,,POINT(-97.78073380007365 30.63196358913875),50,,Barren
115,16419,804479103,-97.78073380007365,30.632053420917643,jbspiritous@gmail.com,false,2026-02-28 00:13,215.2 secs,CEO: Mapbox Satellite w/ Labels,,POINT(-97.78073380007365 30.632053420917643),50,,Barren
115,16420,804479104,-97.78073380007365,30.632143252613147,jbspiritous@gmail.com,false,2026-02-28 00:13,215.2 secs,CEO: Mapbox Satellite w/ Labels,,POINT(-97.78073380007365 30.632143252613147),50,,Trees
115,16421,804479105,-97.78073380007365,30.632233084225234,jbspiritous@gmail.com,false,2026-02-28 00:13,215.2 secs,CEO: Mapbox Satellite w/ Labels,,POINT(-97.78073380007365 30.632233084225234),50,,Trees
115,16422,804479106,-97.78073380007365,30.63232291575393,jbspiritous@gmail.com,false,2026-02-28 00:13,215.2 secs,CEO: Mapbox Satellite w/ Labels,,POINT(-97.78073380007365 30.63232291575393),50,,Trees
115,16423,804479107,-97.78073380007365,30.63241274719921,jbspiritous@gmail.com,false,2026-02-28 00:13,215.2 secs,CEO: Mapbox Satellite w/ Labels,,POINT(-97.78073380007365 30.63241274719921),50,,Trees
115,16424,804479108,-97.78073380007365,30.632502578561102,jbspiritous@gmail.com,false,2026-02-28 00:13,215.2 secs,CEO: Mapbox Satellite w/ Labels,,POINT(-97.78073380007365 30.632502578561102),50,,Trees
115,16425,804479109,-97.78073380007365,30.632592409839603,jbspiritous@gmail.com,false,2026-02-28 00:13,215.2 secs,CEO: Mapbox Satellite w/ Labels,,POINT(-97.78073380007365 30.632592409839603),50,,Trees
115,16426,804479110,-97.78073380007365,30.6326822410347,jbspiritous@gmail.com,false,2026-02-28 00:13,215.2 secs,CEO: Mapbox Satellite w/ Labels,,POINT(-97.78073380007365 30.6326822410347),50,,Trees
115,16427,804479111,-97.78062940005728,30.631873757276438,jbspiritous@gmail.com,false,2026-02-28 00:13,215.2 secs,CEO: Mapbox Satellite w/ Labels,,POINT(-97.78062940005728 30.631873757276438),50,,Trees
115,16428,804479112,-97.78062940005728,30.63196358913875,jbspiritous@gmail.com,false,2026-02-28 00:13,215.2 secs,CEO: Mapbox Satellite w/ Labels,,POINT(-97.78062940005728 30.63196358913875),50,,Trees
115,16429,804479113,-97.78062940005728,30.632053420917643,jbspiritous@gmail.com,false,2026-02-28 00:13,215.2 secs,CEO: Mapbox Satellite w/ Labels,,POINT(-97.78062940005728 30.632053420917643),50,,Trees
115,16430,804479114,-97.78062940005728,30.632143252613147,jbspiritous@gmail.com,false,2026-02-28 00:13,215.2 secs,CEO: Mapbox Satellite w/ Labels,,POINT(-97.78062940005728 30.632143252613147),50,,Trees
115,16431,804479115,-97.78062940005728,30.632233084225234,jbspiritous@gmail.com,false,2026-02-28 00:13,215.2 secs,CEO: Mapbox Satellite w/ Labels,,POINT(-97.78062940005728 30.632233084225234),50,,Trees
115,16432,804479116,-97.78062940005728,30.63232291575393,jbspiritous@gmail.com,false,2026-02-28 00:13,215.2 secs,CEO: Mapbox Satellite w/ Labels,,POINT(-97.78062940005728 30.63232291575393),50,,Trees
115,16433,804479117,-97.78062940005728,30.63241274719921,jbspiritous@gmail.com,false,2026-02-28 00:13,215.2 secs,CEO: Mapbox Satellite w/ Labels,,POINT(-97.78062940005728 30.63241274719921),50,,Trees
115,16434,804479118,-97.78062940005728,30.632502578561102,jbspiritous@gmail.com,false,2026-02-28 00:13,215.2 secs,CEO: Mapbox Satellite w/ Labels,,POINT(-97.78062940005728 30.632502578561102),50,,Trees
115,16435,804479119,-97.78062940005728,30.632592409839603,jbspiritous@gmail.com,false,2026-02-28 00:13,215.2 secs,CEO: Mapbox Satellite w/ Labels,,POINT(-97.78062940005728 30.632592409839603),50,,Trees
115,16436,804479120,-97.78062940005728,30.6326822410347,jbspiritous@gmail.com,false,2026-02-28 00:13,215.2 secs,CEO: Mapbox Satellite w/ Labels,,POINT(-97.78062940005728 30.6326822410347),50,,Barren
115,16437,804479121,-97.78052500004091,30.631873757276438,jbspiritous@gmail.com,false,2026-02-28 00:13,215.2 secs,CEO: Mapbox Satellite w/ Labels,,POINT(-97.78052500004091 30.631873757276438),50,,Trees
115,16438,804479122,-97.78052500004091,30.63196358913875,jbspiritous@gmail.com,false,2026-02-28 00:13,215.2 secs,CEO: Mapbox Satellite w/ Labels,,POINT(-97.78052500004091 30.63196358913875),50,,Trees
115,16439,804479123,-97.78052500004091,30.632053420917643,jbspiritous@gmail.com,false,2026-02-28 00:13,215.2 secs,CEO: Mapbox Satellite w/ Labels,,POINT(-97.78052500004091 30.632053420917643),50,,Shrubs
115,16440,804479124,-97.78052500004091,30.632143252613147,jbspiritous@gmail.com,false,2026-02-28 00:13,215.2 secs,CEO: Mapbox Satellite w/ Labels,,POINT(-97.78052500004091 30.632143252613147),50,,Trees
115,16441,804479125,-97.78052500004091,30.632233084225234,jbspiritous@gmail.com,false,2026-02-28 00:13,215.2 secs,CEO: Mapbox Satellite w/ Labels,,POINT(-97.78052500004091 30.632233084225234),50,,Trees
115,16442,804479126,-97.78052500004091,30.63232291575393,jbspiritous@gmail.com,false,2026-02-28 00:13,215.2 secs,CEO: Mapbox Satellite w/ Labels,,POINT(-97.78052500004091 30.63232291575393),50,,Trees
115,16443,804479127,-97.78052500004091,30.63241274719921,jbspiritous@gmail.com,false,2026-02-28 00:13,215.2 secs,CEO: Mapbox Satellite w/ Labels,,POINT(-97.78052500004091 30.63241274719921),50,,Trees
115,16444,804479128,-97.78052500004091,30.632502578561102,jbspiritous@gmail.com,false,2026-02-28 00:13,215.2 secs,CEO: Mapbox Satellite w/ Labels,,POINT(-97.78052500004091 30.632502578561102),50,,Shrubs
115,16445,804479129,-97.78052500004091,30.632592409839603,jbspiritous@gmail.com,false,2026-02-28 00:13,215.2 secs,CEO: Mapbox Satellite w/ Labels,,POINT(-97.78052500004091 30.632592409839603),50,,Trees
115,16446,804479130,-97.78052500004091,30.6326822410347,jbspiritous@gmail.com,false,2026-02-28 00:13,215.2 secs,CEO: Mapbox Satellite w/ Labels,,POINT(-97.78052500004091 30.6326822410347),50,,Trees
115,16447,804479131,-97.78042060002456,30.631873757276438,jbspiritous@gmail.com,false,2026-02-28 00:13,215.2 secs,CEO: Mapbox Satellite w/ Labels,,POINT(-97.78042060002456 30.631873757276438),50,,Trees
115,16448,804479132,-97.78042060002456,30.63196358913875,jbspiritous@gmail.com,false,2026-02-28 00:13,215.2 secs,CEO: Mapbox Satellite w/ Labels,,POINT(-97.78042060002456 30.63196358913875),50,,Trees
115,16449,804479133,-97.78042060002456,30.632053420917643,jbspiritous@gmail.com,false,2026-02-28 00:13,215.2 secs,CEO: Mapbox Satellite w/ Labels,,POINT(-97.78042060002456 30.632053420917643),50,,Shrubs
115,16450,804479134,-97.78042060002456,30.632143252613147,jbspiritous@gmail.com,false,2026-02-28 00:13,215.2 secs,CEO: Mapbox Satellite w/ Labels,,POINT(-97.78042060002456 30.632143252613147),50,,Trees
115,16451,804479135,-97.78042060002456,30.632233084225234,jbspiritous@gmail.com,false,2026-02-28 00:13,215.2 secs,CEO: Mapbox Satellite w/ Labels,,POINT(-97.78042060002456 30.632233084225234),50,,Trees
115,16452,804479136,-97.78042060002456,30.63232291575393,jbspiritous@gmail.com,false,2026-02-28 00:13,215.2 secs,CEO: Mapbox Satellite w/ Labels,,POINT(-97.78042060002456 30.63232291575393),50,,Trees
115,16453,804479137,-97.78042060002456,30.63241274719921,jbspiritous@gmail.com,false,2026-02-28 00:13,215.2 secs,CEO: Mapbox Satellite w/ Labels,,POINT(-97.78042060002456 30.63241274719921),50,,Trees
115,16454,804479138,-97.78042060002456,30.632502578561102,jbspiritous@gmail.com,false,2026-02-28 00:13,215.2 secs,CEO: Mapbox Satellite w/ Labels,,POINT(-97.78042060002456 30.632502578561102),50,,Trees
115,16455,804479139,-97.78042060002456,30.632592409839603,jbspiritous@gmail.com,false,2026-02-28 00:13,215.2 secs,CEO: Mapbox Satellite w/ Labels,,POINT(-97.78042060002456 30.632592409839603),50,,Shrubs
115,16456,804479140,-97.78042060002456,30.6326822410347,jbspiritous@gmail.com,false,2026-02-28 00:13,215.2 secs,CEO: Mapbox Satellite w/ Labels,,POINT(-97.78042060002456 30.6326822410347),50,,Trees
115,16457,804479141,-97.78031620000817,30.631873757276438,jbspiritous@gmail.com,false,2026-02-28 00:13,215.2 secs,CEO: Mapbox Satellite w/ Labels,,POINT(-97.78031620000817 30.631873757276438),50,,Trees
115,16458,804479142,-97.78031620000817,30.63196358913875,jbspiritous@gmail.com,false,2026-02-28 00:13,215.2 secs,CEO: Mapbox Satellite w/ Labels,,POINT(-97.78031620000817 30.63196358913875),50,,Trees
115,16459,804479143,-97.78031620000817,30.632053420917643,jbspiritous@gmail.com,false,2026-02-28 00:13,215.2 secs,CEO: Mapbox Satellite w/ Labels,,POINT(-97.78031620000817 30.632053420917643),50,,Trees
115,16460,804479144,-97.78031620000817,30.632143252613147,jbspiritous@gmail.com,false,2026-02-28 00:13,215.2 secs,CEO: Mapbox Satellite w/ Labels,,POINT(-97.78031620000817 30.632143252613147),50,,Trees
115,16461,804479145,-97.78031620000817,30.632233084225234,jbspiritous@gmail.com,false,2026-02-28 00:13,215.2 secs,CEO: Mapbox Satellite w/ Labels,,POINT(-97.78031620000817 30.632233084225234),50,,Trees
115,16462,804479146,-97.78031620000817,30.63232291575393,jbspiritous@gmail.com,false,2026-02-28 00:13,215.2 secs,CEO: Mapbox Satellite w/ Labels,,POINT(-97.78031620000817 30.63232291575393),50,,Trees
115,16463,804479147,-97.78031620000817,30.63241274719921,jbspiritous@gmail.com,false,2026-02-28 00:13,215.2 secs,CEO: Mapbox Satellite w/ Labels,,POINT(-97.78031620000817 30.63241274719921),50,,Trees
115,16464,804479148,-97.78031620000817,30.632502578561102,jbspiritous@gmail.com,false,2026-02-28 00:13,215.2 secs,CEO: Mapbox Satellite w/ Labels,,POINT(-97.78031620000817 30.632502578561102),50,,Trees
115,16465,804479149,-97.78031620000817,30.632592409839603,jbspiritous@gmail.com,false,2026-02-28 00:13,215.2 secs,CEO: Mapbox Satellite w/ Labels,,POINT(-97.78031620000817 30.632592409839603),50,,Trees
115,16466,804479150,-97.78031620000817,30.6326822410347,jbspiritous@gmail.com,false,2026-02-28 00:13,215.2 secs,CEO: Mapbox Satellite w/ Labels,,POINT(-97.78031620000817 30.6326822410347),50,,Trees
115,16467,804479151,-97.7802117999918,30.631873757276438,jbspiritous@gmail.com,false,2026-02-28 00:13,215.2 secs,CEO: Mapbox Satellite w/ Labels,,POINT(-97.7802117999918 30.631873757276438),50,,Trees
115,16468,804479152,-97.7802117999918,30.63196358913875,jbspiritous@gmail.com,false,2026-02-28 00:13,215.2 secs,CEO: Mapbox Satellite w/ Labels,,POINT(-97.7802117999918 30.63196358913875),50,,Trees
115,16469,804479153,-97.7802117999918,30.632053420917643,jbspiritous@gmail.com,false,2026-02-28 00:13,215.2 secs,CEO: Mapbox Satellite w/ Labels,,POINT(-97.7802117999918 30.632053420917643),50,,Trees
115,16470,804479154,-97.7802117999918,30.632143252613147,jbspiritous@gmail.com,false,2026-02-28 00:13,215.2 secs,CEO: Mapbox Satellite w/ Labels,,POINT(-97.7802117999918 30.632143252613147),50,,Trees
115,16471,804479155,-97.7802117999918,30.632233084225234,jbspiritous@gmail.com,false,2026-02-28 00:13,215.2 secs,CEO: Mapbox Satellite w/ Labels,,POINT(-97.7802117999918 30.632233084225234),50,,Trees
115,16472,804479156,-97.7802117999918,30.63232291575393,jbspiritous@gmail.com,false,2026-02-28 00:13,215.2 secs,CEO: Mapbox Satellite w/ Labels,,POINT(-97.7802117999918 30.63232291575393),50,,Trees
115,16473,804479157,-97.7802117999918,30.63241274719921,jbspiritous@gmail.com,false,2026-02-28 00:13,215.2 secs,CEO: Mapbox Satellite w/ Labels,,POINT(-97.7802117999918 30.63241274719921),50,,Trees
115,16474,804479158,-97.7802117999918,30.632502578561102,jbspiritous@gmail.com,false,2026-02-28 00:13,215.2 secs,CEO: Mapbox Satellite w/ Labels,,POINT(-97.7802117999918 30.632502578561102),50,,Trees
115,16475,804479159,-97.7802117999918,30.632592409839603,jbspiritous@gmail.com,false,2026-02-28 00:13,215.2 secs,CEO: Mapbox Satellite w/ Labels,,POINT(-97.7802117999918 30.632592409839603),50,,Trees
115,16476,804479160,-97.7802117999918,30.6326822410347,jbspiritous@gmail.com,false,2026-02-28 00:13,215.2 secs,CEO: Mapbox Satellite w/ Labels,,POINT(-97.7802117999918 30.6326822410347),50,,Trees
115,16477,804479161,-97.78010739997544,30.631873757276438,jbspiritous@gmail.com,false,2026-02-28 00:13,215.2 secs,CEO: Mapbox Satellite w/ Labels,,POINT(-97.78010739997544 30.631873757276438),50,,Trees
115,16478,804479162,-97.78010739997544,30.63196358913875,jbspiritous@gmail.com,false,2026-02-28 00:13,215.2 secs,CEO: Mapbox Satellite w/ Labels,,POINT(-97.78010739997544 30.63196358913875),50,,Trees
115,16479,804479163,-97.78010739997544,30.632053420917643,jbspiritous@gmail.com,false,2026-02-28 00:13,215.2 secs,CEO: Mapbox Satellite w/ Labels,,POINT(-97.78010739997544 30.632053420917643),50,,Trees
115,16480,804479164,-97.78010739997544,30.632143252613147,jbspiritous@gmail.com,false,2026-02-28 00:13,215.2 secs,CEO: Mapbox Satellite w/ Labels,,POINT(-97.78010739997544 30.632143252613147),50,,Shrubs
115,16481,804479165,-97.78010739997544,30.632233084225234,jbspiritous@gmail.com,false,2026-02-28 00:13,215.2 secs,CEO: Mapbox Satellite w/ Labels,,POINT(-97.78010739997544 30.632233084225234),50,,Trees
115,16482,804479166,-97.78010739997544,30.63232291575393,jbspiritous@gmail.com,false,2026-02-28 00:13,215.2 secs,CEO: Mapbox Satellite w/ Labels,,POINT(-97.78010739997544 30.63232291575393),50,,Trees
115,16483,804479167,-97.78010739997544,30.63241274719921,jbspiritous@gmail.com,false,2026-02-28 00:13,215.2 secs,CEO: Mapbox Satellite w/ Labels,,POINT(-97.78010739997544 30.63241274719921),50,,Trees
115,16484,804479168,-97.78010739997544,30.632502578561102,jbspiritous@gmail.com,false,2026-02-28 00:13,215.2 secs,CEO: Mapbox Satellite w/ Labels,,POINT(-97.78010739997544 30.632502578561102),50,,Trees
115,16485,804479169,-97.78010739997544,30.632592409839603,jbspiritous@gmail.com,false,2026-02-28 00:13,215.2 secs,CEO: Mapbox Satellite w/ Labels,,POINT(-97.78010739997544 30.632592409839603),50,,Trees
115,16486,804479170,-97.78010739997544,30.6326822410347,jbspiritous@gmail.com,false,2026-02-28 00:13,215.2 secs,CEO: Mapbox Satellite w/ Labels,,POINT(-97.78010739997544 30.6326822410347),50,,Trees
115,16487,804479171,-97.78000299995908,30.631873757276438,jbspiritous@gmail.com,false,2026-02-28 00:13,215.2 secs,CEO: Mapbox Satellite w/ Labels,,POINT(-97.78000299995908 30.631873757276438),50,,Trees
115,16488,804479172,-97.78000299995908,30.63196358913875,jbspiritous@gmail.com,false,2026-02-28 00:13,215.2 secs,CEO: Mapbox Satellite w/ Labels,,POINT(-97.78000299995908 30.63196358913875),50,,Trees
115,16489,804479173,-97.78000299995908,30.632053420917643,jbspiritous@gmail.com,false,2026-02-28 00:13,215.2 secs,CEO: Mapbox Satellite w/ Labels,,POINT(-97.78000299995908 30.632053420917643),50,,Trees
115,16490,804479174,-97.78000299995908,30.632143252613147,jbspiritous@gmail.com,false,2026-02-28 00:13,215.2 secs,CEO: Mapbox Satellite w/ Labels,,POINT(-97.78000299995908 30.632143252613147),50,,Trees
115,16491,804479175,-97.78000299995908,30.632233084225234,jbspiritous@gmail.com,false,2026-02-28 00:13,215.2 secs,CEO: Mapbox Satellite w/ Labels,,POINT(-97.78000299995908 30.632233084225234),50,,Trees
115,16492,804479176,-97.78000299995908,30.63232291575393,jbspiritous@gmail.com,false,2026-02-28 00:13,215.2 secs,CEO: Mapbox Satellite w/ Labels,,POINT(-97.78000299995908 30.63232291575393),50,,Trees
115,16493,804479177,-97.78000299995908,30.63241274719921,jbspiritous@gmail.com,false,2026-02-28 00:13,215.2 secs,CEO: Mapbox Satellite w/ Labels,,POINT(-97.78000299995908 30.63241274719921),50,,Trees
115,16494,804479178,-97.78000299995908,30.632502578561102,jbspiritous@gmail.com,false,2026-02-28 00:13,215.2 secs,CEO: Mapbox Satellite w/ Labels,,POINT(-97.78000299995908 30.632502578561102),50,,Trees
115,16495,804479179,-97.78000299995908,30.632592409839603,jbspiritous@gmail.com,false,2026-02-28 00:13,215.2 secs,CEO: Mapbox Satellite w/ Labels,,POINT(-97.78000299995908 30.632592409839603),50,,Barren
115,16496,804479180,-97.78000299995908,30.6326822410347,jbspiritous@gmail.com,false,2026-02-28 00:13,215.2 secs,CEO: Mapbox Satellite w/ Labels,,POINT(-97.78000299995908 30.6326822410347),50,,Barren
115,16497,804479181,-97.7798985999427,30.631873757276438,jbspiritous@gmail.com,false,2026-02-28 00:13,215.2 secs,CEO: Mapbox Satellite w/ Labels,,POINT(-97.7798985999427 30.631873757276438),50,,Trees
115,16498,804479182,-97.7798985999427,30.63196358913875,jbspiritous@gmail.com,false,2026-02-28 00:13,215.2 secs,CEO: Mapbox Satellite w/ Labels,,POINT(-97.7798985999427 30.63196358913875),50,,Trees
115,16499,804479183,-97.7798985999427,30.632053420917643,jbspiritous@gmail.com,false,2026-02-28 00:13,215.2 secs,CEO: Mapbox Satellite w/ Labels,,POINT(-97.7798985999427 30.632053420917643),50,,Trees
115,16500,804479184,-97.7798985999427,30.632143252613147,jbspiritous@gmail.com,false,2026-02-28 00:13,215.2 secs,CEO: Mapbox Satellite w/ Labels,,POINT(-97.7798985999427 30.632143252613147),50,,Trees
115,16501,804479185,-97.7798985999427,30.632233084225234,jbspiritous@gmail.com,false,2026-02-28 00:13,215.2 secs,CEO: Mapbox Satellite w/ Labels,,POINT(-97.7798985999427 30.632233084225234),50,,Shrubs
115,16502,804479186,-97.7798985999427,30.63232291575393,jbspiritous@gmail.com,false,2026-02-28 00:13,215.2 secs,CEO: Mapbox Satellite w/ Labels,,POINT(-97.7798985999427 30.63232291575393),50,,Trees
115,16503,804479187,-97.7798985999427,30.63241274719921,jbspiritous@gmail.com,false,2026-02-28 00:13,215.2 secs,CEO: Mapbox Satellite w/ Labels,,POINT(-97.7798985999427 30.63241274719921),50,,Trees
115,16504,804479188,-97.7798985999427,30.632502578561102,jbspiritous@gmail.com,false,2026-02-28 00:13,215.2 secs,CEO: Mapbox Satellite w/ Labels,,POINT(-97.7798985999427 30.632502578561102),50,,Trees
115,16505,804479189,-97.7798985999427,30.632592409839603,jbspiritous@gmail.com,false,2026-02-28 00:13,215.2 secs,CEO: Mapbox Satellite w/ Labels,,POINT(-97.7798985999427 30.632592409839603),50,,Barren
115,16506,804479190,-97.7798985999427,30.6326822410347,jbspiritous@gmail.com,false,2026-02-28 00:13,215.2 secs,CEO: Mapbox Satellite w/ Labels,,POINT(-97.7798985999427 30.6326822410347),50,,Trees
115,16507,804479191,-97.77979419992633,30.631873757276438,jbspiritous@gmail.com,false,2026-02-28 00:13,215.2 secs,CEO: Mapbox Satellite w/ Labels,,POINT(-97.77979419992633 30.631873757276438),50,,Trees
115,16508,804479192,-97.77979419992633,30.63196358913875,jbspiritous@gmail.com,false,2026-02-28 00:13,215.2 secs,CEO: Mapbox Satellite w/ Labels,,POINT(-97.77979419992633 30.63196358913875),50,,Trees
115,16509,804479193,-97.77979419992633,30.632053420917643,jbspiritous@gmail.com,false,2026-02-28 00:13,215.2 secs,CEO: Mapbox Satellite w/ Labels,,POINT(-97.77979419992633 30.632053420917643),50,,Trees
115,16510,804479194,-97.77979419992633,30.632143252613147,jbspiritous@gmail.com,false,2026-02-28 00:13,215.2 secs,CEO: Mapbox Satellite w/ Labels,,POINT(-97.77979419992633 30.632143252613147),50,,Trees
115,16511,804479195,-97.77979419992633,30.632233084225234,jbspiritous@gmail.com,false,2026-02-28 00:13,215.2 secs,CEO: Mapbox Satellite w/ Labels,,POINT(-97.77979419992633 30.632233084225234),50,,Shrubs
115,16512,804479196,-97.77979419992633,30.63232291575393,jbspiritous@gmail.com,false,2026-02-28 00:13,215.2 secs,CEO: Mapbox Satellite w/ Labels,,POINT(-97.77979419992633 30.63232291575393),50,,Trees
115,16513,804479197,-97.77979419992633,30.63241274719921,jbspiritous@gmail.com,false,2026-02-28 00:13,215.2 secs,CEO: Mapbox Satellite w/ Labels,,POINT(-97.77979419992633 30.63241274719921),50,,Trees
115,16514,804479198,-97.77979419992633,30.632502578561102,jbspiritous@gmail.com,false,2026-02-28 00:13,215.2 secs,CEO: Mapbox Satellite w/ Labels,,POINT(-97.77979419992633 30.632502578561102),50,,Barren
115,16515,804479199,-97.77979419992633,30.632592409839603,jbspiritous@gmail.com,false,2026-02-28 00:13,215.2 secs,CEO: Mapbox Satellite w/ Labels,,POINT(-97.77979419992633 30.632592409839603),50,,Barren
115,16516,804479200,-97.77979419992633,30.6326822410347,jbspiritous@gmail.com,false,2026-02-28 00:13,215.2 secs,CEO: Mapbox Satellite w/ Labels,,POINT(-97.77979419992633 30.6326822410347),50,,Trees
116,16561,804479201,-97.78073382190618,30.636369757276285,jbspiritous@gmail.com,false,2026-02-28 00:34,1231.3 secs,CEO: Mapbox Satellite w/ Labels,,POINT(-97.78073382190618 30.636369757276285),50,,Built-up structures
116,16562,804479202,-97.78073382190618,30.636459589138653,jbspiritous@gmail.com,false,2026-02-28 00:34,1231.3 secs,CEO: Mapbox Satellite w/ Labels,,POINT(-97.78073382190618 30.636459589138653),50,,Built-up structures
116,16563,804479203,-97.78073382190618,30.63654942091759,jbspiritous@gmail.com,false,2026-02-28 00:34,1231.3 secs,CEO: Mapbox Satellite w/ Labels,,POINT(-97.78073382190618 30.63654942091759),50,,Built-up structures
116,16564,804479204,-97.78073382190618,30.636639252613108,jbspiritous@gmail.com,false,2026-02-28 00:34,1231.3 secs,CEO: Mapbox Satellite w/ Labels,,POINT(-97.78073382190618 30.636639252613108),50,,Built-up structures
116,16565,804479205,-97.78073382190618,30.636729084225237,jbspiritous@gmail.com,false,2026-02-28 00:34,1231.3 secs,CEO: Mapbox Satellite w/ Labels,,POINT(-97.78073382190618 30.636729084225237),50,,Built-up structures
116,16566,804479206,-97.78073382190618,30.636818915753906,jbspiritous@gmail.com,false,2026-02-28 00:34,1231.3 secs,CEO: Mapbox Satellite w/ Labels,,POINT(-97.78073382190618 30.636818915753906),50,,Built-up structures
116,16567,804479207,-97.78073382190618,30.6369087471992,jbspiritous@gmail.com,false,2026-02-28 00:34,1231.3 secs,CEO: Mapbox Satellite w/ Labels,,POINT(-97.78073382190618 30.6369087471992),50,,Grasses
116,16568,804479208,-97.78073382190618,30.636998578561062,jbspiritous@gmail.com,false,2026-02-28 00:34,1231.3 secs,CEO: Mapbox Satellite w/ Labels,,POINT(-97.78073382190618 30.636998578561062),50,,Grasses
116,16569,804479209,-97.78073382190618,30.637088409839492,jbspiritous@gmail.com,false,2026-02-28 00:34,1231.3 secs,CEO: Mapbox Satellite w/ Labels,,POINT(-97.78073382190618 30.637088409839492),50,,Grasses
116,16570,804479210,-97.78073382190618,30.637178241034547,jbspiritous@gmail.com,false,2026-02-28 00:34,1231.3 secs,CEO: Mapbox Satellite w/ Labels,,POINT(-97.78073382190618 30.637178241034547),50,,Grasses
116,16571,804479211,-97.78062941703814,30.636369757276285,jbspiritous@gmail.com,false,2026-02-28 00:34,1231.3 secs,CEO: Mapbox Satellite w/ Labels,,POINT(-97.78062941703814 30.636369757276285),50,,Built-up structures
116,16572,804479212,-97.78062941703814,30.636459589138653,jbspiritous@gmail.com,false,2026-02-28 00:34,1231.3 secs,CEO: Mapbox Satellite w/ Labels,,POINT(-97.78062941703814 30.636459589138653),50,,Built-up structures
116,16573,804479213,-97.78062941703814,30.63654942091759,jbspiritous@gmail.com,false,2026-02-28 00:34,1231.3 secs,CEO: Mapbox Satellite w/ Labels,,POINT(-97.78062941703814 30.63654942091759),50,,Built-up structures
116,16574,804479214,-97.78062941703814,30.636639252613108,jbspiritous@gmail.com,false,2026-02-28 00:34,1231.3 secs,CEO: Mapbox Satellite w/ Labels,,POINT(-97.78062941703814 30.636639252613108),50,,Built-up structures
116,16575,804479215,-97.78062941703814,30.636729084225237,jbspiritous@gmail.com,false,2026-02-28 00:34,1231.3 secs,CEO: Mapbox Satellite w/ Labels,,POINT(-97.78062941703814 30.636729084225237),50,,Built-up
116,16576,804479216,-97.78062941703814,30.636818915753906,jbspiritous@gmail.com,false,2026-02-28 00:34,1231.3 secs,CEO: Mapbox Satellite w/ Labels,,POINT(-97.78062941703814 30.636818915753906),50,,Grasses
116,16577,804479217,-97.78062941703814,30.6369087471992,jbspiritous@gmail.com,false,2026-02-28 00:34,1231.3 secs,CEO: Mapbox Satellite w/ Labels,,POINT(-97.78062941703814 30.6369087471992),50,,Built-up
116,16578,804479218,-97.78062941703814,30.636998578561062,jbspiritous@gmail.com,false,2026-02-28 00:34,1231.3 secs,CEO: Mapbox Satellite w/ Labels,,POINT(-97.78062941703814 30.636998578561062),50,,Built-up
116,16579,804479219,-97.78062941703814,30.637088409839492,jbspiritous@gmail.com,false,2026-02-28 00:34,1231.3 secs,CEO: Mapbox Satellite w/ Labels,,POINT(-97.78062941703814 30.637088409839492),50,,Trees
116,16580,804479220,-97.78062941703814,30.637178241034547,jbspiritous@gmail.com,false,2026-02-28 00:34,1231.3 secs,CEO: Mapbox Satellite w/ Labels,,POINT(-97.78062941703814 30.637178241034547),50,,Built-up
116,16581,804479221,-97.7805250121701,30.636369757276285,jbspiritous@gmail.com,false,2026-02-28 00:34,1231.3 secs,CEO: Mapbox Satellite w/ Labels,,POINT(-97.7805250121701 30.636369757276285),50,,Built-up structures
116,16582,804479222,-97.7805250121701,30.636459589138653,jbspiritous@gmail.com,false,2026-02-28 00:34,1231.3 secs,CEO: Mapbox Satellite w/ Labels,,POINT(-97.7805250121701 30.636459589138653),50,,Built-up structures
116,16583,804479223,-97.7805250121701,30.63654942091759,jbspiritous@gmail.com,false,2026-02-28 00:34,1231.3 secs,CEO: Mapbox Satellite w/ Labels,,POINT(-97.7805250121701 30.63654942091759),50,,Grasses
116,16584,804479224,-97.7805250121701,30.636639252613108,jbspiritous@gmail.com,false,2026-02-28 00:34,1231.3 secs,CEO: Mapbox Satellite w/ Labels,,POINT(-97.7805250121701 30.636639252613108),50,,Built-up
116,16585,804479225,-97.7805250121701,30.636729084225237,jbspiritous@gmail.com,false,2026-02-28 00:34,1231.3 secs,CEO: Mapbox Satellite w/ Labels,,POINT(-97.7805250121701 30.636729084225237),50,,Grasses
116,16586,804479226,-97.7805250121701,30.636818915753906,jbspiritous@gmail.com,false,2026-02-28 00:34,1231.3 secs,CEO: Mapbox Satellite w/ Labels,,POINT(-97.7805250121701 30.636818915753906),50,,Built-up
116,16587,804479227,-97.7805250121701,30.6369087471992,jbspiritous@gmail.com,false,2026-02-28 00:34,1231.3 secs,CEO: Mapbox Satellite w/ Labels,,POINT(-97.7805250121701 30.6369087471992),50,,Built-up
116,16588,804479228,-97.7805250121701,30.636998578561062,jbspiritous@gmail.com,false,2026-02-28 00:34,1231.3 secs,CEO: Mapbox Satellite w/ Labels,,POINT(-97.7805250121701 30.636998578561062),50,,Built-up
116,16589,804479229,-97.7805250121701,30.637088409839492,jbspiritous@gmail.com,false,2026-02-28 00:34,1231.3 secs,CEO: Mapbox Satellite w/ Labels,,POINT(-97.7805250121701 30.637088409839492),50,,Built-up
116,16590,804479230,-97.7805250121701,30.637178241034547,jbspiritous@gmail.com,false,2026-02-28 00:34,1231.3 secs,CEO: Mapbox Satellite w/ Labels,,POINT(-97.7805250121701 30.637178241034547),50,,Built-up
116,16591,804479231,-97.78042060730206,30.636369757276285,jbspiritous@gmail.com,false,2026-02-28 00:34,1231.3 secs,CEO: Mapbox Satellite w/ Labels,,POINT(-97.78042060730206 30.636369757276285),50,,Built-up
116,16592,804479232,-97.78042060730206,30.636459589138653,jbspiritous@gmail.com,false,2026-02-28 00:34,1231.3 secs,CEO: Mapbox Satellite w/ Labels,,POINT(-97.78042060730206 30.636459589138653),50,,Grasses
116,16593,804479233,-97.78042060730206,30.63654942091759,jbspiritous@gmail.com,false,2026-02-28 00:34,1231.3 secs,CEO: Mapbox Satellite w/ Labels,,POINT(-97.78042060730206 30.63654942091759),50,,Built-up
116,16594,804479234,-97.78042060730206,30.636639252613108,jbspiritous@gmail.com,false,2026-02-28 00:34,1231.3 secs,CEO: Mapbox Satellite w/ Labels,,POINT(-97.78042060730206 30.636639252613108),50,,Grasses
116,16595,804479235,-97.78042060730206,30.636729084225237,jbspiritous@gmail.com,false,2026-02-28 00:34,1231.3 secs,CEO: Mapbox Satellite w/ Labels,,POINT(-97.78042060730206 30.636729084225237),50,,Grasses
116,16596,804479236,-97.78042060730206,30.636818915753906,jbspiritous@gmail.com,false,2026-02-28 00:34,1231.3 secs,CEO: Mapbox Satellite w/ Labels,,POINT(-97.78042060730206 30.636818915753906),50,,Built-up
116,16597,804479237,-97.78042060730206,30.6369087471992,jbspiritous@gmail.com,false,2026-02-28 00:34,1231.3 secs,CEO: Mapbox Satellite w/ Labels,,POINT(-97.78042060730206 30.6369087471992),50,,Built-up
116,16598,804479238,-97.78042060730206,30.636998578561062,jbspiritous@gmail.com,false,2026-02-28 00:34,1231.3 secs,CEO: Mapbox Satellite w/ Labels,,POINT(-97.78042060730206 30.636998578561062),50,,Built-up
116,16599,804479239,-97.78042060730206,30.637088409839492,jbspiritous@gmail.com,false,2026-02-28 00:34,1231.3 secs,CEO: Mapbox Satellite w/ Labels,,POINT(-97.78042060730206 30.637088409839492),50,,Built-up
116,16600,804479240,-97.78042060730206,30.637178241034547,jbspiritous@gmail.com,false,2026-02-28 00:34,1231.3 secs,CEO: Mapbox Satellite w/ Labels,,POINT(-97.78042060730206 30.637178241034547),50,,Built-up
116,16601,804479241,-97.78031620243402,30.636369757276285,jbspiritous@gmail.com,false,2026-02-28 00:34,1231.3 secs,CEO: Mapbox Satellite w/ Labels,,POINT(-97.78031620243402 30.636369757276285),50,,Trees
116,16602,804479242,-97.78031620243402,30.636459589138653,jbspiritous@gmail.com,false,2026-02-28 00:34,1231.3 secs,CEO: Mapbox Satellite w/ Labels,,POINT(-97.78031620243402 30.636459589138653),50,,Built-up
116,16603,804479243,-97.78031620243402,30.63654942091759,jbspiritous@gmail.com,false,2026-02-28 00:34,1231.3 secs,CEO: Mapbox Satellite w/ Labels,,POINT(-97.78031620243402 30.63654942091759),50,,Built-up
116,16604,804479244,-97.78031620243402,30.636639252613108,jbspiritous@gmail.com,false,2026-02-28 00:34,1231.3 secs,CEO: Mapbox Satellite w/ Labels,,POINT(-97.78031620243402 30.636639252613108),50,,Built-up
116,16605,804479245,-97.78031620243402,30.636729084225237,jbspiritous@gmail.com,false,2026-02-28 00:34,1231.3 secs,CEO: Mapbox Satellite w/ Labels,,POINT(-97.78031620243402 30.636729084225237),50,,Built-up
116,16606,804479246,-97.78031620243402,30.636818915753906,jbspiritous@gmail.com,false,2026-02-28 00:34,1231.3 secs,CEO: Mapbox Satellite w/ Labels,,POINT(-97.78031620243402 30.636818915753906),50,,Built-up
116,16607,804479247,-97.78031620243402,30.6369087471992,jbspiritous@gmail.com,false,2026-02-28 00:34,1231.3 secs,CEO: Mapbox Satellite w/ Labels,,POINT(-97.78031620243402 30.6369087471992),50,,Built-up
116,16608,804479248,-97.78031620243402,30.636998578561062,jbspiritous@gmail.com,false,2026-02-28 00:34,1231.3 secs,CEO: Mapbox Satellite w/ Labels,,POINT(-97.78031620243402 30.636998578561062),50,,Grasses
116,16609,804479249,-97.78031620243402,30.637088409839492,jbspiritous@gmail.com,false,2026-02-28 00:34,1231.3 secs,CEO: Mapbox Satellite w/ Labels,,POINT(-97.78031620243402 30.637088409839492),50,,Grasses
116,16610,804479250,-97.78031620243402,30.637178241034547,jbspiritous@gmail.com,false,2026-02-28 00:34,1231.3 secs,CEO: Mapbox Satellite w/ Labels,,POINT(-97.78031620243402 30.637178241034547),50,,Built-up structures
116,16611,804479251,-97.78021179756597,30.636369757276285,jbspiritous@gmail.com,false,2026-02-28 00:34,1231.3 secs,CEO: Mapbox Satellite w/ Labels,,POINT(-97.78021179756597 30.636369757276285),50,,Built-up
116,16612,804479252,-97.78021179756597,30.636459589138653,jbspiritous@gmail.com,false,2026-02-28 00:34,1231.3 secs,CEO: Mapbox Satellite w/ Labels,,POINT(-97.78021179756597 30.636459589138653),50,,Built-up
116,16613,804479253,-97.78021179756597,30.63654942091759,jbspiritous@gmail.com,false,2026-02-28 00:34,1231.3 secs,CEO: Mapbox Satellite w/ Labels,,POINT(-97.78021179756597 30.63654942091759),50,,Built-up
116,16614,804479254,-97.78021179756597,30.636639252613108,jbspiritous@gmail.com,false,2026-02-28 00:34,1231.3 secs,CEO: Mapbox Satellite w/ Labels,,POINT(-97.78021179756597 30.636639252613108),50,,Trees
116,16615,804479255,-97.78021179756597,30.636729084225237,jbspiritous@gmail.com,false,2026-02-28 00:34,1231.3 secs,CEO: Mapbox Satellite w/ Labels,,POINT(-97.78021179756597 30.636729084225237),50,,Built-up
116,16616,804479256,-97.78021179756597,30.636818915753906,jbspiritous@gmail.com,false,2026-02-28 00:34,1231.3 secs,CEO: Mapbox Satellite w/ Labels,,POINT(-97.78021179756597 30.636818915753906),50,,Shrubs
116,16617,804479257,-97.78021179756597,30.6369087471992,jbspiritous@gmail.com,false,2026-02-28 00:34,1231.3 secs,CEO: Mapbox Satellite w/ Labels,,POINT(-97.78021179756597 30.6369087471992),50,,Built-up
116,16618,804479258,-97.78021179756597,30.636998578561062,jbspiritous@gmail.com,false,2026-02-28 00:34,1231.3 secs,CEO: Mapbox Satellite w/ Labels,,POINT(-97.78021179756597 30.636998578561062),50,,Grasses
116,16619,804479259,-97.78021179756597,30.637088409839492,jbspiritous@gmail.com,false,2026-02-28 00:34,1231.3 secs,CEO: Mapbox Satellite w/ Labels,,POINT(-97.78021179756597 30.637088409839492),50,,Built-up structures
116,16620,804479260,-97.78021179756597,30.637178241034547,jbspiritous@gmail.com,false,2026-02-28 00:34,1231.3 secs,CEO: Mapbox Satellite w/ Labels,,POINT(-97.78021179756597 30.637178241034547),50,,Built-up structures
116,16621,804479261,-97.78010739269793,30.636369757276285,jbspiritous@gmail.com,false,2026-02-28 00:34,1231.3 secs,CEO: Mapbox Satellite w/ Labels,,POINT(-97.78010739269793 30.636369757276285),50,,Built-up
116,16622,804479262,-97.78010739269793,30.636459589138653,jbspiritous@gmail.com,false,2026-02-28 00:34,1231.3 secs,CEO: Mapbox Satellite w/ Labels,,POINT(-97.78010739269793 30.636459589138653),50,,Built-up
116,16623,804479263,-97.78010739269793,30.63654942091759,jbspiritous@gmail.com,false,2026-02-28 00:34,1231.3 secs,CEO: Mapbox Satellite w/ Labels,,POINT(-97.78010739269793 30.63654942091759),50,,Built-up
116,16624,804479264,-97.78010739269793,30.636639252613108,jbspiritous@gmail.com,false,2026-02-28 00:34,1231.3 secs,CEO: Mapbox Satellite w/ Labels,,POINT(-97.78010739269793 30.636639252613108),50,,Built-up structures
116,16625,804479265,-97.78010739269793,30.636729084225237,jbspiritous@gmail.com,false,2026-02-28 00:34,1231.3 secs,CEO: Mapbox Satellite w/ Labels,,POINT(-97.78010739269793 30.636729084225237),50,,Built-up structures
116,16626,804479266,-97.78010739269793,30.636818915753906,jbspiritous@gmail.com,false,2026-02-28 00:34,1231.3 secs,CEO: Mapbox Satellite w/ Labels,,POINT(-97.78010739269793 30.636818915753906),50,,Built-up
116,16627,804479267,-97.78010739269793,30.6369087471992,jbspiritous@gmail.com,false,2026-02-28 00:34,1231.3 secs,CEO: Mapbox Satellite w/ Labels,,POINT(-97.78010739269793 30.6369087471992),50,,Built-up
116,16628,804479268,-97.78010739269793,30.636998578561062,jbspiritous@gmail.com,false,2026-02-28 00:34,1231.3 secs,CEO: Mapbox Satellite w/ Labels,,POINT(-97.78010739269793 30.636998578561062),50,,Built-up
116,16629,804479269,-97.78010739269793,30.637088409839492,jbspiritous@gmail.com,false,2026-02-28 00:34,1231.3 secs,CEO: Mapbox Satellite w/ Labels,,POINT(-97.78010739269793 30.637088409839492),50,,Built-up structures
116,16630,804479270,-97.78010739269793,30.637178241034547,jbspiritous@gmail.com,false,2026-02-28 00:34,1231.3 secs,CEO: Mapbox Satellite w/ Labels,,POINT(-97.78010739269793 30.637178241034547),50,,Grasses
116,16631,804479271,-97.78000298782989,30.636369757276285,jbspiritous@gmail.com,false,2026-02-28 00:34,1231.3 secs,CEO: Mapbox Satellite w/ Labels,,POINT(-97.78000298782989 30.636369757276285),50,,Grasses
116,16632,804479272,-97.78000298782989,30.636459589138653,jbspiritous@gmail.com,false,2026-02-28 00:34,1231.3 secs,CEO: Mapbox Satellite w/ Labels,,POINT(-97.78000298782989 30.636459589138653),50,,Grasses
116,16633,804479273,-97.78000298782989,30.63654942091759,jbspiritous@gmail.com,false,2026-02-28 00:34,1231.3 secs,CEO: Mapbox Satellite w/ Labels,,POINT(-97.78000298782989 30.63654942091759),50,,Grasses
116,16634,804479274,-97.78000298782989,30.636639252613108,jbspiritous@gmail.com,false,2026-02-28 00:34,1231.3 secs,CEO: Mapbox Satellite w/ Labels,,POINT(-97.78000298782989 30.636639252613108),50,,Built-up structures
116,16635,804479275,-97.78000298782989,30.636729084225237,jbspiritous@gmail.com,false,2026-02-28 00:34,1231.3 secs,CEO: Mapbox Satellite w/ Labels,,POINT(-97.78000298782989 30.636729084225237),50,,Grasses
116,16636,804479276,-97.78000298782989,30.636818915753906,jbspiritous@gmail.com,false,2026-02-28 00:34,1231.3 secs,CEO: Mapbox Satellite w/ Labels,,POINT(-97.78000298782989 30.636818915753906),50,,Trees
116,16637,804479277,-97.78000298782989,30.6369087471992,jbspiritous@gmail.com,false,2026-02-28 00:34,1231.3 secs,CEO: Mapbox Satellite w/ Labels,,POINT(-97.78000298782989 30.6369087471992),50,,Built-up
116,16638,804479278,-97.78000298782989,30.636998578561062,jbspiritous@gmail.com,false,2026-02-28 00:34,1231.3 secs,CEO: Mapbox Satellite w/ Labels,,POINT(-97.78000298782989 30.636998578561062),50,,Built-up
116,16639,804479279,-97.78000298782989,30.637088409839492,jbspiritous@gmail.com,false,2026-02-28 00:34,1231.3 secs,CEO: Mapbox Satellite w/ Labels,,POINT(-97.78000298782989 30.637088409839492),50,,Grasses
116,16640,804479280,-97.78000298782989,30.637178241034547,jbspiritous@gmail.com,false,2026-02-28 00:34,1231.3 secs,CEO: Mapbox Satellite w/ Labels,,POINT(-97.78000298782989 30.637178241034547),50,,Grasses
116,16641,804479281,-97.77989858296185,30.636369757276285,jbspiritous@gmail.com,false,2026-02-28 00:34,1231.3 secs,CEO: Mapbox Satellite w/ Labels,,POINT(-97.77989858296185 30.636369757276285),50,,Built-up
116,16642,804479282,-97.77989858296185,30.636459589138653,jbspiritous@gmail.com,false,2026-02-28 00:34,1231.3 secs,CEO: Mapbox Satellite w/ Labels,,POINT(-97.77989858296185 30.636459589138653),50,,Grasses
116,16643,804479283,-97.77989858296185,30.63654942091759,jbspiritous@gmail.com,false,2026-02-28 00:34,1231.3 secs,CEO: Mapbox Satellite w/ Labels,,POINT(-97.77989858296185 30.63654942091759),50,,Grasses
116,16644,804479284,-97.77989858296185,30.636639252613108,jbspiritous@gmail.com,false,2026-02-28 00:34,1231.3 secs,CEO: Mapbox Satellite w/ Labels,,POINT(-97.77989858296185 30.636639252613108),50,,Built-up structures
116,16645,804479285,-97.77989858296185,30.636729084225237,jbspiritous@gmail.com,false,2026-02-28 00:34,1231.3 secs,CEO: Mapbox Satellite w/ Labels,,POINT(-97.77989858296185 30.636729084225237),50,,Built-up structures
116,16646,804479286,-97.77989858296185,30.636818915753906,jbspiritous@gmail.com,false,2026-02-28 00:34,1231.3 secs,CEO: Mapbox Satellite w/ Labels,,POINT(-97.77989858296185 30.636818915753906),50,,Grasses
116,16647,804479287,-97.77989858296185,30.6369087471992,jbspiritous@gmail.com,false,2026-02-28 00:34,1231.3 secs,CEO: Mapbox Satellite w/ Labels,,POINT(-97.77989858296185 30.6369087471992),50,,Grasses
116,16648,804479288,-97.77989858296185,30.636998578561062,jbspiritous@gmail.com,false,2026-02-28 00:34,1231.3 secs,CEO: Mapbox Satellite w/ Labels,,POINT(-97.77989858296185 30.636998578561062),50,,Built-up
116,16649,804479289,-97.77989858296185,30.637088409839492,jbspiritous@gmail.com,false,2026-02-28 00:34,1231.3 secs,CEO: Mapbox Satellite w/ Labels,,POINT(-97.77989858296185 30.637088409839492),50,,Built-up
116,16650,804479290,-97.77989858296185,30.637178241034547,jbspiritous@gmail.com,false,2026-02-28 00:34,1231.3 secs,CEO: Mapbox Satellite w/ Labels,,POINT(-97.77989858296185 30.637178241034547),50,,Built-up structures
116,16651,804479291,-97.77979417809381,30.636369757276285,jbspiritous@gmail.com,false,2026-02-28 00:34,1231.3 secs,CEO: Mapbox Satellite w/ Labels,,POINT(-97.77979417809381 30.636369757276285),50,,Grasses
116,16652,804479292,-97.77979417809381,30.636459589138653,jbspiritous@gmail.com,false,2026-02-28 00:34,1231.3 secs,CEO: Mapbox Satellite w/ Labels,,POINT(-97.77979417809381 30.636459589138653),50,,Grasses
116,16653,804479293,-97.77979417809381,30.63654942091759,jbspiritous@gmail.com,false,2026-02-28 00:34,1231.3 secs,CEO: Mapbox Satellite w/ Labels,,POINT(-97.77979417809381 30.63654942091759),50,,Grasses
116,16654,804479294,-97.77979417809381,30.636639252613108,jbspiritous@gmail.com,false,2026-02-28 00:34,1231.3 secs,CEO: Mapbox Satellite w/ Labels,,POINT(-97.77979417809381 30.636639252613108),50,,Grasses
116,16655,804479295,-97.77979417809381,30.636729084225237,jbspiritous@gmail.com,false,2026-02-28 00:34,1231.3 secs,CEO: Mapbox Satellite w/ Labels,,POINT(-97.77979417809381 30.636729084225237),50,,Built-up structures
116,16656,804479296,-97.77979417809381,30.636818915753906,jbspiritous@gmail.com,false,2026-02-28 00:34,1231.3 secs,CEO: Mapbox Satellite w/ Labels,,POINT(-97.77979417809381 30.636818915753906),50,,Built-up structures
116,16657,804479297,-97.77979417809381,30.6369087471992,jbspiritous@gmail.com,false,2026-02-28 00:34,1231.3 secs,CEO: Mapbox Satellite w/ Labels,,POINT(-97.77979417809381 30.6369087471992),50,,Grasses
116,16658,804479298,-97.77979417809381,30.636998578561062,jbspiritous@gmail.com,false,2026-02-28 00:34,1231.3 secs,CEO: Mapbox Satellite w/ Labels,,POINT(-97.77979417809381 30.636998578561062),50,,Built-up
116,16659,804479299,-97.77979417809381,30.637088409839492,jbspiritous@gmail.com,false,2026-02-28 00:34,1231.3 secs,CEO: Mapbox Satellite w/ Labels,,POINT(-97.77979417809381 30.637088409839492),50,,Grasses
116,16660,804479300,-97.77979417809381,30.637178241034547,jbspiritous@gmail.com,false,2026-02-28 00:34,1231.3 secs,CEO: Mapbox Satellite w/ Labels,,POINT(-97.77979417809381 30.637178241034547),50,,Built-up structures
117,16705,804479301,-97.7807338437485,30.640866757276143,jbspiritous@gmail.com,false,2026-02-28 00:43,465.7 secs,CEO: Mapbox Satellite w/ Labels,,POINT(-97.7807338437485 30.640866757276143),50,,Trees
117,16706,804479302,-97.7807338437485,30.64095658913857,jbspiritous@gmail.com,false,2026-02-28 00:43,465.7 secs,CEO: Mapbox Satellite w/ Labels,,POINT(-97.7807338437485 30.64095658913857),50,,Built-up
117,16707,804479303,-97.7807338437485,30.641046420917547,jbspiritous@gmail.com,false,2026-02-28 00:43,465.7 secs,CEO: Mapbox Satellite w/ Labels,,POINT(-97.7807338437485 30.641046420917547),50,,Built-up
117,16708,804479304,-97.7807338437485,30.64113625261311,jbspiritous@gmail.com,false,2026-02-28 00:43,465.7 secs,CEO: Mapbox Satellite w/ Labels,,POINT(-97.7807338437485 30.64113625261311),50,,Trees
117,16709,804479305,-97.7807338437485,30.641226084225224,jbspiritous@gmail.com,false,2026-02-28 00:43,465.7 secs,CEO: Mapbox Satellite w/ Labels,,POINT(-97.7807338437485 30.641226084225224),50,,Built-up structures
117,16710,804479306,-97.7807338437485,30.641315915753907,jbspiritous@gmail.com,false,2026-02-28 00:43,465.7 secs,CEO: Mapbox Satellite w/ Labels,,POINT(-97.7807338437485 30.641315915753907),50,,Built-up structures
117,16711,804479307,-97.7807338437485,30.641405747199173,jbspiritous@gmail.com,false,2026-02-28 00:43,465.7 secs,CEO: Mapbox Satellite w/ Labels,,POINT(-97.7807338437485 30.641405747199173),50,,Grasses
117,16712,804479308,-97.7807338437485,30.641495578561006,jbspiritous@gmail.com,false,2026-02-28 00:43,465.7 secs,CEO: Mapbox Satellite w/ Labels,,POINT(-97.7807338437485 30.641495578561006),50,,Grasses
117,16713,804479309,-97.7807338437485,30.641585409839422,jbspiritous@gmail.com,false,2026-02-28 00:43,465.7 secs,CEO: Mapbox Satellite w/ Labels,,POINT(-97.7807338437485 30.641585409839422),50,,Water
117,16714,804479310,-97.7807338437485,30.641675241034378,jbspiritous@gmail.com,false,2026-02-28 00:43,465.7 secs,CEO: Mapbox Satellite w/ Labels,,POINT(-97.7807338437485 30.641675241034378),50,,Water
117,16715,804479311,-97.78062943402661,30.640866757276143,jbspiritous@gmail.com,false,2026-02-28 00:43,465.7 secs,CEO: Mapbox Satellite w/ Labels,,POINT(-97.78062943402661 30.640866757276143),50,,Built-up structures
117,16716,804479312,-97.78062943402661,30.64095658913857,jbspiritous@gmail.com,false,2026-02-28 00:43,465.7 secs,CEO: Mapbox Satellite w/ Labels,,POINT(-97.78062943402661 30.64095658913857),50,,Built-up
117,16717,804479313,-97.78062943402661,30.641046420917547,jbspiritous@gmail.com,false,2026-02-28 00:43,465.7 secs,CEO: Mapbox Satellite w/ Labels,,POINT(-97.78062943402661 30.641046420917547),50,,Built-up
117,16718,804479314,-97.78062943402661,30.64113625261311,jbspiritous@gmail.com,false,2026-02-28 00:43,465.7 secs,CEO: Mapbox Satellite w/ Labels,,POINT(-97.78062943402661 30.64113625261311),50,,Built-up structures
117,16719,804479315,-97.78062943402661,30.641226084225224,jbspiritous@gmail.com,false,2026-02-28 00:43,465.7 secs,CEO: Mapbox Satellite w/ Labels,,POINT(-97.78062943402661 30.641226084225224),50,,Built-up structures
117,16720,804479316,-97.78062943402661,30.641315915753907,jbspiritous@gmail.com,false,2026-02-28 00:43,465.7 secs,CEO: Mapbox Satellite w/ Labels,,POINT(-97.78062943402661 30.641315915753907),50,,Built-up structures
117,16721,804479317,-97.78062943402661,30.641405747199173,jbspiritous@gmail.com,false,2026-02-28 00:43,465.7 secs,CEO: Mapbox Satellite w/ Labels,,POINT(-97.78062943402661 30.641405747199173),50,,Grasses
117,16722,804479318,-97.78062943402661,30.641495578561006,jbspiritous@gmail.com,false,2026-02-28 00:43,465.7 secs,CEO: Mapbox Satellite w/ Labels,,POINT(-97.78062943402661 30.641495578561006),50,,Grasses
117,16723,804479319,-97.78062943402661,30.641585409839422,jbspiritous@gmail.com,false,2026-02-28 00:43,465.7 secs,CEO: Mapbox Satellite w/ Labels,,POINT(-97.78062943402661 30.641585409839422),50,,Water
117,16724,804479320,-97.78062943402661,30.641675241034378,jbspiritous@gmail.com,false,2026-02-28 00:43,465.7 secs,CEO: Mapbox Satellite w/ Labels,,POINT(-97.78062943402661 30.641675241034378),50,,Water
117,16725,804479321,-97.78052502430471,30.640866757276143,jbspiritous@gmail.com,false,2026-02-28 00:43,465.7 secs,CEO: Mapbox Satellite w/ Labels,,POINT(-97.78052502430471 30.640866757276143),50,,Built-up structures
117,16726,804479322,-97.78052502430471,30.64095658913857,jbspiritous@gmail.com,false,2026-02-28 00:43,465.7 secs,CEO: Mapbox Satellite w/ Labels,,POINT(-97.78052502430471 30.64095658913857),50,,Built-up
117,16727,804479323,-97.78052502430471,30.641046420917547,jbspiritous@gmail.com,false,2026-02-28 00:43,465.7 secs,CEO: Mapbox Satellite w/ Labels,,POINT(-97.78052502430471 30.641046420917547),50,,Built-up
117,16728,804479324,-97.78052502430471,30.64113625261311,jbspiritous@gmail.com,false,2026-02-28 00:43,465.7 secs,CEO: Mapbox Satellite w/ Labels,,POINT(-97.78052502430471 30.64113625261311),50,,Built-up structures
117,16729,804479325,-97.78052502430471,30.641226084225224,jbspiritous@gmail.com,false,2026-02-28 00:43,465.7 secs,CEO: Mapbox Satellite w/ Labels,,POINT(-97.78052502430471 30.641226084225224),50,,Built-up structures
117,16730,804479326,-97.78052502430471,30.641315915753907,jbspiritous@gmail.com,false,2026-02-28 00:43,465.7 secs,CEO: Mapbox Satellite w/ Labels,,POINT(-97.78052502430471 30.641315915753907),50,,Built-up structures
117,16731,804479327,-97.78052502430471,30.641405747199173,jbspiritous@gmail.com,false,2026-02-28 00:43,465.7 secs,CEO: Mapbox Satellite w/ Labels,,POINT(-97.78052502430471 30.641405747199173),50,,Grasses
117,16732,804479328,-97.78052502430471,30.641495578561006,jbspiritous@gmail.com,false,2026-02-28 00:43,465.7 secs,CEO: Mapbox Satellite w/ Labels,,POINT(-97.78052502430471 30.641495578561006),50,,Grasses
117,16733,804479329,-97.78052502430471,30.641585409839422,jbspiritous@gmail.com,false,2026-02-28 00:43,465.7 secs,CEO: Mapbox Satellite w/ Labels,,POINT(-97.78052502430471 30.641585409839422),50,,Water
117,16734,804479330,-97.78052502430471,30.641675241034378,jbspiritous@gmail.com,false,2026-02-28 00:43,465.7 secs,CEO: Mapbox Satellite w/ Labels,,POINT(-97.78052502430471 30.641675241034378),50,,Water
117,16735,804479331,-97.78042061458284,30.640866757276143,jbspiritous@gmail.com,false,2026-02-28 00:43,465.7 secs,CEO: Mapbox Satellite w/ Labels,,POINT(-97.78042061458284 30.640866757276143),50,,Trees
117,16736,804479332,-97.78042061458284,30.64095658913857,jbspiritous@gmail.com,false,2026-02-28 00:43,465.7 secs,CEO: Mapbox Satellite w/ Labels,,POINT(-97.78042061458284 30.64095658913857),50,,Built-up
117,16737,804479333,-97.78042061458284,30.641046420917547,jbspiritous@gmail.com,false,2026-02-28 00:43,465.7 secs,CEO: Mapbox Satellite w/ Labels,,POINT(-97.78042061458284 30.641046420917547),50,,Built-up
117,16738,804479334,-97.78042061458284,30.64113625261311,jbspiritous@gmail.com,false,2026-02-28 00:43,465.7 secs,CEO: Mapbox Satellite w/ Labels,,POINT(-97.78042061458284 30.64113625261311),50,,Built-up structures
117,16739,804479335,-97.78042061458284,30.641226084225224,jbspiritous@gmail.com,false,2026-02-28 00:43,465.7 secs,CEO: Mapbox Satellite w/ Labels,,POINT(-97.78042061458284 30.641226084225224),50,,Built-up structures
117,16740,804479336,-97.78042061458284,30.641315915753907,jbspiritous@gmail.com,false,2026-02-28 00:43,465.7 secs,CEO: Mapbox Satellite w/ Labels,,POINT(-97.78042061458284 30.641315915753907),50,,Built-up structures
117,16741,804479337,-97.78042061458284,30.641405747199173,jbspiritous@gmail.com,false,2026-02-28 00:43,465.7 secs,CEO: Mapbox Satellite w/ Labels,,POINT(-97.78042061458284 30.641405747199173),50,,Grasses
117,16742,804479338,-97.78042061458284,30.641495578561006,jbspiritous@gmail.com,false,2026-02-28 00:43,465.7 secs,CEO: Mapbox Satellite w/ Labels,,POINT(-97.78042061458284 30.641495578561006),50,,Built-up
117,16743,804479339,-97.78042061458284,30.641585409839422,jbspiritous@gmail.com,false,2026-02-28 00:43,465.7 secs,CEO: Mapbox Satellite w/ Labels,,POINT(-97.78042061458284 30.641585409839422),50,,Grasses
117,16744,804479340,-97.78042061458284,30.641675241034378,jbspiritous@gmail.com,false,2026-02-28 00:43,465.7 secs,CEO: Mapbox Satellite w/ Labels,,POINT(-97.78042061458284 30.641675241034378),50,,Grasses
117,16745,804479341,-97.78031620486095,30.640866757276143,jbspiritous@gmail.com,false,2026-02-28 00:43,465.7 secs,CEO: Mapbox Satellite w/ Labels,,POINT(-97.78031620486095 30.640866757276143),50,,Trees
117,16746,804479342,-97.78031620486095,30.64095658913857,jbspiritous@gmail.com,false,2026-02-28 00:43,465.7 secs,CEO: Mapbox Satellite w/ Labels,,POINT(-97.78031620486095 30.64095658913857),50,,Built-up
117,16747,804479343,-97.78031620486095,30.641046420917547,jbspiritous@gmail.com,false,2026-02-28 00:43,465.7 secs,CEO: Mapbox Satellite w/ Labels,,POINT(-97.78031620486095 30.641046420917547),50,,Built-up
117,16748,804479344,-97.78031620486095,30.64113625261311,jbspiritous@gmail.com,false,2026-02-28 00:43,465.7 secs,CEO: Mapbox Satellite w/ Labels,,POINT(-97.78031620486095 30.64113625261311),50,,Built-up
117,16749,804479345,-97.78031620486095,30.641226084225224,jbspiritous@gmail.com,false,2026-02-28 00:43,465.7 secs,CEO: Mapbox Satellite w/ Labels,,POINT(-97.78031620486095 30.641226084225224),50,,Trees
117,16750,804479346,-97.78031620486095,30.641315915753907,jbspiritous@gmail.com,false,2026-02-28 00:43,465.7 secs,CEO: Mapbox Satellite w/ Labels,,POINT(-97.78031620486095 30.641315915753907),50,,Grasses
117,16751,804479347,-97.78031620486095,30.641405747199173,jbspiritous@gmail.com,false,2026-02-28 00:43,465.7 secs,CEO: Mapbox Satellite w/ Labels,,POINT(-97.78031620486095 30.641405747199173),50,,Grasses
117,16752,804479348,-97.78031620486095,30.641495578561006,jbspiritous@gmail.com,false,2026-02-28 00:43,465.7 secs,CEO: Mapbox Satellite w/ Labels,,POINT(-97.78031620486095 30.641495578561006),50,,Grasses
117,16753,804479349,-97.78031620486095,30.641585409839422,jbspiritous@gmail.com,false,2026-02-28 00:43,465.7 secs,CEO: Mapbox Satellite w/ Labels,,POINT(-97.78031620486095 30.641585409839422),50,,Trees
117,16754,804479350,-97.78031620486095,30.641675241034378,jbspiritous@gmail.com,false,2026-02-28 00:43,465.7 secs,CEO: Mapbox Satellite w/ Labels,,POINT(-97.78031620486095 30.641675241034378),50,,Built-up
117,16755,804479351,-97.78021179513905,30.640866757276143,jbspiritous@gmail.com,false,2026-02-28 00:43,465.7 secs,CEO: Mapbox Satellite w/ Labels,,POINT(-97.78021179513905 30.640866757276143),50,,Built-up
117,16756,804479352,-97.78021179513905,30.64095658913857,jbspiritous@gmail.com,false,2026-02-28 00:43,465.7 secs,CEO: Mapbox Satellite w/ Labels,,POINT(-97.78021179513905 30.64095658913857),50,,Built-up
117,16757,804479353,-97.78021179513905,30.641046420917547,jbspiritous@gmail.com,false,2026-02-28 00:43,465.7 secs,CEO: Mapbox Satellite w/ Labels,,POINT(-97.78021179513905 30.641046420917547),50,,Built-up
117,16758,804479354,-97.78021179513905,30.64113625261311,jbspiritous@gmail.com,false,2026-02-28 00:43,465.7 secs,CEO: Mapbox Satellite w/ Labels,,POINT(-97.78021179513905 30.64113625261311),50,,Built-up
117,16759,804479355,-97.78021179513905,30.641226084225224,jbspiritous@gmail.com,false,2026-02-28 00:43,465.7 secs,CEO: Mapbox Satellite w/ Labels,,POINT(-97.78021179513905 30.641226084225224),50,,Built-up
117,16760,804479356,-97.78021179513905,30.641315915753907,jbspiritous@gmail.com,false,2026-02-28 00:43,465.7 secs,CEO: Mapbox Satellite w/ Labels,,POINT(-97.78021179513905 30.641315915753907),50,,Built-up
117,16761,804479357,-97.78021179513905,30.641405747199173,jbspiritous@gmail.com,false,2026-02-28 00:43,465.7 secs,CEO: Mapbox Satellite w/ Labels,,POINT(-97.78021179513905 30.641405747199173),50,,Grasses
117,16762,804479358,-97.78021179513905,30.641495578561006,jbspiritous@gmail.com,false,2026-02-28 00:43,465.7 secs,CEO: Mapbox Satellite w/ Labels,,POINT(-97.78021179513905 30.641495578561006),50,,Grasses
117,16763,804479359,-97.78021179513905,30.641585409839422,jbspiritous@gmail.com,false,2026-02-28 00:43,465.7 secs,CEO: Mapbox Satellite w/ Labels,,POINT(-97.78021179513905 30.641585409839422),50,,Grasses
117,16764,804479360,-97.78021179513905,30.641675241034378,jbspiritous@gmail.com,false,2026-02-28 00:43,465.7 secs,CEO: Mapbox Satellite w/ Labels,,POINT(-97.78021179513905 30.641675241034378),50,,Built-up
117,16765,804479361,-97.78010738541717,30.640866757276143,jbspiritous@gmail.com,false,2026-02-28 00:43,465.7 secs,CEO: Mapbox Satellite w/ Labels,,POINT(-97.78010738541717 30.640866757276143),50,,Trees
117,16766,804479362,-97.78010738541717,30.64095658913857,jbspiritous@gmail.com,false,2026-02-28 00:43,465.7 secs,CEO: Mapbox Satellite w/ Labels,,POINT(-97.78010738541717 30.64095658913857),50,,Built-up
117,16767,804479363,-97.78010738541717,30.641046420917547,jbspiritous@gmail.com,false,2026-02-28 00:43,465.7 secs,CEO: Mapbox Satellite w/ Labels,,POINT(-97.78010738541717 30.641046420917547),50,,Built-up
117,16768,804479364,-97.78010738541717,30.64113625261311,jbspiritous@gmail.com,false,2026-02-28 00:43,465.7 secs,CEO: Mapbox Satellite w/ Labels,,POINT(-97.78010738541717 30.64113625261311),50,,Trees
117,16769,804479365,-97.78010738541717,30.641226084225224,jbspiritous@gmail.com,false,2026-02-28 00:43,465.7 secs,CEO: Mapbox Satellite w/ Labels,,POINT(-97.78010738541717 30.641226084225224),50,,Trees
117,16770,804479366,-97.78010738541717,30.641315915753907,jbspiritous@gmail.com,false,2026-02-28 00:43,465.7 secs,CEO: Mapbox Satellite w/ Labels,,POINT(-97.78010738541717 30.641315915753907),50,,Built-up
117,16771,804479367,-97.78010738541717,30.641405747199173,jbspiritous@gmail.com,false,2026-02-28 00:43,465.7 secs,CEO: Mapbox Satellite w/ Labels,,POINT(-97.78010738541717 30.641405747199173),50,,Built-up
117,16772,804479368,-97.78010738541717,30.641495578561006,jbspiritous@gmail.com,false,2026-02-28 00:43,465.7 secs,CEO: Mapbox Satellite w/ Labels,,POINT(-97.78010738541717 30.641495578561006),50,,Built-up
117,16773,804479369,-97.78010738541717,30.641585409839422,jbspiritous@gmail.com,false,2026-02-28 00:43,465.7 secs,CEO: Mapbox Satellite w/ Labels,,POINT(-97.78010738541717 30.641585409839422),50,,Built-up
117,16774,804479370,-97.78010738541717,30.641675241034378,jbspiritous@gmail.com,false,2026-02-28 00:43,465.7 secs,CEO: Mapbox Satellite w/ Labels,,POINT(-97.78010738541717 30.641675241034378),50,,Built-up
117,16775,804479371,-97.78000297569528,30.640866757276143,jbspiritous@gmail.com,false,2026-02-28 00:43,465.7 secs,CEO: Mapbox Satellite w/ Labels,,POINT(-97.78000297569528 30.640866757276143),50,,Built-up structures
117,16776,804479372,-97.78000297569528,30.64095658913857,jbspiritous@gmail.com,false,2026-02-28 00:43,465.7 secs,CEO: Mapbox Satellite w/ Labels,,POINT(-97.78000297569528 30.64095658913857),50,,Trees
117,16777,804479373,-97.78000297569528,30.641046420917547,jbspiritous@gmail.com,false,2026-02-28 00:43,465.7 secs,CEO: Mapbox Satellite w/ Labels,,POINT(-97.78000297569528 30.641046420917547),50,,Built-up
117,16778,804479374,-97.78000297569528,30.64113625261311,jbspiritous@gmail.com,false,2026-02-28 00:43,465.7 secs,CEO: Mapbox Satellite w/ Labels,,POINT(-97.78000297569528 30.64113625261311),50,,Grasses
117,16779,804479375,-97.78000297569528,30.641226084225224,jbspiritous@gmail.com,false,2026-02-28 00:43,465.7 secs,CEO: Mapbox Satellite w/ Labels,,POINT(-97.78000297569528 30.641226084225224),50,,Grasses
117,16780,804479376,-97.78000297569528,30.641315915753907,jbspiritous@gmail.com,false,2026-02-28 00:43,465.7 secs,CEO: Mapbox Satellite w/ Labels,,POINT(-97.78000297569528 30.641315915753907),50,,Grasses
117,16781,804479377,-97.78000297569528,30.641405747199173,jbspiritous@gmail.com,false,2026-02-28 00:43,465.7 secs,CEO: Mapbox Satellite w/ Labels,,POINT(-97.78000297569528 30.641405747199173),50,,Built-up structures
117,16782,804479378,-97.78000297569528,30.641495578561006,jbspiritous@gmail.com,false,2026-02-28 00:43,465.7 secs,CEO: Mapbox Satellite w/ Labels,,POINT(-97.78000297569528 30.641495578561006),50,,Built-up structures
117,16783,804479379,-97.78000297569528,30.641585409839422,jbspiritous@gmail.com,false,2026-02-28 00:43,465.7 secs,CEO: Mapbox Satellite w/ Labels,,POINT(-97.78000297569528 30.641585409839422),50,,Built-up structures
117,16784,804479380,-97.78000297569528,30.641675241034378,jbspiritous@gmail.com,false,2026-02-28 00:43,465.7 secs,CEO: Mapbox Satellite w/ Labels,,POINT(-97.78000297569528 30.641675241034378),50,,Built-up structures
117,16785,804479381,-97.77989856597338,30.640866757276143,jbspiritous@gmail.com,false,2026-02-28 00:43,465.7 secs,CEO: Mapbox Satellite w/ Labels,,POINT(-97.77989856597338 30.640866757276143),50,,Built-up structures
117,16786,804479382,-97.77989856597338,30.64095658913857,jbspiritous@gmail.com,false,2026-02-28 00:43,465.7 secs,CEO: Mapbox Satellite w/ Labels,,POINT(-97.77989856597338 30.64095658913857),50,,Built-up
117,16787,804479383,-97.77989856597338,30.641046420917547,jbspiritous@gmail.com,false,2026-02-28 00:43,465.7 secs,CEO: Mapbox Satellite w/ Labels,,POINT(-97.77989856597338 30.641046420917547),50,,Built-up
117,16788,804479384,-97.77989856597338,30.64113625261311,jbspiritous@gmail.com,false,2026-02-28 00:43,465.7 secs,CEO: Mapbox Satellite w/ Labels,,POINT(-97.77989856597338 30.64113625261311),50,,Built-up structures
117,16789,804479385,-97.77989856597338,30.641226084225224,jbspiritous@gmail.com,false,2026-02-28 00:43,465.7 secs,CEO: Mapbox Satellite w/ Labels,,POINT(-97.77989856597338 30.641226084225224),50,,Built-up structures
117,16790,804479386,-97.77989856597338,30.641315915753907,jbspiritous@gmail.com,false,2026-02-28 00:43,465.7 secs,CEO: Mapbox Satellite w/ Labels,,POINT(-97.77989856597338 30.641315915753907),50,,Grasses
117,16791,804479387,-97.77989856597338,30.641405747199173,jbspiritous@gmail.com,false,2026-02-28 00:43,465.7 secs,CEO: Mapbox Satellite w/ Labels,,POINT(-97.77989856597338 30.641405747199173),50,,Built-up structures
117,16792,804479388,-97.77989856597338,30.641495578561006,jbspiritous@gmail.com,false,2026-02-28 00:43,465.7 secs,CEO: Mapbox Satellite w/ Labels,,POINT(-97.77989856597338 30.641495578561006),50,,Grasses
117,16793,804479389,-97.77989856597338,30.641585409839422,jbspiritous@gmail.com,false,2026-02-28 00:43,465.7 secs,CEO: Mapbox Satellite w/ Labels,,POINT(-97.77989856597338 30.641585409839422),50,,Built-up structures
117,16794,804479390,-97.77989856597338,30.641675241034378,jbspiritous@gmail.com,false,2026-02-28 00:43,465.7 secs,CEO: Mapbox Satellite w/ Labels,,POINT(-97.77989856597338 30.641675241034378),50,,Built-up structures
117,16795,804479391,-97.7797941562515,30.640866757276143,jbspiritous@gmail.com,false,2026-02-28 00:43,465.7 secs,CEO: Mapbox Satellite w/ Labels,,POINT(-97.7797941562515 30.640866757276143),50,,Built-up structures
117,16796,804479392,-97.7797941562515,30.64095658913857,jbspiritous@gmail.com,false,2026-02-28 00:43,465.7 secs,CEO: Mapbox Satellite w/ Labels,,POINT(-97.7797941562515 30.64095658913857),50,,Built-up
117,16797,804479393,-97.7797941562515,30.641046420917547,jbspiritous@gmail.com,false,2026-02-28 00:43,465.7 secs,CEO: Mapbox Satellite w/ Labels,,POINT(-97.7797941562515 30.641046420917547),50,,Built-up
117,16798,804479394,-97.7797941562515,30.64113625261311,jbspiritous@gmail.com,false,2026-02-28 00:43,465.7 secs,CEO: Mapbox Satellite w/ Labels,,POINT(-97.7797941562515 30.64113625261311),50,,Built-up structures
117,16799,804479395,-97.7797941562515,30.641226084225224,jbspiritous@gmail.com,false,2026-02-28 00:43,465.7 secs,CEO: Mapbox Satellite w/ Labels,,POINT(-97.7797941562515 30.641226084225224),50,,Built-up structures
117,16800,804479396,-97.7797941562515,30.641315915753907,jbspiritous@gmail.com,false,2026-02-28 00:43,465.7 secs,CEO: Mapbox Satellite w/ Labels,,POINT(-97.7797941562515 30.641315915753907),50,,Built-up structures
117,16801,804479397,-97.7797941562515,30.641405747199173,jbspiritous@gmail.com,false,2026-02-28 00:43,465.7 secs,CEO: Mapbox Satellite w/ Labels,,POINT(-97.7797941562515 30.641405747199173),50,,Built-up structures
117,16802,804479398,-97.7797941562515,30.641495578561006,jbspiritous@gmail.com,false,2026-02-28 00:43,465.7 secs,CEO: Mapbox Satellite w/ Labels,,POINT(-97.7797941562515 30.641495578561006),50,,Grasses
117,16803,804479399,-97.7797941562515,30.641585409839422,jbspiritous@gmail.com,false,2026-02-28 00:43,465.7 secs,CEO: Mapbox Satellite w/ Labels,,POINT(-97.7797941562515 30.641585409839422),50,,Built-up structures
117,16804,804479400,-97.7797941562515,30.641675241034378,jbspiritous@gmail.com,false,2026-02-28 00:43,465.7 secs,CEO: Mapbox Satellite w/ Labels,,POINT(-97.7797941562515 30.641675241034378),50,,Built-up structures
118,16849,804479401,-97.78073386559088,30.645362757276004,jbspiritous@gmail.com,false,2026-02-28 00:48,268.8 secs,CEO: Mapbox Satellite w/ Labels,,POINT(-97.78073386559088 30.645362757276004),50,,Built-up
118,16850,804479402,-97.78073386559088,30.645452589138472,jbspiritous@gmail.com,false,2026-02-28 00:48,268.8 secs,CEO: Mapbox Satellite w/ Labels,,POINT(-97.78073386559088 30.645452589138472),50,,Built-up
118,16851,804479403,-97.78073386559088,30.645542420917522,jbspiritous@gmail.com,false,2026-02-28 00:48,268.8 secs,CEO: Mapbox Satellite w/ Labels,,POINT(-97.78073386559088 30.645542420917522),50,,Built-up structures
118,16852,804479404,-97.78073386559088,30.645632252613083,jbspiritous@gmail.com,false,2026-02-28 00:48,268.8 secs,CEO: Mapbox Satellite w/ Labels,,POINT(-97.78073386559088 30.645632252613083),50,,Built-up structures
118,16853,804479405,-97.78073386559088,30.645722084225213,jbspiritous@gmail.com,false,2026-02-28 00:48,268.8 secs,CEO: Mapbox Satellite w/ Labels,,POINT(-97.78073386559088 30.645722084225213),50,,Built-up structures
118,16854,804479406,-97.78073386559088,30.645811915753924,jbspiritous@gmail.com,false,2026-02-28 00:48,268.8 secs,CEO: Mapbox Satellite w/ Labels,,POINT(-97.78073386559088 30.645811915753924),50,,Built-up structures
118,16855,804479407,-97.78073386559088,30.64590174719919,jbspiritous@gmail.com,false,2026-02-28 00:48,268.8 secs,CEO: Mapbox Satellite w/ Labels,,POINT(-97.78073386559088 30.64590174719919),50,,Grasses
118,16856,804479408,-97.78073386559088,30.645991578560967,jbspiritous@gmail.com,false,2026-02-28 00:48,268.8 secs,CEO: Mapbox Satellite w/ Labels,,POINT(-97.78073386559088 30.645991578560967),50,,Grasses
118,16857,804479409,-97.78073386559088,30.64608140983934,jbspiritous@gmail.com,false,2026-02-28 00:48,268.8 secs,CEO: Mapbox Satellite w/ Labels,,POINT(-97.78073386559088 30.64608140983934),50,,Grasses
118,16858,804479410,-97.78073386559088,30.64617124103424,jbspiritous@gmail.com,false,2026-02-28 00:48,268.8 secs,CEO: Mapbox Satellite w/ Labels,,POINT(-97.78073386559088 30.64617124103424),50,,Grasses
118,16859,804479411,-97.78062945101513,30.645362757276004,jbspiritous@gmail.com,false,2026-02-28 00:48,268.8 secs,CEO: Mapbox Satellite w/ Labels,,POINT(-97.78062945101513 30.645362757276004),50,,Grasses
118,16860,804479412,-97.78062945101513,30.645452589138472,jbspiritous@gmail.com,false,2026-02-28 00:48,268.8 secs,CEO: Mapbox Satellite w/ Labels,,POINT(-97.78062945101513 30.645452589138472),50,,Built-up structures
118,16861,804479413,-97.78062945101513,30.645542420917522,jbspiritous@gmail.com,false,2026-02-28 00:48,268.8 secs,CEO: Mapbox Satellite w/ Labels,,POINT(-97.78062945101513 30.645542420917522),50,,Built-up structures
118,16862,804479414,-97.78062945101513,30.645632252613083,jbspiritous@gmail.com,false,2026-02-28 00:48,268.8 secs,CEO: Mapbox Satellite w/ Labels,,POINT(-97.78062945101513 30.645632252613083),50,,Built-up structures
118,16863,804479415,-97.78062945101513,30.645722084225213,jbspiritous@gmail.com,false,2026-02-28 00:48,268.8 secs,CEO: Mapbox Satellite w/ Labels,,POINT(-97.78062945101513 30.645722084225213),50,,Built-up
118,16864,804479416,-97.78062945101513,30.645811915753924,jbspiritous@gmail.com,false,2026-02-28 00:48,268.8 secs,CEO: Mapbox Satellite w/ Labels,,POINT(-97.78062945101513 30.645811915753924),50,,Built-up structures
118,16865,804479417,-97.78062945101513,30.64590174719919,jbspiritous@gmail.com,false,2026-02-28 00:48,268.8 secs,CEO: Mapbox Satellite w/ Labels,,POINT(-97.78062945101513 30.64590174719919),50,,Built-up structures
118,16866,804479418,-97.78062945101513,30.645991578560967,jbspiritous@gmail.com,false,2026-02-28 00:48,268.8 secs,CEO: Mapbox Satellite w/ Labels,,POINT(-97.78062945101513 30.645991578560967),50,,Built-up structures
118,16867,804479419,-97.78062945101513,30.64608140983934,jbspiritous@gmail.com,false,2026-02-28 00:48,268.8 secs,CEO: Mapbox Satellite w/ Labels,,POINT(-97.78062945101513 30.64608140983934),50,,Built-up structures
118,16868,804479420,-97.78062945101513,30.64617124103424,jbspiritous@gmail.com,false,2026-02-28 00:48,268.8 secs,CEO: Mapbox Satellite w/ Labels,,POINT(-97.78062945101513 30.64617124103424),50,,Grasses
118,16869,804479421,-97.78052503643937,30.645362757276004,jbspiritous@gmail.com,false,2026-02-28 00:48,268.8 secs,CEO: Mapbox Satellite w/ Labels,,POINT(-97.78052503643937 30.645362757276004),50,,Built-up structures
118,16870,804479422,-97.78052503643937,30.645452589138472,jbspiritous@gmail.com,false,2026-02-28 00:48,268.8 secs,CEO: Mapbox Satellite w/ Labels,,POINT(-97.78052503643937 30.645452589138472),50,,Built-up structures
118,16871,804479423,-97.78052503643937,30.645542420917522,jbspiritous@gmail.com,false,2026-02-28 00:48,268.8 secs,CEO: Mapbox Satellite w/ Labels,,POINT(-97.78052503643937 30.645542420917522),50,,Built-up structures
118,16872,804479424,-97.78052503643937,30.645632252613083,jbspiritous@gmail.com,false,2026-02-28 00:48,268.8 secs,CEO: Mapbox Satellite w/ Labels,,POINT(-97.78052503643937 30.645632252613083),50,,Built-up structures
118,16873,804479425,-97.78052503643937,30.645722084225213,jbspiritous@gmail.com,false,2026-02-28 00:48,268.8 secs,CEO: Mapbox Satellite w/ Labels,,POINT(-97.78052503643937 30.645722084225213),50,,Grasses
118,16874,804479426,-97.78052503643937,30.645811915753924,jbspiritous@gmail.com,false,2026-02-28 00:48,268.8 secs,CEO: Mapbox Satellite w/ Labels,,POINT(-97.78052503643937 30.645811915753924),50,,Grasses
118,16875,804479427,-97.78052503643937,30.64590174719919,jbspiritous@gmail.com,false,2026-02-28 00:48,268.8 secs,CEO: Mapbox Satellite w/ Labels,,POINT(-97.78052503643937 30.64590174719919),50,,Grasses
118,16876,804479428,-97.78052503643937,30.645991578560967,jbspiritous@gmail.com,false,2026-02-28 00:48,268.8 secs,CEO: Mapbox Satellite w/ Labels,,POINT(-97.78052503643937 30.645991578560967),50,,Grasses
118,16877,804479429,-97.78052503643937,30.64608140983934,jbspiritous@gmail.com,false,2026-02-28 00:48,268.8 secs,CEO: Mapbox Satellite w/ Labels,,POINT(-97.78052503643937 30.64608140983934),50,,Built-up structures
118,16878,804479430,-97.78052503643937,30.64617124103424,jbspiritous@gmail.com,false,2026-02-28 00:48,268.8 secs,CEO: Mapbox Satellite w/ Labels,,POINT(-97.78052503643937 30.64617124103424),50,,Grasses
118,16879,804479431,-97.78042062186363,30.645362757276004,jbspiritous@gmail.com,false,2026-02-28 00:48,268.8 secs,CEO: Mapbox Satellite w/ Labels,,POINT(-97.78042062186363 30.645362757276004),50,,Built-up structures
118,16880,804479432,-97.78042062186363,30.645452589138472,jbspiritous@gmail.com,false,2026-02-28 00:48,268.8 secs,CEO: Mapbox Satellite w/ Labels,,POINT(-97.78042062186363 30.645452589138472),50,,Built-up structures
118,16881,804479433,-97.78042062186363,30.645542420917522,jbspiritous@gmail.com,false,2026-02-28 00:48,268.8 secs,CEO: Mapbox Satellite w/ Labels,,POINT(-97.78042062186363 30.645542420917522),50,,Built-up structures
118,16882,804479434,-97.78042062186363,30.645632252613083,jbspiritous@gmail.com,false,2026-02-28 00:48,268.8 secs,CEO: Mapbox Satellite w/ Labels,,POINT(-97.78042062186363 30.645632252613083),50,,Built-up structures
118,16883,804479435,-97.78042062186363,30.645722084225213,jbspiritous@gmail.com,false,2026-02-28 00:48,268.8 secs,CEO: Mapbox Satellite w/ Labels,,POINT(-97.78042062186363 30.645722084225213),50,,Built-up structures
118,16884,804479436,-97.78042062186363,30.645811915753924,jbspiritous@gmail.com,false,2026-02-28 00:48,268.8 secs,CEO: Mapbox Satellite w/ Labels,,POINT(-97.78042062186363 30.645811915753924),50,,Grasses
118,16885,804479437,-97.78042062186363,30.64590174719919,jbspiritous@gmail.com,false,2026-02-28 00:48,268.8 secs,CEO: Mapbox Satellite w/ Labels,,POINT(-97.78042062186363 30.64590174719919),50,,Built-up structures
118,16886,804479438,-97.78042062186363,30.645991578560967,jbspiritous@gmail.com,false,2026-02-28 00:48,268.8 secs,CEO: Mapbox Satellite w/ Labels,,POINT(-97.78042062186363 30.645991578560967),50,,Built-up structures
118,16887,804479439,-97.78042062186363,30.64608140983934,jbspiritous@gmail.com,false,2026-02-28 00:48,268.8 secs,CEO: Mapbox Satellite w/ Labels,,POINT(-97.78042062186363 30.64608140983934),50,,Built-up structures
118,16888,804479440,-97.78042062186363,30.64617124103424,jbspiritous@gmail.com,false,2026-02-28 00:48,268.8 secs,CEO: Mapbox Satellite w/ Labels,,POINT(-97.78042062186363 30.64617124103424),50,,Built-up structures
118,16889,804479441,-97.78031620728787,30.645362757276004,jbspiritous@gmail.com,false,2026-02-28 00:48,268.8 secs,CEO: Mapbox Satellite w/ Labels,,POINT(-97.78031620728787 30.645362757276004),50,,Built-up structures
118,16890,804479442,-97.78031620728787,30.645452589138472,jbspiritous@gmail.com,false,2026-02-28 00:48,268.8 secs,CEO: Mapbox Satellite w/ Labels,,POINT(-97.78031620728787 30.645452589138472),50,,Grasses
118,16891,804479443,-97.78031620728787,30.645542420917522,jbspiritous@gmail.com,false,2026-02-28 00:48,268.8 secs,CEO: Mapbox Satellite w/ Labels,,POINT(-97.78031620728787 30.645542420917522),50,,Grasses
118,16892,804479444,-97.78031620728787,30.645632252613083,jbspiritous@gmail.com,false,2026-02-28 00:48,268.8 secs,CEO: Mapbox Satellite w/ Labels,,POINT(-97.78031620728787 30.645632252613083),50,,Built-up structures
118,16893,804479445,-97.78031620728787,30.645722084225213,jbspiritous@gmail.com,false,2026-02-28 00:48,268.8 secs,CEO: Mapbox Satellite w/ Labels,,POINT(-97.78031620728787 30.645722084225213),50,,Built-up structures
118,16894,804479446,-97.78031620728787,30.645811915753924,jbspiritous@gmail.com,false,2026-02-28 00:48,268.8 secs,CEO: Mapbox Satellite w/ Labels,,POINT(-97.78031620728787 30.645811915753924),50,,Built-up structures
118,16895,804479447,-97.78031620728787,30.64590174719919,jbspiritous@gmail.com,false,2026-02-28 00:48,268.8 secs,CEO: Mapbox Satellite w/ Labels,,POINT(-97.78031620728787 30.64590174719919),50,,Built-up structures
118,16896,804479448,-97.78031620728787,30.645991578560967,jbspiritous@gmail.com,false,2026-02-28 00:48,268.8 secs,CEO: Mapbox Satellite w/ Labels,,POINT(-97.78031620728787 30.645991578560967),50,,Built-up structures
118,16897,804479449,-97.78031620728787,30.64608140983934,jbspiritous@gmail.com,false,2026-02-28 00:48,268.8 secs,CEO: Mapbox Satellite w/ Labels,,POINT(-97.78031620728787 30.64608140983934),50,,Grasses
118,16898,804479450,-97.78031620728787,30.64617124103424,jbspiritous@gmail.com,false,2026-02-28 00:48,268.8 secs,CEO: Mapbox Satellite w/ Labels,,POINT(-97.78031620728787 30.64617124103424),50,,Built-up
118,16899,804479451,-97.78021179271212,30.645362757276004,jbspiritous@gmail.com,false,2026-02-28 00:48,268.8 secs,CEO: Mapbox Satellite w/ Labels,,POINT(-97.78021179271212 30.645362757276004),50,,Shrubs
118,16900,804479452,-97.78021179271212,30.645452589138472,jbspiritous@gmail.com,false,2026-02-28 00:48,268.8 secs,CEO: Mapbox Satellite w/ Labels,,POINT(-97.78021179271212 30.645452589138472),50,,Grasses
118,16901,804479453,-97.78021179271212,30.645542420917522,jbspiritous@gmail.com,false,2026-02-28 00:48,268.8 secs,CEO: Mapbox Satellite w/ Labels,,POINT(-97.78021179271212 30.645542420917522),50,,Built-up structures
118,16902,804479454,-97.78021179271212,30.645632252613083,jbspiritous@gmail.com,false,2026-02-28 00:48,268.8 secs,CEO: Mapbox Satellite w/ Labels,,POINT(-97.78021179271212 30.645632252613083),50,,Grasses
118,16903,804479455,-97.78021179271212,30.645722084225213,jbspiritous@gmail.com,false,2026-02-28 00:48,268.8 secs,CEO: Mapbox Satellite w/ Labels,,POINT(-97.78021179271212 30.645722084225213),50,,Built-up structures
118,16904,804479456,-97.78021179271212,30.645811915753924,jbspiritous@gmail.com,false,2026-02-28 00:48,268.8 secs,CEO: Mapbox Satellite w/ Labels,,POINT(-97.78021179271212 30.645811915753924),50,,Built-up structures
118,16905,804479457,-97.78021179271212,30.64590174719919,jbspiritous@gmail.com,false,2026-02-28 00:48,268.8 secs,CEO: Mapbox Satellite w/ Labels,,POINT(-97.78021179271212 30.64590174719919),50,,Grasses
118,16906,804479458,-97.78021179271212,30.645991578560967,jbspiritous@gmail.com,false,2026-02-28 00:48,268.8 secs,CEO: Mapbox Satellite w/ Labels,,POINT(-97.78021179271212 30.645991578560967),50,,Built-up
118,16907,804479459,-97.78021179271212,30.64608140983934,jbspiritous@gmail.com,false,2026-02-28 00:48,268.8 secs,CEO: Mapbox Satellite w/ Labels,,POINT(-97.78021179271212 30.64608140983934),50,,Built-up
118,16908,804479460,-97.78021179271212,30.64617124103424,jbspiritous@gmail.com,false,2026-02-28 00:48,268.8 secs,CEO: Mapbox Satellite w/ Labels,,POINT(-97.78021179271212 30.64617124103424),50,,Built-up
118,16909,804479461,-97.78010737813636,30.645362757276004,jbspiritous@gmail.com,false,2026-02-28 00:48,268.8 secs,CEO: Mapbox Satellite w/ Labels,,POINT(-97.78010737813636 30.645362757276004),50,,Grasses
118,16910,804479462,-97.78010737813636,30.645452589138472,jbspiritous@gmail.com,false,2026-02-28 00:48,268.8 secs,CEO: Mapbox Satellite w/ Labels,,POINT(-97.78010737813636 30.645452589138472),50,,Grasses
118,16911,804479463,-97.78010737813636,30.645542420917522,jbspiritous@gmail.com,false,2026-02-28 00:48,268.8 secs,CEO: Mapbox Satellite w/ Labels,,POINT(-97.78010737813636 30.645542420917522),50,,Built-up structures
118,16912,804479464,-97.78010737813636,30.645632252613083,jbspiritous@gmail.com,false,2026-02-28 00:48,268.8 secs,CEO: Mapbox Satellite w/ Labels,,POINT(-97.78010737813636 30.645632252613083),50,,Built-up structures
118,16913,804479465,-97.78010737813636,30.645722084225213,jbspiritous@gmail.com,false,2026-02-28 00:48,268.8 secs,CEO: Mapbox Satellite w/ Labels,,POINT(-97.78010737813636 30.645722084225213),50,,Built-up
118,16914,804479466,-97.78010737813636,30.645811915753924,jbspiritous@gmail.com,false,2026-02-28 00:48,268.8 secs,CEO: Mapbox Satellite w/ Labels,,POINT(-97.78010737813636 30.645811915753924),50,,Built-up structures
118,16915,804479467,-97.78010737813636,30.64590174719919,jbspiritous@gmail.com,false,2026-02-28 00:48,268.8 secs,CEO: Mapbox Satellite w/ Labels,,POINT(-97.78010737813636 30.64590174719919),50,,Built-up
118,16916,804479468,-97.78010737813636,30.645991578560967,jbspiritous@gmail.com,false,2026-02-28 00:48,268.8 secs,CEO: Mapbox Satellite w/ Labels,,POINT(-97.78010737813636 30.645991578560967),50,,Built-up
118,16917,804479469,-97.78010737813636,30.64608140983934,jbspiritous@gmail.com,false,2026-02-28 00:48,268.8 secs,CEO: Mapbox Satellite w/ Labels,,POINT(-97.78010737813636 30.64608140983934),50,,Built-up
118,16918,804479470,-97.78010737813636,30.64617124103424,jbspiritous@gmail.com,false,2026-02-28 00:48,268.8 secs,CEO: Mapbox Satellite w/ Labels,,POINT(-97.78010737813636 30.64617124103424),50,,Built-up
118,16919,804479471,-97.78000296356063,30.645362757276004,jbspiritous@gmail.com,false,2026-02-28 00:48,268.8 secs,CEO: Mapbox Satellite w/ Labels,,POINT(-97.78000296356063 30.645362757276004),50,,Built-up structures
118,16920,804479472,-97.78000296356063,30.645452589138472,jbspiritous@gmail.com,false,2026-02-28 00:48,268.8 secs,CEO: Mapbox Satellite w/ Labels,,POINT(-97.78000296356063 30.645452589138472),50,,Built-up structures
118,16921,804479473,-97.78000296356063,30.645542420917522,jbspiritous@gmail.com,false,2026-02-28 00:48,268.8 secs,CEO: Mapbox Satellite w/ Labels,,POINT(-97.78000296356063 30.645542420917522),50,,Grasses
118,16922,804479474,-97.78000296356063,30.645632252613083,jbspiritous@gmail.com,false,2026-02-28 00:48,268.8 secs,CEO: Mapbox Satellite w/ Labels,,POINT(-97.78000296356063 30.645632252613083),50,,Built-up structures
118,16923,804479475,-97.78000296356063,30.645722084225213,jbspiritous@gmail.com,false,2026-02-28 00:48,268.8 secs,CEO: Mapbox Satellite w/ Labels,,POINT(-97.78000296356063 30.645722084225213),50,,Built-up structures
118,16924,804479476,-97.78000296356063,30.645811915753924,jbspiritous@gmail.com,false,2026-02-28 00:48,268.8 secs,CEO: Mapbox Satellite w/ Labels,,POINT(-97.78000296356063 30.645811915753924),50,,Built-up
118,16925,804479477,-97.78000296356063,30.64590174719919,jbspiritous@gmail.com,false,2026-02-28 00:48,268.8 secs,CEO: Mapbox Satellite w/ Labels,,POINT(-97.78000296356063 30.64590174719919),50,,Built-up
118,16926,804479478,-97.78000296356063,30.645991578560967,jbspiritous@gmail.com,false,2026-02-28 00:48,268.8 secs,CEO: Mapbox Satellite w/ Labels,,POINT(-97.78000296356063 30.645991578560967),50,,Built-up
118,16927,804479479,-97.78000296356063,30.64608140983934,jbspiritous@gmail.com,false,2026-02-28 00:48,268.8 secs,CEO: Mapbox Satellite w/ Labels,,POINT(-97.78000296356063 30.64608140983934),50,,Built-up structures
118,16928,804479480,-97.78000296356063,30.64617124103424,jbspiritous@gmail.com,false,2026-02-28 00:48,268.8 secs,CEO: Mapbox Satellite w/ Labels,,POINT(-97.78000296356063 30.64617124103424),50,,Built-up
118,16929,804479481,-97.77989854898487,30.645362757276004,jbspiritous@gmail.com,false,2026-02-28 00:48,268.8 secs,CEO: Mapbox Satellite w/ Labels,,POINT(-97.77989854898487 30.645362757276004),50,,Grasses
118,16930,804479482,-97.77989854898487,30.645452589138472,jbspiritous@gmail.com,false,2026-02-28 00:48,268.8 secs,CEO: Mapbox Satellite w/ Labels,,POINT(-97.77989854898487 30.645452589138472),50,,Built-up structures
118,16931,804479483,-97.77989854898487,30.645542420917522,jbspiritous@gmail.com,false,2026-02-28 00:48,268.8 secs,CEO: Mapbox Satellite w/ Labels,,POINT(-97.77989854898487 30.645542420917522),50,,Built-up structures
118,16932,804479484,-97.77989854898487,30.645632252613083,jbspiritous@gmail.com,false,2026-02-28 00:48,268.8 secs,CEO: Mapbox Satellite w/ Labels,,POINT(-97.77989854898487 30.645632252613083),50,,Grasses
118,16933,804479485,-97.77989854898487,30.645722084225213,jbspiritous@gmail.com,false,2026-02-28 00:48,268.8 secs,CEO: Mapbox Satellite w/ Labels,,POINT(-97.77989854898487 30.645722084225213),50,,Built-up
118,16934,804479486,-97.77989854898487,30.645811915753924,jbspiritous@gmail.com,false,2026-02-28 00:48,268.8 secs,CEO: Mapbox Satellite w/ Labels,,POINT(-97.77989854898487 30.645811915753924),50,,Built-up
118,16935,804479487,-97.77989854898487,30.64590174719919,jbspiritous@gmail.com,false,2026-02-28 00:48,268.8 secs,CEO: Mapbox Satellite w/ Labels,,POINT(-97.77989854898487 30.64590174719919),50,,Grasses
118,16936,804479488,-97.77989854898487,30.645991578560967,jbspiritous@gmail.com,false,2026-02-28 00:48,268.8 secs,CEO: Mapbox Satellite w/ Labels,,POINT(-97.77989854898487 30.645991578560967),50,,Built-up structures
118,16937,804479489,-97.77989854898487,30.64608140983934,jbspiritous@gmail.com,false,2026-02-28 00:48,268.8 secs,CEO: Mapbox Satellite w/ Labels,,POINT(-97.77989854898487 30.64608140983934),50,,Built-up structures
118,16938,804479490,-97.77989854898487,30.64617124103424,jbspiritous@gmail.com,false,2026-02-28 00:48,268.8 secs,CEO: Mapbox Satellite w/ Labels,,POINT(-97.77989854898487 30.64617124103424),50,,Built-up structures
118,16939,804479491,-97.77979413440913,30.645362757276004,jbspiritous@gmail.com,false,2026-02-28 00:48,268.8 secs,CEO: Mapbox Satellite w/ Labels,,POINT(-97.77979413440913 30.645362757276004),50,,Built-up structures
118,16940,804479492,-97.77979413440913,30.645452589138472,jbspiritous@gmail.com,false,2026-02-28 00:48,268.8 secs,CEO: Mapbox Satellite w/ Labels,,POINT(-97.77979413440913 30.645452589138472),50,,Grasses
118,16941,804479493,-97.77979413440913,30.645542420917522,jbspiritous@gmail.com,false,2026-02-28 00:48,268.8 secs,CEO: Mapbox Satellite w/ Labels,,POINT(-97.77979413440913 30.645542420917522),50,,Built-up structures
118,16942,804479494,-97.77979413440913,30.645632252613083,jbspiritous@gmail.com,false,2026-02-28 00:48,268.8 secs,CEO: Mapbox Satellite w/ Labels,,POINT(-97.77979413440913 30.645632252613083),50,,Built-up
118,16943,804479495,-97.77979413440913,30.645722084225213,jbspiritous@gmail.com,false,2026-02-28 00:48,268.8 secs,CEO: Mapbox Satellite w/ Labels,,POINT(-97.77979413440913 30.645722084225213),50,,Built-up
118,16944,804479496,-97.77979413440913,30.645811915753924,jbspiritous@gmail.com,false,2026-02-28 00:48,268.8 secs,CEO: Mapbox Satellite w/ Labels,,POINT(-97.77979413440913 30.645811915753924),50,,Grasses
118,16945,804479497,-97.77979413440913,30.64590174719919,jbspiritous@gmail.com,false,2026-02-28 00:48,268.8 secs,CEO: Mapbox Satellite w/ Labels,,POINT(-97.77979413440913 30.64590174719919),50,,Built-up structures
118,16946,804479498,-97.77979413440913,30.645991578560967,jbspiritous@gmail.com,false,2026-02-28 00:48,268.8 secs,CEO: Mapbox Satellite w/ Labels,,POINT(-97.77979413440913 30.645991578560967),50,,Built-up structures
118,16947,804479499,-97.77979413440913,30.64608140983934,jbspiritous@gmail.com,false,2026-02-28 00:48,268.8 secs,CEO: Mapbox Satellite w/ Labels,,POINT(-97.77979413440913 30.64608140983934),50,,Built-up
118,16948,804479500,-97.77979413440913,30.64617124103424,jbspiritous@gmail.com,false,2026-02-28 00:48,268.8 secs,CEO: Mapbox Satellite w/ Labels,,POINT(-97.77979413440913 30.64617124103424),50,,Grasses
119,16993,804479501,-97.77550775641366,30.62287975727672,jbspiritous@gmail.com,false,2026-03-10 03:44,189.4 secs,CEO: Mapbox Satellite w/ Labels,,POINT(-97.77550775641366 30.62287975727672),50,,Trees
119,16994,804479502,-97.77550775641366,30.622969589138904,jbspiritous@gmail.com,false,2026-03-10 03:44,189.4 secs,CEO: Mapbox Satellite w/ Labels,,POINT(-97.77550775641366 30.622969589138904),50,,Trees
119,16995,804479503,-97.77550775641366,30.6230594209177,jbspiritous@gmail.com,false,2026-03-10 03:44,189.4 secs,CEO: Mapbox Satellite w/ Labels,,POINT(-97.77550775641366 30.6230594209177),50,,Trees
119,16996,804479504,-97.77550775641366,30.623149252613146,jbspiritous@gmail.com,false,2026-03-10 03:44,189.4 secs,CEO: Mapbox Satellite w/ Labels,,POINT(-97.77550775641366 30.623149252613146),50,,Trees
119,16997,804479505,-97.77550775641366,30.62323908422519,jbspiritous@gmail.com,false,2026-03-10 03:44,189.4 secs,CEO: Mapbox Satellite w/ Labels,,POINT(-97.77550775641366 30.62323908422519),50,,Shrubs
119,16998,804479506,-97.77550775641366,30.623328915753916,jbspiritous@gmail.com,false,2026-03-10 03:44,189.4 secs,CEO: Mapbox Satellite w/ Labels,,POINT(-97.77550775641366 30.623328915753916),50,,Shrubs
119,16999,804479507,-97.77550775641366,30.62341874719921,jbspiritous@gmail.com,false,2026-03-10 03:44,189.4 secs,CEO: Mapbox Satellite w/ Labels,,POINT(-97.77550775641366 30.62341874719921),50,,Trees
119,17000,804479508,-97.77550775641366,30.623508578561186,jbspiritous@gmail.com,false,2026-03-10 03:44,189.4 secs,CEO: Mapbox Satellite w/ Labels,,POINT(-97.77550775641366 30.623508578561186),50,,Shrubs
119,17001,804479509,-97.77550775641366,30.623598409839772,jbspiritous@gmail.com,false,2026-03-10 03:44,189.4 secs,CEO: Mapbox Satellite w/ Labels,,POINT(-97.77550775641366 30.623598409839772),50,,Shrubs
119,17002,804479510,-97.77550775641366,30.623688241034955,jbspiritous@gmail.com,false,2026-03-10 03:44,189.4 secs,CEO: Mapbox Satellite w/ Labels,,POINT(-97.77550775641366 30.623688241034955),50,,Shrubs
119,17003,804479511,-97.77540336609951,30.62287975727672,jbspiritous@gmail.com,false,2026-03-10 03:44,189.4 secs,CEO: Mapbox Satellite w/ Labels,,POINT(-97.77540336609951 30.62287975727672),50,,Trees
119,17004,804479512,-97.77540336609951,30.622969589138904,jbspiritous@gmail.com,false,2026-03-10 03:44,189.4 secs,CEO: Mapbox Satellite w/ Labels,,POINT(-97.77540336609951 30.622969589138904),50,,Trees
119,17005,804479513,-97.77540336609951,30.6230594209177,jbspiritous@gmail.com,false,2026-03-10 03:44,189.4 secs,CEO: Mapbox Satellite w/ Labels,,POINT(-97.77540336609951 30.6230594209177),50,,Trees
119,17006,804479514,-97.77540336609951,30.623149252613146,jbspiritous@gmail.com,false,2026-03-10 03:44,189.4 secs,CEO: Mapbox Satellite w/ Labels,,POINT(-97.77540336609951 30.623149252613146),50,,Trees
119,17007,804479515,-97.77540336609951,30.62323908422519,jbspiritous@gmail.com,false,2026-03-10 03:44,189.4 secs,CEO: Mapbox Satellite w/ Labels,,POINT(-97.77540336609951 30.62323908422519),50,,Trees
119,17008,804479516,-97.77540336609951,30.623328915753916,jbspiritous@gmail.com,false,2026-03-10 03:44,189.4 secs,CEO: Mapbox Satellite w/ Labels,,POINT(-97.77540336609951 30.623328915753916),50,,Shrubs
119,17009,804479517,-97.77540336609951,30.62341874719921,jbspiritous@gmail.com,false,2026-03-10 03:44,189.4 secs,CEO: Mapbox Satellite w/ Labels,,POINT(-97.77540336609951 30.62341874719921),50,,Trees
119,17010,804479518,-97.77540336609951,30.623508578561186,jbspiritous@gmail.com,false,2026-03-10 03:44,189.4 secs,CEO: Mapbox Satellite w/ Labels,,POINT(-97.77540336609951 30.623508578561186),50,,Trees
119,17011,804479519,-97.77540336609951,30.623598409839772,jbspiritous@gmail.com,false,2026-03-10 03:44,189.4 secs,CEO: Mapbox Satellite w/ Labels,,POINT(-97.77540336609951 30.623598409839772),50,,Trees
119,17012,804479520,-97.77540336609951,30.623688241034955,jbspiritous@gmail.com,false,2026-03-10 03:44,189.4 secs,CEO: Mapbox Satellite w/ Labels,,POINT(-97.77540336609951 30.623688241034955),50,,Trees
119,17013,804479521,-97.77529897578535,30.62287975727672,jbspiritous@gmail.com,false,2026-03-10 03:44,189.4 secs,CEO: Mapbox Satellite w/ Labels,,POINT(-97.77529897578535 30.62287975727672),50,,Trees
119,17014,804479522,-97.77529897578535,30.622969589138904,jbspiritous@gmail.com,false,2026-03-10 03:44,189.4 secs,CEO: Mapbox Satellite w/ Labels,,POINT(-97.77529897578535 30.622969589138904),50,,Trees
119,17015,804479523,-97.77529897578535,30.6230594209177,jbspiritous@gmail.com,false,2026-03-10 03:44,189.4 secs,CEO: Mapbox Satellite w/ Labels,,POINT(-97.77529897578535 30.6230594209177),50,,Trees
119,17016,804479524,-97.77529897578535,30.623149252613146,jbspiritous@gmail.com,false,2026-03-10 03:44,189.4 secs,CEO: Mapbox Satellite w/ Labels,,POINT(-97.77529897578535 30.623149252613146),50,,Trees
119,17017,804479525,-97.77529897578535,30.62323908422519,jbspiritous@gmail.com,false,2026-03-10 03:44,189.4 secs,CEO: Mapbox Satellite w/ Labels,,POINT(-97.77529897578535 30.62323908422519),50,,Trees
119,17018,804479526,-97.77529897578535,30.623328915753916,jbspiritous@gmail.com,false,2026-03-10 03:44,189.4 secs,CEO: Mapbox Satellite w/ Labels,,POINT(-97.77529897578535 30.623328915753916),50,,Trees
119,17019,804479527,-97.77529897578535,30.62341874719921,jbspiritous@gmail.com,false,2026-03-10 03:44,189.4 secs,CEO: Mapbox Satellite w/ Labels,,POINT(-97.77529897578535 30.62341874719921),50,,Trees
119,17020,804479528,-97.77529897578535,30.623508578561186,jbspiritous@gmail.com,false,2026-03-10 03:44,189.4 secs,CEO: Mapbox Satellite w/ Labels,,POINT(-97.77529897578535 30.623508578561186),50,,Trees
119,17021,804479529,-97.77529897578535,30.623598409839772,jbspiritous@gmail.com,false,2026-03-10 03:44,189.4 secs,CEO: Mapbox Satellite w/ Labels,,POINT(-97.77529897578535 30.623598409839772),50,,Trees
119,17022,804479530,-97.77529897578535,30.623688241034955,jbspiritous@gmail.com,false,2026-03-10 03:44,189.4 secs,CEO: Mapbox Satellite w/ Labels,,POINT(-97.77529897578535 30.623688241034955),50,,Trees
119,17023,804479531,-97.77519458547121,30.62287975727672,jbspiritous@gmail.com,false,2026-03-10 03:44,189.4 secs,CEO: Mapbox Satellite w/ Labels,,POINT(-97.77519458547121 30.62287975727672),50,,Trees
119,17024,804479532,-97.77519458547121,30.622969589138904,jbspiritous@gmail.com,false,2026-03-10 03:44,189.4 secs,CEO: Mapbox Satellite w/ Labels,,POINT(-97.77519458547121 30.622969589138904),50,,Trees
119,17025,804479533,-97.77519458547121,30.6230594209177,jbspiritous@gmail.com,false,2026-03-10 03:44,189.4 secs,CEO: Mapbox Satellite w/ Labels,,POINT(-97.77519458547121 30.6230594209177),50,,Trees
119,17026,804479534,-97.77519458547121,30.623149252613146,jbspiritous@gmail.com,false,2026-03-10 03:44,189.4 secs,CEO: Mapbox Satellite w/ Labels,,POINT(-97.77519458547121 30.623149252613146),50,,Trees
119,17027,804479535,-97.77519458547121,30.62323908422519,jbspiritous@gmail.com,false,2026-03-10 03:44,189.4 secs,CEO: Mapbox Satellite w/ Labels,,POINT(-97.77519458547121 30.62323908422519),50,,Trees
119,17028,804479536,-97.77519458547121,30.623328915753916,jbspiritous@gmail.com,false,2026-03-10 03:44,189.4 secs,CEO: Mapbox Satellite w/ Labels,,POINT(-97.77519458547121 30.623328915753916),50,,Trees
119,17029,804479537,-97.77519458547121,30.62341874719921,jbspiritous@gmail.com,false,2026-03-10 03:44,189.4 secs,CEO: Mapbox Satellite w/ Labels,,POINT(-97.77519458547121 30.62341874719921),50,,Trees
119,17030,804479538,-97.77519458547121,30.623508578561186,jbspiritous@gmail.com,false,2026-03-10 03:44,189.4 secs,CEO: Mapbox Satellite w/ Labels,,POINT(-97.77519458547121 30.623508578561186),50,,Trees
119,17031,804479539,-97.77519458547121,30.623598409839772,jbspiritous@gmail.com,false,2026-03-10 03:44,189.4 secs,CEO: Mapbox Satellite w/ Labels,,POINT(-97.77519458547121 30.623598409839772),50,,Trees
119,17032,804479540,-97.77519458547121,30.623688241034955,jbspiritous@gmail.com,false,2026-03-10 03:44,189.4 secs,CEO: Mapbox Satellite w/ Labels,,POINT(-97.77519458547121 30.623688241034955),50,,Trees
119,17033,804479541,-97.77509019515706,30.62287975727672,jbspiritous@gmail.com,false,2026-03-10 03:44,189.4 secs,CEO: Mapbox Satellite w/ Labels,,POINT(-97.77509019515706 30.62287975727672),50,,Trees
119,17034,804479542,-97.77509019515706,30.622969589138904,jbspiritous@gmail.com,false,2026-03-10 03:44,189.4 secs,CEO: Mapbox Satellite w/ Labels,,POINT(-97.77509019515706 30.622969589138904),50,,Trees
119,17035,804479543,-97.77509019515706,30.6230594209177,jbspiritous@gmail.com,false,2026-03-10 03:44,189.4 secs,CEO: Mapbox Satellite w/ Labels,,POINT(-97.77509019515706 30.6230594209177),50,,Trees
119,17036,804479544,-97.77509019515706,30.623149252613146,jbspiritous@gmail.com,false,2026-03-10 03:44,189.4 secs,CEO: Mapbox Satellite w/ Labels,,POINT(-97.77509019515706 30.623149252613146),50,,Trees
119,17037,804479545,-97.77509019515706,30.62323908422519,jbspiritous@gmail.com,false,2026-03-10 03:44,189.4 secs,CEO: Mapbox Satellite w/ Labels,,POINT(-97.77509019515706 30.62323908422519),50,,Trees
119,17038,804479546,-97.77509019515706,30.623328915753916,jbspiritous@gmail.com,false,2026-03-10 03:44,189.4 secs,CEO: Mapbox Satellite w/ Labels,,POINT(-97.77509019515706 30.623328915753916),50,,Trees
119,17039,804479547,-97.77509019515706,30.62341874719921,jbspiritous@gmail.com,false,2026-03-10 03:44,189.4 secs,CEO: Mapbox Satellite w/ Labels,,POINT(-97.77509019515706 30.62341874719921),50,,Trees
119,17040,804479548,-97.77509019515706,30.623508578561186,jbspiritous@gmail.com,false,2026-03-10 03:44,189.4 secs,CEO: Mapbox Satellite w/ Labels,,POINT(-97.77509019515706 30.623508578561186),50,,Trees
119,17041,804479549,-97.77509019515706,30.623598409839772,jbspiritous@gmail.com,false,2026-03-10 03:44,189.4 secs,CEO: Mapbox Satellite w/ Labels,,POINT(-97.77509019515706 30.623598409839772),50,,Trees
119,17042,804479550,-97.77509019515706,30.623688241034955,jbspiritous@gmail.com,false,2026-03-10 03:44,189.4 secs,CEO: Mapbox Satellite w/ Labels,,POINT(-97.77509019515706 30.623688241034955),50,,Trees
119,17043,804479551,-97.77498580484293,30.62287975727672,jbspiritous@gmail.com,false,2026-03-10 03:44,189.4 secs,CEO: Mapbox Satellite w/ Labels,,POINT(-97.77498580484293 30.62287975727672),50,,Trees
119,17044,804479552,-97.77498580484293,30.622969589138904,jbspiritous@gmail.com,false,2026-03-10 03:44,189.4 secs,CEO: Mapbox Satellite w/ Labels,,POINT(-97.77498580484293 30.622969589138904),50,,Trees
119,17045,804479553,-97.77498580484293,30.6230594209177,jbspiritous@gmail.com,false,2026-03-10 03:44,189.4 secs,CEO: Mapbox Satellite w/ Labels,,POINT(-97.77498580484293 30.6230594209177),50,,Trees
119,17046,804479554,-97.77498580484293,30.623149252613146,jbspiritous@gmail.com,false,2026-03-10 03:44,189.4 secs,CEO: Mapbox Satellite w/ Labels,,POINT(-97.77498580484293 30.623149252613146),50,,Trees
119,17047,804479555,-97.77498580484293,30.62323908422519,jbspiritous@gmail.com,false,2026-03-10 03:44,189.4 secs,CEO: Mapbox Satellite w/ Labels,,POINT(-97.77498580484293 30.62323908422519),50,,Trees
119,17048,804479556,-97.77498580484293,30.623328915753916,jbspiritous@gmail.com,false,2026-03-10 03:44,189.4 secs,CEO: Mapbox Satellite w/ Labels,,POINT(-97.77498580484293 30.623328915753916),50,,Trees
119,17049,804479557,-97.77498580484293,30.62341874719921,jbspiritous@gmail.com,false,2026-03-10 03:44,189.4 secs,CEO: Mapbox Satellite w/ Labels,,POINT(-97.77498580484293 30.62341874719921),50,,Trees
119,17050,804479558,-97.77498580484293,30.623508578561186,jbspiritous@gmail.com,false,2026-03-10 03:44,189.4 secs,CEO: Mapbox Satellite w/ Labels,,POINT(-97.77498580484293 30.623508578561186),50,,Trees
119,17051,804479559,-97.77498580484293,30.623598409839772,jbspiritous@gmail.com,false,2026-03-10 03:44,189.4 secs,CEO: Mapbox Satellite w/ Labels,,POINT(-97.77498580484293 30.623598409839772),50,,Trees
119,17052,804479560,-97.77498580484293,30.623688241034955,jbspiritous@gmail.com,false,2026-03-10 03:44,189.4 secs,CEO: Mapbox Satellite w/ Labels,,POINT(-97.77498580484293 30.623688241034955),50,,Trees
119,17053,804479561,-97.77488141452876,30.62287975727672,jbspiritous@gmail.com,false,2026-03-10 03:44,189.4 secs,CEO: Mapbox Satellite w/ Labels,,POINT(-97.77488141452876 30.62287975727672),50,,Trees
119,17054,804479562,-97.77488141452876,30.622969589138904,jbspiritous@gmail.com,false,2026-03-10 03:44,189.4 secs,CEO: Mapbox Satellite w/ Labels,,POINT(-97.77488141452876 30.622969589138904),50,,Trees
119,17055,804479563,-97.77488141452876,30.6230594209177,jbspiritous@gmail.com,false,2026-03-10 03:44,189.4 secs,CEO: Mapbox Satellite w/ Labels,,POINT(-97.77488141452876 30.6230594209177),50,,Trees
119,17056,804479564,-97.77488141452876,30.623149252613146,jbspiritous@gmail.com,false,2026-03-10 03:44,189.4 secs,CEO: Mapbox Satellite w/ Labels,,POINT(-97.77488141452876 30.623149252613146),50,,Trees
119,17057,804479565,-97.77488141452876,30.62323908422519,jbspiritous@gmail.com,false,2026-03-10 03:44,189.4 secs,CEO: Mapbox Satellite w/ Labels,,POINT(-97.77488141452876 30.62323908422519),50,,Trees
119,17058,804479566,-97.77488141452876,30.623328915753916,jbspiritous@gmail.com,false,2026-03-10 03:44,189.4 secs,CEO: Mapbox Satellite w/ Labels,,POINT(-97.77488141452876 30.623328915753916),50,,Trees
119,17059,804479567,-97.77488141452876,30.62341874719921,jbspiritous@gmail.com,false,2026-03-10 03:44,189.4 secs,CEO: Mapbox Satellite w/ Labels,,POINT(-97.77488141452876 30.62341874719921),50,,Trees
119,17060,804479568,-97.77488141452876,30.623508578561186,jbspiritous@gmail.com,false,2026-03-10 03:44,189.4 secs,CEO: Mapbox Satellite w/ Labels,,POINT(-97.77488141452876 30.623508578561186),50,,Trees
119,17061,804479569,-97.77488141452876,30.623598409839772,jbspiritous@gmail.com,false,2026-03-10 03:44,189.4 secs,CEO: Mapbox Satellite w/ Labels,,POINT(-97.77488141452876 30.623598409839772),50,,Trees
119,17062,804479570,-97.77488141452876,30.623688241034955,jbspiritous@gmail.com,false,2026-03-10 03:44,189.4 secs,CEO: Mapbox Satellite w/ Labels,,POINT(-97.77488141452876 30.623688241034955),50,,Trees
119,17063,804479571,-97.77477702421463,30.62287975727672,jbspiritous@gmail.com,false,2026-03-10 03:44,189.4 secs,CEO: Mapbox Satellite w/ Labels,,POINT(-97.77477702421463 30.62287975727672),50,,Trees
119,17064,804479572,-97.77477702421463,30.622969589138904,jbspiritous@gmail.com,false,2026-03-10 03:44,189.4 secs,CEO: Mapbox Satellite w/ Labels,,POINT(-97.77477702421463 30.622969589138904),50,,Trees
119,17065,804479573,-97.77477702421463,30.6230594209177,jbspiritous@gmail.com,false,2026-03-10 03:44,189.4 secs,CEO: Mapbox Satellite w/ Labels,,POINT(-97.77477702421463 30.6230594209177),50,,Trees
119,17066,804479574,-97.77477702421463,30.623149252613146,jbspiritous@gmail.com,false,2026-03-10 03:44,189.4 secs,CEO: Mapbox Satellite w/ Labels,,POINT(-97.77477702421463 30.623149252613146),50,,Trees
119,17067,804479575,-97.77477702421463,30.62323908422519,jbspiritous@gmail.com,false,2026-03-10 03:44,189.4 secs,CEO: Mapbox Satellite w/ Labels,,POINT(-97.77477702421463 30.62323908422519),50,,Trees
119,17068,804479576,-97.77477702421463,30.623328915753916,jbspiritous@gmail.com,false,2026-03-10 03:44,189.4 secs,CEO: Mapbox Satellite w/ Labels,,POINT(-97.77477702421463 30.623328915753916),50,,Trees
119,17069,804479577,-97.77477702421463,30.62341874719921,jbspiritous@gmail.com,false,2026-03-10 03:44,189.4 secs,CEO: Mapbox Satellite w/ Labels,,POINT(-97.77477702421463 30.62341874719921),50,,Trees
119,17070,804479578,-97.77477702421463,30.623508578561186,jbspiritous@gmail.com,false,2026-03-10 03:44,189.4 secs,CEO: Mapbox Satellite w/ Labels,,POINT(-97.77477702421463 30.623508578561186),50,,Trees
119,17071,804479579,-97.77477702421463,30.623598409839772,jbspiritous@gmail.com,false,2026-03-10 03:44,189.4 secs,CEO: Mapbox Satellite w/ Labels,,POINT(-97.77477702421463 30.623598409839772),50,,Trees
119,17072,804479580,-97.77477702421463,30.623688241034955,jbspiritous@gmail.com,false,2026-03-10 03:44,189.4 secs,CEO: Mapbox Satellite w/ Labels,,POINT(-97.77477702421463 30.623688241034955),50,,Trees
119,17073,804479581,-97.77467263390048,30.62287975727672,jbspiritous@gmail.com,false,2026-03-10 03:44,189.4 secs,CEO: Mapbox Satellite w/ Labels,,POINT(-97.77467263390048 30.62287975727672),50,,Trees
119,17074,804479582,-97.77467263390048,30.622969589138904,jbspiritous@gmail.com,false,2026-03-10 03:44,189.4 secs,CEO: Mapbox Satellite w/ Labels,,POINT(-97.77467263390048 30.622969589138904),50,,Trees
119,17075,804479583,-97.77467263390048,30.6230594209177,jbspiritous@gmail.com,false,2026-03-10 03:44,189.4 secs,CEO: Mapbox Satellite w/ Labels,,POINT(-97.77467263390048 30.6230594209177),50,,Trees
119,17076,804479584,-97.77467263390048,30.623149252613146,jbspiritous@gmail.com,false,2026-03-10 03:44,189.4 secs,CEO: Mapbox Satellite w/ Labels,,POINT(-97.77467263390048 30.623149252613146),50,,Trees
119,17077,804479585,-97.77467263390048,30.62323908422519,jbspiritous@gmail.com,false,2026-03-10 03:44,189.4 secs,CEO: Mapbox Satellite w/ Labels,,POINT(-97.77467263390048 30.62323908422519),50,,Trees
119,17078,804479586,-97.77467263390048,30.623328915753916,jbspiritous@gmail.com,false,2026-03-10 03:44,189.4 secs,CEO: Mapbox Satellite w/ Labels,,POINT(-97.77467263390048 30.623328915753916),50,,Trees
119,17079,804479587,-97.77467263390048,30.62341874719921,jbspiritous@gmail.com,false,2026-03-10 03:44,189.4 secs,CEO: Mapbox Satellite w/ Labels,,POINT(-97.77467263390048 30.62341874719921),50,,Trees
119,17080,804479588,-97.77467263390048,30.623508578561186,jbspiritous@gmail.com,false,2026-03-10 03:44,189.4 secs,CEO: Mapbox Satellite w/ Labels,,POINT(-97.77467263390048 30.623508578561186),50,,Trees
119,17081,804479589,-97.77467263390048,30.623598409839772,jbspiritous@gmail.com,false,2026-03-10 03:44,189.4 secs,CEO: Mapbox Satellite w/ Labels,,POINT(-97.77467263390048 30.623598409839772),50,,Trees
119,17082,804479590,-97.77467263390048,30.623688241034955,jbspiritous@gmail.com,false,2026-03-10 03:44,189.4 secs,CEO: Mapbox Satellite w/ Labels,,POINT(-97.77467263390048 30.623688241034955),50,,Trees
119,17083,804479591,-97.77456824358634,30.62287975727672,jbspiritous@gmail.com,false,2026-03-10 03:44,189.4 secs,CEO: Mapbox Satellite w/ Labels,,POINT(-97.77456824358634 30.62287975727672),50,,Trees
119,17084,804479592,-97.77456824358634,30.622969589138904,jbspiritous@gmail.com,false,2026-03-10 03:44,189.4 secs,CEO: Mapbox Satellite w/ Labels,,POINT(-97.77456824358634 30.622969589138904),50,,Trees
119,17085,804479593,-97.77456824358634,30.6230594209177,jbspiritous@gmail.com,false,2026-03-10 03:44,189.4 secs,CEO: Mapbox Satellite w/ Labels,,POINT(-97.77456824358634 30.6230594209177),50,,Trees
119,17086,804479594,-97.77456824358634,30.623149252613146,jbspiritous@gmail.com,false,2026-03-10 03:44,189.4 secs,CEO: Mapbox Satellite w/ Labels,,POINT(-97.77456824358634 30.623149252613146),50,,Trees
119,17087,804479595,-97.77456824358634,30.62323908422519,jbspiritous@gmail.com,false,2026-03-10 03:44,189.4 secs,CEO: Mapbox Satellite w/ Labels,,POINT(-97.77456824358634 30.62323908422519),50,,Trees
119,17088,804479596,-97.77456824358634,30.623328915753916,jbspiritous@gmail.com,false,2026-03-10 03:44,189.4 secs,CEO: Mapbox Satellite w/ Labels,,POINT(-97.77456824358634 30.623328915753916),50,,Trees
119,17089,804479597,-97.77456824358634,30.62341874719921,jbspiritous@gmail.com,false,2026-03-10 03:44,189.4 secs,CEO: Mapbox Satellite w/ Labels,,POINT(-97.77456824358634 30.62341874719921),50,,Trees
119,17090,804479598,-97.77456824358634,30.623508578561186,jbspiritous@gmail.com,false,2026-03-10 03:44,189.4 secs,CEO: Mapbox Satellite w/ Labels,,POINT(-97.77456824358634 30.623508578561186),50,,Trees
119,17091,804479599,-97.77456824358634,30.623598409839772,jbspiritous@gmail.com,false,2026-03-10 03:44,189.4 secs,CEO: Mapbox Satellite w/ Labels,,POINT(-97.77456824358634 30.623598409839772),50,,Trees
119,17092,804479600,-97.77456824358634,30.623688241034955,jbspiritous@gmail.com,false,2026-03-10 03:44,189.4 secs,CEO: Mapbox Satellite w/ Labels,,POINT(-97.77456824358634 30.623688241034955),50,,Trees
120,17137,804479601,-97.77550777824119,30.627376757276608,jbspiritous@gmail.com,false,2026-03-10 03:51,471.5 secs,CEO: Mapbox Satellite w/ Labels,,POINT(-97.77550777824119 30.627376757276608),50,,Trees
120,17138,804479602,-97.77550777824119,30.627466589138834,jbspiritous@gmail.com,false,2026-03-10 03:51,471.5 secs,CEO: Mapbox Satellite w/ Labels,,POINT(-97.77550777824119 30.627466589138834),50,,Trees
120,17139,804479603,-97.77550777824119,30.627556420917685,jbspiritous@gmail.com,false,2026-03-10 03:51,471.5 secs,CEO: Mapbox Satellite w/ Labels,,POINT(-97.77550777824119 30.627556420917685),50,,Barren
120,17140,804479604,-97.77550777824119,30.62764625261316,jbspiritous@gmail.com,false,2026-03-10 03:51,471.5 secs,CEO: Mapbox Satellite w/ Labels,,POINT(-97.77550777824119 30.62764625261316),50,,Trees
120,17141,804479605,-97.77550777824119,30.627736084225234,jbspiritous@gmail.com,false,2026-03-10 03:51,471.5 secs,CEO: Mapbox Satellite w/ Labels,,POINT(-97.77550777824119 30.627736084225234),50,,Trees
120,17142,804479606,-97.77550777824119,30.62782591575393,jbspiritous@gmail.com,false,2026-03-10 03:51,471.5 secs,CEO: Mapbox Satellite w/ Labels,,POINT(-97.77550777824119 30.62782591575393),50,,Barren
120,17143,804479607,-97.77550777824119,30.62791574719924,jbspiritous@gmail.com,false,2026-03-10 03:51,471.5 secs,CEO: Mapbox Satellite w/ Labels,,POINT(-97.77550777824119 30.62791574719924),50,,Barren
120,17144,804479608,-97.77550777824119,30.628005578561158,jbspiritous@gmail.com,false,2026-03-10 03:51,471.5 secs,CEO: Mapbox Satellite w/ Labels,,POINT(-97.77550777824119 30.628005578561158),50,,Barren
120,17145,804479609,-97.77550777824119,30.628095409839673,jbspiritous@gmail.com,false,2026-03-10 03:51,471.5 secs,CEO: Mapbox Satellite w/ Labels,,POINT(-97.77550777824119 30.628095409839673),50,,Barren
120,17146,804479610,-97.77550777824119,30.628185241034856,jbspiritous@gmail.com,false,2026-03-10 03:51,471.5 secs,CEO: Mapbox Satellite w/ Labels,,POINT(-97.77550777824119 30.628185241034856),50,,Barren
120,17147,804479611,-97.77540338307648,30.627376757276608,jbspiritous@gmail.com,false,2026-03-10 03:51,471.5 secs,CEO: Mapbox Satellite w/ Labels,,POINT(-97.77540338307648 30.627376757276608),50,,Trees
120,17148,804479612,-97.77540338307648,30.627466589138834,jbspiritous@gmail.com,false,2026-03-10 03:51,471.5 secs,CEO: Mapbox Satellite w/ Labels,,POINT(-97.77540338307648 30.627466589138834),50,,Trees
120,17149,804479613,-97.77540338307648,30.627556420917685,jbspiritous@gmail.com,false,2026-03-10 03:51,471.5 secs,CEO: Mapbox Satellite w/ Labels,,POINT(-97.77540338307648 30.627556420917685),50,,Trees
120,17150,804479614,-97.77540338307648,30.62764625261316,jbspiritous@gmail.com,false,2026-03-10 03:51,471.5 secs,CEO: Mapbox Satellite w/ Labels,,POINT(-97.77540338307648 30.62764625261316),50,,Trees
120,17151,804479615,-97.77540338307648,30.627736084225234,jbspiritous@gmail.com,false,2026-03-10 03:51,471.5 secs,CEO: Mapbox Satellite w/ Labels,,POINT(-97.77540338307648 30.627736084225234),50,,Trees
120,17152,804479616,-97.77540338307648,30.62782591575393,jbspiritous@gmail.com,false,2026-03-10 03:51,471.5 secs,CEO: Mapbox Satellite w/ Labels,,POINT(-97.77540338307648 30.62782591575393),50,,Trees
120,17153,804479617,-97.77540338307648,30.62791574719924,jbspiritous@gmail.com,false,2026-03-10 03:51,471.5 secs,CEO: Mapbox Satellite w/ Labels,,POINT(-97.77540338307648 30.62791574719924),50,,Barren
120,17154,804479618,-97.77540338307648,30.628005578561158,jbspiritous@gmail.com,false,2026-03-10 03:51,471.5 secs,CEO: Mapbox Satellite w/ Labels,,POINT(-97.77540338307648 30.628005578561158),50,,Trees
120,17155,804479619,-97.77540338307648,30.628095409839673,jbspiritous@gmail.com,false,2026-03-10 03:51,471.5 secs,CEO: Mapbox Satellite w/ Labels,,POINT(-97.77540338307648 30.628095409839673),50,,Trees
120,17156,804479620,-97.77540338307648,30.628185241034856,jbspiritous@gmail.com,false,2026-03-10 03:51,471.5 secs,CEO: Mapbox Satellite w/ Labels,,POINT(-97.77540338307648 30.628185241034856),50,,Barren
120,17157,804479621,-97.77529898791175,30.627376757276608,jbspiritous@gmail.com,false,2026-03-10 03:51,471.5 secs,CEO: Mapbox Satellite w/ Labels,,POINT(-97.77529898791175 30.627376757276608),50,,Grasses
120,17158,804479622,-97.77529898791175,30.627466589138834,jbspiritous@gmail.com,false,2026-03-10 03:51,471.5 secs,CEO: Mapbox Satellite w/ Labels,,POINT(-97.77529898791175 30.627466589138834),50,,Barren
120,17159,804479623,-97.77529898791175,30.627556420917685,jbspiritous@gmail.com,false,2026-03-10 03:51,471.5 secs,CEO: Mapbox Satellite w/ Labels,,POINT(-97.77529898791175 30.627556420917685),50,,Barren
120,17160,804479624,-97.77529898791175,30.62764625261316,jbspiritous@gmail.com,false,2026-03-10 03:51,471.5 secs,CEO: Mapbox Satellite w/ Labels,,POINT(-97.77529898791175 30.62764625261316),50,,Barren
120,17161,804479625,-97.77529898791175,30.627736084225234,jbspiritous@gmail.com,false,2026-03-10 03:51,471.5 secs,CEO: Mapbox Satellite w/ Labels,,POINT(-97.77529898791175 30.627736084225234),50,,Trees
120,17162,804479626,-97.77529898791175,30.62782591575393,jbspiritous@gmail.com,false,2026-03-10 03:51,471.5 secs,CEO: Mapbox Satellite w/ Labels,,POINT(-97.77529898791175 30.62782591575393),50,,Trees
120,17163,804479627,-97.77529898791175,30.62791574719924,jbspiritous@gmail.com,false,2026-03-10 03:51,471.5 secs,CEO: Mapbox Satellite w/ Labels,,POINT(-97.77529898791175 30.62791574719924),50,,Barren
120,17164,804479628,-97.77529898791175,30.628005578561158,jbspiritous@gmail.com,false,2026-03-10 03:51,471.5 secs,CEO: Mapbox Satellite w/ Labels,,POINT(-97.77529898791175 30.628005578561158),50,,Barren
120,17165,804479629,-97.77529898791175,30.628095409839673,jbspiritous@gmail.com,false,2026-03-10 03:51,471.5 secs,CEO: Mapbox Satellite w/ Labels,,POINT(-97.77529898791175 30.628095409839673),50,,Barren
120,17166,804479630,-97.77529898791175,30.628185241034856,jbspiritous@gmail.com,false,2026-03-10 03:51,471.5 secs,CEO: Mapbox Satellite w/ Labels,,POINT(-97.77529898791175 30.628185241034856),50,,Barren
120,17167,804479631,-97.77519459274706,30.627376757276608,jbspiritous@gmail.com,false,2026-03-10 03:51,471.5 secs,CEO: Mapbox Satellite w/ Labels,,POINT(-97.77519459274706 30.627376757276608),50,,Grasses
120,17168,804479632,-97.77519459274706,30.627466589138834,jbspiritous@gmail.com,false,2026-03-10 03:51,471.5 secs,CEO: Mapbox Satellite w/ Labels,,POINT(-97.77519459274706 30.627466589138834),50,,Grasses
120,17169,804479633,-97.77519459274706,30.627556420917685,jbspiritous@gmail.com,false,2026-03-10 03:51,471.5 secs,CEO: Mapbox Satellite w/ Labels,,POINT(-97.77519459274706 30.627556420917685),50,,Grasses
120,17170,804479634,-97.77519459274706,30.62764625261316,jbspiritous@gmail.com,false,2026-03-10 03:51,471.5 secs,CEO: Mapbox Satellite w/ Labels,,POINT(-97.77519459274706 30.62764625261316),50,,Grasses
120,17171,804479635,-97.77519459274706,30.627736084225234,jbspiritous@gmail.com,false,2026-03-10 03:51,471.5 secs,CEO: Mapbox Satellite w/ Labels,,POINT(-97.77519459274706 30.627736084225234),50,,Grasses
120,17172,804479636,-97.77519459274706,30.62782591575393,jbspiritous@gmail.com,false,2026-03-10 03:51,471.5 secs,CEO: Mapbox Satellite w/ Labels,,POINT(-97.77519459274706 30.62782591575393),50,,Trees
120,17173,804479637,-97.77519459274706,30.62791574719924,jbspiritous@gmail.com,false,2026-03-10 03:51,471.5 secs,CEO: Mapbox Satellite w/ Labels,,POINT(-97.77519459274706 30.62791574719924),50,,Trees
120,17174,804479638,-97.77519459274706,30.628005578561158,jbspiritous@gmail.com,false,2026-03-10 03:51,471.5 secs,CEO: Mapbox Satellite w/ Labels,,POINT(-97.77519459274706 30.628005578561158),50,,Barren
120,17175,804479639,-97.77519459274706,30.628095409839673,jbspiritous@gmail.com,false,2026-03-10 03:51,471.5 secs,CEO: Mapbox Satellite w/ Labels,,POINT(-97.77519459274706 30.628095409839673),50,,Barren
120,17176,804479640,-97.77519459274706,30.628185241034856,jbspiritous@gmail.com,false,2026-03-10 03:51,471.5 secs,CEO: Mapbox Satellite w/ Labels,,POINT(-97.77519459274706 30.628185241034856),50,,Barren
120,17177,804479641,-97.77509019758234,30.627376757276608,jbspiritous@gmail.com,false,2026-03-10 03:51,471.5 secs,CEO: Mapbox Satellite w/ Labels,,POINT(-97.77509019758234 30.627376757276608),50,,Water
120,17178,804479642,-97.77509019758234,30.627466589138834,jbspiritous@gmail.com,false,2026-03-10 03:51,471.5 secs,CEO: Mapbox Satellite w/ Labels,,POINT(-97.77509019758234 30.627466589138834),50,,Grasses
120,17179,804479643,-97.77509019758234,30.627556420917685,jbspiritous@gmail.com,false,2026-03-10 03:51,471.5 secs,CEO: Mapbox Satellite w/ Labels,,POINT(-97.77509019758234 30.627556420917685),50,,Grasses
120,17180,804479644,-97.77509019758234,30.62764625261316,jbspiritous@gmail.com,false,2026-03-10 03:51,471.5 secs,CEO: Mapbox Satellite w/ Labels,,POINT(-97.77509019758234 30.62764625261316),50,,Grasses
120,17181,804479645,-97.77509019758234,30.627736084225234,jbspiritous@gmail.com,false,2026-03-10 03:51,471.5 secs,CEO: Mapbox Satellite w/ Labels,,POINT(-97.77509019758234 30.627736084225234),50,,Grasses
120,17182,804479646,-97.77509019758234,30.62782591575393,jbspiritous@gmail.com,false,2026-03-10 03:51,471.5 secs,CEO: Mapbox Satellite w/ Labels,,POINT(-97.77509019758234 30.62782591575393),50,,Grasses
120,17183,804479647,-97.77509019758234,30.62791574719924,jbspiritous@gmail.com,false,2026-03-10 03:51,471.5 secs,CEO: Mapbox Satellite w/ Labels,,POINT(-97.77509019758234 30.62791574719924),50,,Grasses
120,17184,804479648,-97.77509019758234,30.628005578561158,jbspiritous@gmail.com,false,2026-03-10 03:51,471.5 secs,CEO: Mapbox Satellite w/ Labels,,POINT(-97.77509019758234 30.628005578561158),50,,Grasses
120,17185,804479649,-97.77509019758234,30.628095409839673,jbspiritous@gmail.com,false,2026-03-10 03:51,471.5 secs,CEO: Mapbox Satellite w/ Labels,,POINT(-97.77509019758234 30.628095409839673),50,,Grasses
120,17186,804479650,-97.77509019758234,30.628185241034856,jbspiritous@gmail.com,false,2026-03-10 03:51,471.5 secs,CEO: Mapbox Satellite w/ Labels,,POINT(-97.77509019758234 30.628185241034856),50,,Grasses
120,17187,804479651,-97.77498580241763,30.627376757276608,jbspiritous@gmail.com,false,2026-03-10 03:51,471.5 secs,CEO: Mapbox Satellite w/ Labels,,POINT(-97.77498580241763 30.627376757276608),50,,Grasses
120,17188,804479652,-97.77498580241763,30.627466589138834,jbspiritous@gmail.com,false,2026-03-10 03:51,471.5 secs,CEO: Mapbox Satellite w/ Labels,,POINT(-97.77498580241763 30.627466589138834),50,,Grasses
120,17189,804479653,-97.77498580241763,30.627556420917685,jbspiritous@gmail.com,false,2026-03-10 03:51,471.5 secs,CEO: Mapbox Satellite w/ Labels,,POINT(-97.77498580241763 30.627556420917685),50,,Grasses
120,17190,804479654,-97.77498580241763,30.62764625261316,jbspiritous@gmail.com,false,2026-03-10 03:51,471.5 secs,CEO: Mapbox Satellite w/ Labels,,POINT(-97.77498580241763 30.62764625261316),50,,Grasses
120,17191,804479655,-97.77498580241763,30.627736084225234,jbspiritous@gmail.com,false,2026-03-10 03:51,471.5 secs,CEO: Mapbox Satellite w/ Labels,,POINT(-97.77498580241763 30.627736084225234),50,,Grasses
120,17192,804479656,-97.77498580241763,30.62782591575393,jbspiritous@gmail.com,false,2026-03-10 03:51,471.5 secs,CEO: Mapbox Satellite w/ Labels,,POINT(-97.77498580241763 30.62782591575393),50,,Grasses
120,17193,804479657,-97.77498580241763,30.62791574719924,jbspiritous@gmail.com,false,2026-03-10 03:51,471.5 secs,CEO: Mapbox Satellite w/ Labels,,POINT(-97.77498580241763 30.62791574719924),50,,Grasses
120,17194,804479658,-97.77498580241763,30.628005578561158,jbspiritous@gmail.com,false,2026-03-10 03:51,471.5 secs,CEO: Mapbox Satellite w/ Labels,,POINT(-97.77498580241763 30.628005578561158),50,,Barren
120,17195,804479659,-97.77498580241763,30.628095409839673,jbspiritous@gmail.com,false,2026-03-10 03:51,471.5 secs,CEO: Mapbox Satellite w/ Labels,,POINT(-97.77498580241763 30.628095409839673),50,,Barren
120,17196,804479660,-97.77498580241763,30.628185241034856,jbspiritous@gmail.com,false,2026-03-10 03:51,471.5 secs,CEO: Mapbox Satellite w/ Labels,,POINT(-97.77498580241763 30.628185241034856),50,,Barren
120,17197,804479661,-97.77488140725292,30.627376757276608,jbspiritous@gmail.com,false,2026-03-10 03:51,471.5 secs,CEO: Mapbox Satellite w/ Labels,,POINT(-97.77488140725292 30.627376757276608),50,,Grasses
120,17198,804479662,-97.77488140725292,30.627466589138834,jbspiritous@gmail.com,false,2026-03-10 03:51,471.5 secs,CEO: Mapbox Satellite w/ Labels,,POINT(-97.77488140725292 30.627466589138834),50,,Barren
120,17199,804479663,-97.77488140725292,30.627556420917685,jbspiritous@gmail.com,false,2026-03-10 03:51,471.5 secs,CEO: Mapbox Satellite w/ Labels,,POINT(-97.77488140725292 30.627556420917685),50,,Barren
120,17200,804479664,-97.77488140725292,30.62764625261316,jbspiritous@gmail.com,false,2026-03-10 03:51,471.5 secs,CEO: Mapbox Satellite w/ Labels,,POINT(-97.77488140725292 30.62764625261316),50,,Barren
120,17201,804479665,-97.77488140725292,30.627736084225234,jbspiritous@gmail.com,false,2026-03-10 03:51,471.5 secs,CEO: Mapbox Satellite w/ Labels,,POINT(-97.77488140725292 30.627736084225234),50,,Barren
120,17202,804479666,-97.77488140725292,30.62782591575393,jbspiritous@gmail.com,false,2026-03-10 03:51,471.5 secs,CEO: Mapbox Satellite w/ Labels,,POINT(-97.77488140725292 30.62782591575393),50,,Barren
120,17203,804479667,-97.77488140725292,30.62791574719924,jbspiritous@gmail.com,false,2026-03-10 03:51,471.5 secs,CEO: Mapbox Satellite w/ Labels,,POINT(-97.77488140725292 30.62791574719924),50,,Barren
120,17204,804479668,-97.77488140725292,30.628005578561158,jbspiritous@gmail.com,false,2026-03-10 03:51,471.5 secs,CEO: Mapbox Satellite w/ Labels,,POINT(-97.77488140725292 30.628005578561158),50,,Barren
120,17205,804479669,-97.77488140725292,30.628095409839673,jbspiritous@gmail.com,false,2026-03-10 03:51,471.5 secs,CEO: Mapbox Satellite w/ Labels,,POINT(-97.77488140725292 30.628095409839673),50,,Barren
120,17206,804479670,-97.77488140725292,30.628185241034856,jbspiritous@gmail.com,false,2026-03-10 03:51,471.5 secs,CEO: Mapbox Satellite w/ Labels,,POINT(-97.77488140725292 30.628185241034856),50,,Barren
120,17207,804479671,-97.77477701208822,30.627376757276608,jbspiritous@gmail.com,false,2026-03-10 03:51,471.5 secs,CEO: Mapbox Satellite w/ Labels,,POINT(-97.77477701208822 30.627376757276608),50,,Barren
120,17208,804479672,-97.77477701208822,30.627466589138834,jbspiritous@gmail.com,false,2026-03-10 03:51,471.5 secs,CEO: Mapbox Satellite w/ Labels,,POINT(-97.77477701208822 30.627466589138834),50,,Barren
120,17209,804479673,-97.77477701208822,30.627556420917685,jbspiritous@gmail.com,false,2026-03-10 03:51,471.5 secs,CEO: Mapbox Satellite w/ Labels,,POINT(-97.77477701208822 30.627556420917685),50,,Barren
120,17210,804479674,-97.77477701208822,30.62764625261316,jbspiritous@gmail.com,false,2026-03-10 03:51,471.5 secs,CEO: Mapbox Satellite w/ Labels,,POINT(-97.77477701208822 30.62764625261316),50,,Barren
120,17211,804479675,-97.77477701208822,30.627736084225234,jbspiritous@gmail.com,false,2026-03-10 03:51,471.5 secs,CEO: Mapbox Satellite w/ Labels,,POINT(-97.77477701208822 30.627736084225234),50,,Barren
120,17212,804479676,-97.77477701208822,30.62782591575393,jbspiritous@gmail.com,false,2026-03-10 03:51,471.5 secs,CEO: Mapbox Satellite w/ Labels,,POINT(-97.77477701208822 30.62782591575393),50,,Barren
120,17213,804479677,-97.77477701208822,30.62791574719924,jbspiritous@gmail.com,false,2026-03-10 03:51,471.5 secs,CEO: Mapbox Satellite w/ Labels,,POINT(-97.77477701208822 30.62791574719924),50,,Barren
120,17214,804479678,-97.77477701208822,30.628005578561158,jbspiritous@gmail.com,false,2026-03-10 03:51,471.5 secs,CEO: Mapbox Satellite w/ Labels,,POINT(-97.77477701208822 30.628005578561158),50,,Barren
120,17215,804479679,-97.77477701208822,30.628095409839673,jbspiritous@gmail.com,false,2026-03-10 03:51,471.5 secs,CEO: Mapbox Satellite w/ Labels,,POINT(-97.77477701208822 30.628095409839673),50,,Barren
120,17216,804479680,-97.77477701208822,30.628185241034856,jbspiritous@gmail.com,false,2026-03-10 03:51,471.5 secs,CEO: Mapbox Satellite w/ Labels,,POINT(-97.77477701208822 30.628185241034856),50,,Barren
120,17217,804479681,-97.7746726169235,30.627376757276608,jbspiritous@gmail.com,false,2026-03-10 03:51,471.5 secs,CEO: Mapbox Satellite w/ Labels,,POINT(-97.7746726169235 30.627376757276608),50,,Barren
120,17218,804479682,-97.7746726169235,30.627466589138834,jbspiritous@gmail.com,false,2026-03-10 03:51,471.5 secs,CEO: Mapbox Satellite w/ Labels,,POINT(-97.7746726169235 30.627466589138834),50,,Barren
120,17219,804479683,-97.7746726169235,30.627556420917685,jbspiritous@gmail.com,false,2026-03-10 03:51,471.5 secs,CEO: Mapbox Satellite w/ Labels,,POINT(-97.7746726169235 30.627556420917685),50,,Barren
120,17220,804479684,-97.7746726169235,30.62764625261316,jbspiritous@gmail.com,false,2026-03-10 03:51,471.5 secs,CEO: Mapbox Satellite w/ Labels,,POINT(-97.7746726169235 30.62764625261316),50,,Barren
120,17221,804479685,-97.7746726169235,30.627736084225234,jbspiritous@gmail.com,false,2026-03-10 03:51,471.5 secs,CEO: Mapbox Satellite w/ Labels,,POINT(-97.7746726169235 30.627736084225234),50,,Barren
120,17222,804479686,-97.7746726169235,30.62782591575393,jbspiritous@gmail.com,false,2026-03-10 03:51,471.5 secs,CEO: Mapbox Satellite w/ Labels,,POINT(-97.7746726169235 30.62782591575393),50,,Barren
120,17223,804479687,-97.7746726169235,30.62791574719924,jbspiritous@gmail.com,false,2026-03-10 03:51,471.5 secs,CEO: Mapbox Satellite w/ Labels,,POINT(-97.7746726169235 30.62791574719924),50,,Barren
120,17224,804479688,-97.7746726169235,30.628005578561158,jbspiritous@gmail.com,false,2026-03-10 03:51,471.5 secs,CEO: Mapbox Satellite w/ Labels,,POINT(-97.7746726169235 30.628005578561158),50,,Barren
120,17225,804479689,-97.7746726169235,30.628095409839673,jbspiritous@gmail.com,false,2026-03-10 03:51,471.5 secs,CEO: Mapbox Satellite w/ Labels,,POINT(-97.7746726169235 30.628095409839673),50,,Barren
120,17226,804479690,-97.7746726169235,30.628185241034856,jbspiritous@gmail.com,false,2026-03-10 03:51,471.5 secs,CEO: Mapbox Satellite w/ Labels,,POINT(-97.7746726169235 30.628185241034856),50,,Barren
120,17227,804479691,-97.77456822175878,30.627376757276608,jbspiritous@gmail.com,false,2026-03-10 03:51,471.5 secs,CEO: Mapbox Satellite w/ Labels,,POINT(-97.77456822175878 30.627376757276608),50,,Barren
120,17228,804479692,-97.77456822175878,30.627466589138834,jbspiritous@gmail.com,false,2026-03-10 03:51,471.5 secs,CEO: Mapbox Satellite w/ Labels,,POINT(-97.77456822175878 30.627466589138834),50,,Barren
120,17229,804479693,-97.77456822175878,30.627556420917685,jbspiritous@gmail.com,false,2026-03-10 03:51,471.5 secs,CEO: Mapbox Satellite w/ Labels,,POINT(-97.77456822175878 30.627556420917685),50,,Barren
120,17230,804479694,-97.77456822175878,30.62764625261316,jbspiritous@gmail.com,false,2026-03-10 03:51,471.5 secs,CEO: Mapbox Satellite w/ Labels,,POINT(-97.77456822175878 30.62764625261316),50,,Barren
120,17231,804479695,-97.77456822175878,30.627736084225234,jbspiritous@gmail.com,false,2026-03-10 03:51,471.5 secs,CEO: Mapbox Satellite w/ Labels,,POINT(-97.77456822175878 30.627736084225234),50,,Barren
120,17232,804479696,-97.77456822175878,30.62782591575393,jbspiritous@gmail.com,false,2026-03-10 03:51,471.5 secs,CEO: Mapbox Satellite w/ Labels,,POINT(-97.77456822175878 30.62782591575393),50,,Barren
120,17233,804479697,-97.77456822175878,30.62791574719924,jbspiritous@gmail.com,false,2026-03-10 03:51,471.5 secs,CEO: Mapbox Satellite w/ Labels,,POINT(-97.77456822175878 30.62791574719924),50,,Trees
120,17234,804479698,-97.77456822175878,30.628005578561158,jbspiritous@gmail.com,false,2026-03-10 03:51,471.5 secs,CEO: Mapbox Satellite w/ Labels,,POINT(-97.77456822175878 30.628005578561158),50,,Trees
120,17235,804479699,-97.77456822175878,30.628095409839673,jbspiritous@gmail.com,false,2026-03-10 03:51,471.5 secs,CEO: Mapbox Satellite w/ Labels,,POINT(-97.77456822175878 30.628095409839673),50,,Barren
120,17236,804479700,-97.77456822175878,30.628185241034856,jbspiritous@gmail.com,false,2026-03-10 03:51,471.5 secs,CEO: Mapbox Satellite w/ Labels,,POINT(-97.77456822175878 30.628185241034856),50,,Trees
121,17281,804479701,-97.77550780007364,30.631873757276438,jbspiritous@gmail.com,false,2026-03-10 03:55,183.1 secs,CEO: Mapbox Satellite w/ Labels,,POINT(-97.77550780007364 30.631873757276438),50,,Trees
121,17282,804479702,-97.77550780007364,30.63196358913875,jbspiritous@gmail.com,false,2026-03-10 03:55,183.1 secs,CEO: Mapbox Satellite w/ Labels,,POINT(-97.77550780007364 30.63196358913875),50,,Trees
121,17283,804479703,-97.77550780007364,30.632053420917643,jbspiritous@gmail.com,false,2026-03-10 03:55,183.1 secs,CEO: Mapbox Satellite w/ Labels,,POINT(-97.77550780007364 30.632053420917643),50,,Grasses
121,17284,804479704,-97.77550780007364,30.632143252613147,jbspiritous@gmail.com,false,2026-03-10 03:55,183.1 secs,CEO: Mapbox Satellite w/ Labels,,POINT(-97.77550780007364 30.632143252613147),50,,Trees
121,17285,804479705,-97.77550780007364,30.632233084225234,jbspiritous@gmail.com,false,2026-03-10 03:55,183.1 secs,CEO: Mapbox Satellite w/ Labels,,POINT(-97.77550780007364 30.632233084225234),50,,Trees
121,17286,804479706,-97.77550780007364,30.63232291575393,jbspiritous@gmail.com,false,2026-03-10 03:55,183.1 secs,CEO: Mapbox Satellite w/ Labels,,POINT(-97.77550780007364 30.63232291575393),50,,Trees
121,17287,804479707,-97.77550780007364,30.63241274719921,jbspiritous@gmail.com,false,2026-03-10 03:55,183.1 secs,CEO: Mapbox Satellite w/ Labels,,POINT(-97.77550780007364 30.63241274719921),50,,Trees
121,17288,804479708,-97.77550780007364,30.632502578561102,jbspiritous@gmail.com,false,2026-03-10 03:55,183.1 secs,CEO: Mapbox Satellite w/ Labels,,POINT(-97.77550780007364 30.632502578561102),50,,Trees
121,17289,804479709,-97.77550780007364,30.632592409839603,jbspiritous@gmail.com,false,2026-03-10 03:55,183.1 secs,CEO: Mapbox Satellite w/ Labels,,POINT(-97.77550780007364 30.632592409839603),50,,Trees
121,17290,804479710,-97.77550780007364,30.6326822410347,jbspiritous@gmail.com,false,2026-03-10 03:55,183.1 secs,CEO: Mapbox Satellite w/ Labels,,POINT(-97.77550780007364 30.6326822410347),50,,Trees
121,17291,804479711,-97.77540340005727,30.631873757276438,jbspiritous@gmail.com,false,2026-03-10 03:55,183.1 secs,CEO: Mapbox Satellite w/ Labels,,POINT(-97.77540340005727 30.631873757276438),50,,Trees
121,17292,804479712,-97.77540340005727,30.63196358913875,jbspiritous@gmail.com,false,2026-03-10 03:55,183.1 secs,CEO: Mapbox Satellite w/ Labels,,POINT(-97.77540340005727 30.63196358913875),50,,Trees
121,17293,804479713,-97.77540340005727,30.632053420917643,jbspiritous@gmail.com,false,2026-03-10 03:55,183.1 secs,CEO: Mapbox Satellite w/ Labels,,POINT(-97.77540340005727 30.632053420917643),50,,Trees
121,17294,804479714,-97.77540340005727,30.632143252613147,jbspiritous@gmail.com,false,2026-03-10 03:55,183.1 secs,CEO: Mapbox Satellite w/ Labels,,POINT(-97.77540340005727 30.632143252613147),50,,Trees
121,17295,804479715,-97.77540340005727,30.632233084225234,jbspiritous@gmail.com,false,2026-03-10 03:55,183.1 secs,CEO: Mapbox Satellite w/ Labels,,POINT(-97.77540340005727 30.632233084225234),50,,Grasses
121,17296,804479716,-97.77540340005727,30.63232291575393,jbspiritous@gmail.com,false,2026-03-10 03:55,183.1 secs,CEO: Mapbox Satellite w/ Labels,,POINT(-97.77540340005727 30.63232291575393),50,,Trees
121,17297,804479717,-97.77540340005727,30.63241274719921,jbspiritous@gmail.com,false,2026-03-10 03:55,183.1 secs,CEO: Mapbox Satellite w/ Labels,,POINT(-97.77540340005727 30.63241274719921),50,,Trees
121,17298,804479718,-97.77540340005727,30.632502578561102,jbspiritous@gmail.com,false,2026-03-10 03:55,183.1 secs,CEO: Mapbox Satellite w/ Labels,,POINT(-97.77540340005727 30.632502578561102),50,,Trees
121,17299,804479719,-97.77540340005727,30.632592409839603,jbspiritous@gmail.com,false,2026-03-10 03:55,183.1 secs,CEO: Mapbox Satellite w/ Labels,,POINT(-97.77540340005727 30.632592409839603),50,,Trees
121,17300,804479720,-97.77540340005727,30.6326822410347,jbspiritous@gmail.com,false,2026-03-10 03:55,183.1 secs,CEO: Mapbox Satellite w/ Labels,,POINT(-97.77540340005727 30.6326822410347),50,,Trees
121,17301,804479721,-97.77529900004089,30.631873757276438,jbspiritous@gmail.com,false,2026-03-10 03:55,183.1 secs,CEO: Mapbox Satellite w/ Labels,,POINT(-97.77529900004089 30.631873757276438),50,,Trees
121,17302,804479722,-97.77529900004089,30.63196358913875,jbspiritous@gmail.com,false,2026-03-10 03:55,183.1 secs,CEO: Mapbox Satellite w/ Labels,,POINT(-97.77529900004089 30.63196358913875),50,,Trees
121,17303,804479723,-97.77529900004089,30.632053420917643,jbspiritous@gmail.com,false,2026-03-10 03:55,183.1 secs,CEO: Mapbox Satellite w/ Labels,,POINT(-97.77529900004089 30.632053420917643),50,,Trees
121,17304,804479724,-97.77529900004089,30.632143252613147,jbspiritous@gmail.com,false,2026-03-10 03:55,183.1 secs,CEO: Mapbox Satellite w/ Labels,,POINT(-97.77529900004089 30.632143252613147),50,,Grasses
121,17305,804479725,-97.77529900004089,30.632233084225234,jbspiritous@gmail.com,false,2026-03-10 03:55,183.1 secs,CEO: Mapbox Satellite w/ Labels,,POINT(-97.77529900004089 30.632233084225234),50,,Trees
121,17306,804479726,-97.77529900004089,30.63232291575393,jbspiritous@gmail.com,false,2026-03-10 03:55,183.1 secs,CEO: Mapbox Satellite w/ Labels,,POINT(-97.77529900004089 30.63232291575393),50,,Trees
121,17307,804479727,-97.77529900004089,30.63241274719921,jbspiritous@gmail.com,false,2026-03-10 03:55,183.1 secs,CEO: Mapbox Satellite w/ Labels,,POINT(-97.77529900004089 30.63241274719921),50,,Trees
121,17308,804479728,-97.77529900004089,30.632502578561102,jbspiritous@gmail.com,false,2026-03-10 03:55,183.1 secs,CEO: Mapbox Satellite w/ Labels,,POINT(-97.77529900004089 30.632502578561102),50,,Trees
121,17309,804479729,-97.77529900004089,30.632592409839603,jbspiritous@gmail.com,false,2026-03-10 03:55,183.1 secs,CEO: Mapbox Satellite w/ Labels,,POINT(-97.77529900004089 30.632592409839603),50,,Trees
121,17310,804479730,-97.77529900004089,30.6326822410347,jbspiritous@gmail.com,false,2026-03-10 03:55,183.1 secs,CEO: Mapbox Satellite w/ Labels,,POINT(-97.77529900004089 30.6326822410347),50,,Grasses
121,17311,804479731,-97.77519460002453,30.631873757276438,jbspiritous@gmail.com,false,2026-03-10 03:55,183.1 secs,CEO: Mapbox Satellite w/ Labels,,POINT(-97.77519460002453 30.631873757276438),50,,Trees
121,17312,804479732,-97.77519460002453,30.63196358913875,jbspiritous@gmail.com,false,2026-03-10 03:55,183.1 secs,CEO: Mapbox Satellite w/ Labels,,POINT(-97.77519460002453 30.63196358913875),50,,Trees
121,17313,804479733,-97.77519460002453,30.632053420917643,jbspiritous@gmail.com,false,2026-03-10 03:55,183.1 secs,CEO: Mapbox Satellite w/ Labels,,POINT(-97.77519460002453 30.632053420917643),50,,Trees
121,17314,804479734,-97.77519460002453,30.632143252613147,jbspiritous@gmail.com,false,2026-03-10 03:55,183.1 secs,CEO: Mapbox Satellite w/ Labels,,POINT(-97.77519460002453 30.632143252613147),50,,Trees
121,17315,804479735,-97.77519460002453,30.632233084225234,jbspiritous@gmail.com,false,2026-03-10 03:55,183.1 secs,CEO: Mapbox Satellite w/ Labels,,POINT(-97.77519460002453 30.632233084225234),50,,Trees
121,17316,804479736,-97.77519460002453,30.63232291575393,jbspiritous@gmail.com,false,2026-03-10 03:55,183.1 secs,CEO: Mapbox Satellite w/ Labels,,POINT(-97.77519460002453 30.63232291575393),50,,Trees
121,17317,804479737,-97.77519460002453,30.63241274719921,jbspiritous@gmail.com,false,2026-03-10 03:55,183.1 secs,CEO: Mapbox Satellite w/ Labels,,POINT(-97.77519460002453 30.63241274719921),50,,Trees
121,17318,804479738,-97.77519460002453,30.632502578561102,jbspiritous@gmail.com,false,2026-03-10 03:55,183.1 secs,CEO: Mapbox Satellite w/ Labels,,POINT(-97.77519460002453 30.632502578561102),50,,Trees
121,17319,804479739,-97.77519460002453,30.632592409839603,jbspiritous@gmail.com,false,2026-03-10 03:55,183.1 secs,CEO: Mapbox Satellite w/ Labels,,POINT(-97.77519460002453 30.632592409839603),50,,Grasses
121,17320,804479740,-97.77519460002453,30.6326822410347,jbspiritous@gmail.com,false,2026-03-10 03:55,183.1 secs,CEO: Mapbox Satellite w/ Labels,,POINT(-97.77519460002453 30.6326822410347),50,,Trees
121,17321,804479741,-97.77509020000817,30.631873757276438,jbspiritous@gmail.com,false,2026-03-10 03:55,183.1 secs,CEO: Mapbox Satellite w/ Labels,,POINT(-97.77509020000817 30.631873757276438),50,,Trees
121,17322,804479742,-97.77509020000817,30.63196358913875,jbspiritous@gmail.com,false,2026-03-10 03:55,183.1 secs,CEO: Mapbox Satellite w/ Labels,,POINT(-97.77509020000817 30.63196358913875),50,,Trees
121,17323,804479743,-97.77509020000817,30.632053420917643,jbspiritous@gmail.com,false,2026-03-10 03:55,183.1 secs,CEO: Mapbox Satellite w/ Labels,,POINT(-97.77509020000817 30.632053420917643),50,,Trees
121,17324,804479744,-97.77509020000817,30.632143252613147,jbspiritous@gmail.com,false,2026-03-10 03:55,183.1 secs,CEO: Mapbox Satellite w/ Labels,,POINT(-97.77509020000817 30.632143252613147),50,,Grasses
121,17325,804479745,-97.77509020000817,30.632233084225234,jbspiritous@gmail.com,false,2026-03-10 03:55,183.1 secs,CEO: Mapbox Satellite w/ Labels,,POINT(-97.77509020000817 30.632233084225234),50,,Trees
121,17326,804479746,-97.77509020000817,30.63232291575393,jbspiritous@gmail.com,false,2026-03-10 03:55,183.1 secs,CEO: Mapbox Satellite w/ Labels,,POINT(-97.77509020000817 30.63232291575393),50,,Trees
121,17327,804479747,-97.77509020000817,30.63241274719921,jbspiritous@gmail.com,false,2026-03-10 03:55,183.1 secs,CEO: Mapbox Satellite w/ Labels,,POINT(-97.77509020000817 30.63241274719921),50,,Grasses
121,17328,804479748,-97.77509020000817,30.632502578561102,jbspiritous@gmail.com,false,2026-03-10 03:55,183.1 secs,CEO: Mapbox Satellite w/ Labels,,POINT(-97.77509020000817 30.632502578561102),50,,Trees
121,17329,804479749,-97.77509020000817,30.632592409839603,jbspiritous@gmail.com,false,2026-03-10 03:55,183.1 secs,CEO: Mapbox Satellite w/ Labels,,POINT(-97.77509020000817 30.632592409839603),50,,Trees
121,17330,804479750,-97.77509020000817,30.6326822410347,jbspiritous@gmail.com,false,2026-03-10 03:55,183.1 secs,CEO: Mapbox Satellite w/ Labels,,POINT(-97.77509020000817 30.6326822410347),50,,Trees
121,17331,804479751,-97.7749857999918,30.631873757276438,jbspiritous@gmail.com,false,2026-03-10 03:55,183.1 secs,CEO: Mapbox Satellite w/ Labels,,POINT(-97.7749857999918 30.631873757276438),50,,Trees
121,17332,804479752,-97.7749857999918,30.63196358913875,jbspiritous@gmail.com,false,2026-03-10 03:55,183.1 secs,CEO: Mapbox Satellite w/ Labels,,POINT(-97.7749857999918 30.63196358913875),50,,Trees
121,17333,804479753,-97.7749857999918,30.632053420917643,jbspiritous@gmail.com,false,2026-03-10 03:55,183.1 secs,CEO: Mapbox Satellite w/ Labels,,POINT(-97.7749857999918 30.632053420917643),50,,Trees
121,17334,804479754,-97.7749857999918,30.632143252613147,jbspiritous@gmail.com,false,2026-03-10 03:55,183.1 secs,CEO: Mapbox Satellite w/ Labels,,POINT(-97.7749857999918 30.632143252613147),50,,Grasses
121,17335,804479755,-97.7749857999918,30.632233084225234,jbspiritous@gmail.com,false,2026-03-10 03:55,183.1 secs,CEO: Mapbox Satellite w/ Labels,,POINT(-97.7749857999918 30.632233084225234),50,,Trees
121,17336,804479756,-97.7749857999918,30.63232291575393,jbspiritous@gmail.com,false,2026-03-10 03:55,183.1 secs,CEO: Mapbox Satellite w/ Labels,,POINT(-97.7749857999918 30.63232291575393),50,,Trees
121,17337,804479757,-97.7749857999918,30.63241274719921,jbspiritous@gmail.com,false,2026-03-10 03:55,183.1 secs,CEO: Mapbox Satellite w/ Labels,,POINT(-97.7749857999918 30.63241274719921),50,,Built-up
121,17338,804479758,-97.7749857999918,30.632502578561102,jbspiritous@gmail.com,false,2026-03-10 03:55,183.1 secs,CEO: Mapbox Satellite w/ Labels,,POINT(-97.7749857999918 30.632502578561102),50,,Built-up
121,17339,804479759,-97.7749857999918,30.632592409839603,jbspiritous@gmail.com,false,2026-03-10 03:55,183.1 secs,CEO: Mapbox Satellite w/ Labels,,POINT(-97.7749857999918 30.632592409839603),50,,Built-up
121,17340,804479760,-97.7749857999918,30.6326822410347,jbspiritous@gmail.com,false,2026-03-10 03:55,183.1 secs,CEO: Mapbox Satellite w/ Labels,,POINT(-97.7749857999918 30.6326822410347),50,,Built-up
121,17341,804479761,-97.77488139997543,30.631873757276438,jbspiritous@gmail.com,false,2026-03-10 03:55,183.1 secs,CEO: Mapbox Satellite w/ Labels,,POINT(-97.77488139997543 30.631873757276438),50,,Grasses
121,17342,804479762,-97.77488139997543,30.63196358913875,jbspiritous@gmail.com,false,2026-03-10 03:55,183.1 secs,CEO: Mapbox Satellite w/ Labels,,POINT(-97.77488139997543 30.63196358913875),50,,Trees
121,17343,804479763,-97.77488139997543,30.632053420917643,jbspiritous@gmail.com,false,2026-03-10 03:55,183.1 secs,CEO: Mapbox Satellite w/ Labels,,POINT(-97.77488139997543 30.632053420917643),50,,Trees
121,17344,804479764,-97.77488139997543,30.632143252613147,jbspiritous@gmail.com,false,2026-03-10 03:55,183.1 secs,CEO: Mapbox Satellite w/ Labels,,POINT(-97.77488139997543 30.632143252613147),50,,Trees
121,17345,804479765,-97.77488139997543,30.632233084225234,jbspiritous@gmail.com,false,2026-03-10 03:55,183.1 secs,CEO: Mapbox Satellite w/ Labels,,POINT(-97.77488139997543 30.632233084225234),50,,Built-up
121,17346,804479766,-97.77488139997543,30.63232291575393,jbspiritous@gmail.com,false,2026-03-10 03:55,183.1 secs,CEO: Mapbox Satellite w/ Labels,,POINT(-97.77488139997543 30.63232291575393),50,,Built-up
121,17347,804479767,-97.77488139997543,30.63241274719921,jbspiritous@gmail.com,false,2026-03-10 03:55,183.1 secs,CEO: Mapbox Satellite w/ Labels,,POINT(-97.77488139997543 30.63241274719921),50,,Built-up
121,17348,804479768,-97.77488139997543,30.632502578561102,jbspiritous@gmail.com,false,2026-03-10 03:55,183.1 secs,CEO: Mapbox Satellite w/ Labels,,POINT(-97.77488139997543 30.632502578561102),50,,Trees
121,17349,804479769,-97.77488139997543,30.632592409839603,jbspiritous@gmail.com,false,2026-03-10 03:55,183.1 secs,CEO: Mapbox Satellite w/ Labels,,POINT(-97.77488139997543 30.632592409839603),50,,Trees
121,17350,804479770,-97.77488139997543,30.6326822410347,jbspiritous@gmail.com,false,2026-03-10 03:55,183.1 secs,CEO: Mapbox Satellite w/ Labels,,POINT(-97.77488139997543 30.6326822410347),50,,Grasses
121,17351,804479771,-97.77477699995906,30.631873757276438,jbspiritous@gmail.com,false,2026-03-10 03:55,183.1 secs,CEO: Mapbox Satellite w/ Labels,,POINT(-97.77477699995906 30.631873757276438),50,,Grasses
121,17352,804479772,-97.77477699995906,30.63196358913875,jbspiritous@gmail.com,false,2026-03-10 03:55,183.1 secs,CEO: Mapbox Satellite w/ Labels,,POINT(-97.77477699995906 30.63196358913875),50,,Trees
121,17353,804479773,-97.77477699995906,30.632053420917643,jbspiritous@gmail.com,false,2026-03-10 03:55,183.1 secs,CEO: Mapbox Satellite w/ Labels,,POINT(-97.77477699995906 30.632053420917643),50,,Trees
121,17354,804479774,-97.77477699995906,30.632143252613147,jbspiritous@gmail.com,false,2026-03-10 03:55,183.1 secs,CEO: Mapbox Satellite w/ Labels,,POINT(-97.77477699995906 30.632143252613147),50,,Built-up
121,17355,804479775,-97.77477699995906,30.632233084225234,jbspiritous@gmail.com,false,2026-03-10 03:55,183.1 secs,CEO: Mapbox Satellite w/ Labels,,POINT(-97.77477699995906 30.632233084225234),50,,Built-up
121,17356,804479776,-97.77477699995906,30.63232291575393,jbspiritous@gmail.com,false,2026-03-10 03:55,183.1 secs,CEO: Mapbox Satellite w/ Labels,,POINT(-97.77477699995906 30.63232291575393),50,,Trees
121,17357,804479777,-97.77477699995906,30.63241274719921,jbspiritous@gmail.com,false,2026-03-10 03:55,183.1 secs,CEO: Mapbox Satellite w/ Labels,,POINT(-97.77477699995906 30.63241274719921),50,,Grasses
121,17358,804479778,-97.77477699995906,30.632502578561102,jbspiritous@gmail.com,false,2026-03-10 03:55,183.1 secs,CEO: Mapbox Satellite w/ Labels,,POINT(-97.77477699995906 30.632502578561102),50,,Grasses
121,17359,804479779,-97.77477699995906,30.632592409839603,jbspiritous@gmail.com,false,2026-03-10 03:55,183.1 secs,CEO: Mapbox Satellite w/ Labels,,POINT(-97.77477699995906 30.632592409839603),50,,Trees
121,17360,804479780,-97.77477699995906,30.6326822410347,jbspiritous@gmail.com,false,2026-03-10 03:55,183.1 secs,CEO: Mapbox Satellite w/ Labels,,POINT(-97.77477699995906 30.6326822410347),50,,Trees
121,17361,804479781,-97.77467259994269,30.631873757276438,jbspiritous@gmail.com,false,2026-03-10 03:55,183.1 secs,CEO: Mapbox Satellite w/ Labels,,POINT(-97.77467259994269 30.631873757276438),50,,Trees
121,17362,804479782,-97.77467259994269,30.63196358913875,jbspiritous@gmail.com,false,2026-03-10 03:55,183.1 secs,CEO: Mapbox Satellite w/ Labels,,POINT(-97.77467259994269 30.63196358913875),50,,Trees
121,17363,804479783,-97.77467259994269,30.632053420917643,jbspiritous@gmail.com,false,2026-03-10 03:55,183.1 secs,CEO: Mapbox Satellite w/ Labels,,POINT(-97.77467259994269 30.632053420917643),50,,Trees
121,17364,804479784,-97.77467259994269,30.632143252613147,jbspiritous@gmail.com,false,2026-03-10 03:55,183.1 secs,CEO: Mapbox Satellite w/ Labels,,POINT(-97.77467259994269 30.632143252613147),50,,Built-up
121,17365,804479785,-97.77467259994269,30.632233084225234,jbspiritous@gmail.com,false,2026-03-10 03:55,183.1 secs,CEO: Mapbox Satellite w/ Labels,,POINT(-97.77467259994269 30.632233084225234),50,,Trees
121,17366,804479786,-97.77467259994269,30.63232291575393,jbspiritous@gmail.com,false,2026-03-10 03:55,183.1 secs,CEO: Mapbox Satellite w/ Labels,,POINT(-97.77467259994269 30.63232291575393),50,,Trees
121,17367,804479787,-97.77467259994269,30.63241274719921,jbspiritous@gmail.com,false,2026-03-10 03:55,183.1 secs,CEO: Mapbox Satellite w/ Labels,,POINT(-97.77467259994269 30.63241274719921),50,,Trees
121,17368,804479788,-97.77467259994269,30.632502578561102,jbspiritous@gmail.com,false,2026-03-10 03:55,183.1 secs,CEO: Mapbox Satellite w/ Labels,,POINT(-97.77467259994269 30.632502578561102),50,,Trees
121,17369,804479789,-97.77467259994269,30.632592409839603,jbspiritous@gmail.com,false,2026-03-10 03:55,183.1 secs,CEO: Mapbox Satellite w/ Labels,,POINT(-97.77467259994269 30.632592409839603),50,,Trees
121,17370,804479790,-97.77467259994269,30.6326822410347,jbspiritous@gmail.com,false,2026-03-10 03:55,183.1 secs,CEO: Mapbox Satellite w/ Labels,,POINT(-97.77467259994269 30.6326822410347),50,,Trees
121,17371,804479791,-97.77456819992632,30.631873757276438,jbspiritous@gmail.com,false,2026-03-10 03:55,183.1 secs,CEO: Mapbox Satellite w/ Labels,,POINT(-97.77456819992632 30.631873757276438),50,,Trees
121,17372,804479792,-97.77456819992632,30.63196358913875,jbspiritous@gmail.com,false,2026-03-10 03:55,183.1 secs,CEO: Mapbox Satellite w/ Labels,,POINT(-97.77456819992632 30.63196358913875),50,,Built-up
121,17373,804479793,-97.77456819992632,30.632053420917643,jbspiritous@gmail.com,false,2026-03-10 03:55,183.1 secs,CEO: Mapbox Satellite w/ Labels,,POINT(-97.77456819992632 30.632053420917643),50,,Built-up
121,17374,804479794,-97.77456819992632,30.632143252613147,jbspiritous@gmail.com,false,2026-03-10 03:55,183.1 secs,CEO: Mapbox Satellite w/ Labels,,POINT(-97.77456819992632 30.632143252613147),50,,Trees
121,17375,804479795,-97.77456819992632,30.632233084225234,jbspiritous@gmail.com,false,2026-03-10 03:55,183.1 secs,CEO: Mapbox Satellite w/ Labels,,POINT(-97.77456819992632 30.632233084225234),50,,Trees
121,17376,804479796,-97.77456819992632,30.63232291575393,jbspiritous@gmail.com,false,2026-03-10 03:55,183.1 secs,CEO: Mapbox Satellite w/ Labels,,POINT(-97.77456819992632 30.63232291575393),50,,Trees
121,17377,804479797,-97.77456819992632,30.63241274719921,jbspiritous@gmail.com,false,2026-03-10 03:55,183.1 secs,CEO: Mapbox Satellite w/ Labels,,POINT(-97.77456819992632 30.63241274719921),50,,Grasses
121,17378,804479798,-97.77456819992632,30.632502578561102,jbspiritous@gmail.com,false,2026-03-10 03:55,183.1 secs,CEO: Mapbox Satellite w/ Labels,,POINT(-97.77456819992632 30.632502578561102),50,,Trees
121,17379,804479799,-97.77456819992632,30.632592409839603,jbspiritous@gmail.com,false,2026-03-10 03:55,183.1 secs,CEO: Mapbox Satellite w/ Labels,,POINT(-97.77456819992632 30.632592409839603),50,,Trees
121,17380,804479800,-97.77456819992632,30.6326822410347,jbspiritous@gmail.com,false,2026-03-10 03:55,183.1 secs,CEO: Mapbox Satellite w/ Labels,,POINT(-97.77456819992632 30.6326822410347),50,,Trees
122,17425,804479801,-97.77550782190617,30.636369757276285,jbspiritous@gmail.com,false,2026-03-10 03:57,119.4 secs,CEO: Mapbox Satellite w/ Labels,,POINT(-97.77550782190617 30.636369757276285),50,,Built-up structures
122,17426,804479802,-97.77550782190617,30.636459589138653,jbspiritous@gmail.com,false,2026-03-10 03:57,119.4 secs,CEO: Mapbox Satellite w/ Labels,,POINT(-97.77550782190617 30.636459589138653),50,,Built-up structures
122,17427,804479803,-97.77550782190617,30.63654942091759,jbspiritous@gmail.com,false,2026-03-10 03:57,119.4 secs,CEO: Mapbox Satellite w/ Labels,,POINT(-97.77550782190617 30.63654942091759),50,,Built-up structures
122,17428,804479804,-97.77550782190617,30.636639252613108,jbspiritous@gmail.com,false,2026-03-10 03:57,119.4 secs,CEO: Mapbox Satellite w/ Labels,,POINT(-97.77550782190617 30.636639252613108),50,,Built-up structures
122,17429,804479805,-97.77550782190617,30.636729084225237,jbspiritous@gmail.com,false,2026-03-10 03:57,119.4 secs,CEO: Mapbox Satellite w/ Labels,,POINT(-97.77550782190617 30.636729084225237),50,,Built-up structures
122,17430,804479806,-97.77550782190617,30.636818915753906,jbspiritous@gmail.com,false,2026-03-10 03:57,119.4 secs,CEO: Mapbox Satellite w/ Labels,,POINT(-97.77550782190617 30.636818915753906),50,,Built-up structures
122,17431,804479807,-97.77550782190617,30.6369087471992,jbspiritous@gmail.com,false,2026-03-10 03:57,119.4 secs,CEO: Mapbox Satellite w/ Labels,,POINT(-97.77550782190617 30.6369087471992),50,,Built-up structures
122,17432,804479808,-97.77550782190617,30.636998578561062,jbspiritous@gmail.com,false,2026-03-10 03:57,119.4 secs,CEO: Mapbox Satellite w/ Labels,,POINT(-97.77550782190617 30.636998578561062),50,,Built-up structures
122,17433,804479809,-97.77550782190617,30.637088409839492,jbspiritous@gmail.com,false,2026-03-10 03:57,119.4 secs,CEO: Mapbox Satellite w/ Labels,,POINT(-97.77550782190617 30.637088409839492),50,,Built-up structures
122,17434,804479810,-97.77550782190617,30.637178241034547,jbspiritous@gmail.com,false,2026-03-10 03:57,119.4 secs,CEO: Mapbox Satellite w/ Labels,,POINT(-97.77550782190617 30.637178241034547),50,,Built-up structures
122,17435,804479811,-97.77540341703813,30.636369757276285,jbspiritous@gmail.com,false,2026-03-10 03:57,119.4 secs,CEO: Mapbox Satellite w/ Labels,,POINT(-97.77540341703813 30.636369757276285),50,,Built-up structures
122,17436,804479812,-97.77540341703813,30.636459589138653,jbspiritous@gmail.com,false,2026-03-10 03:57,119.4 secs,CEO: Mapbox Satellite w/ Labels,,POINT(-97.77540341703813 30.636459589138653),50,,Built-up structures
122,17437,804479813,-97.77540341703813,30.63654942091759,jbspiritous@gmail.com,false,2026-03-10 03:57,119.4 secs,CEO: Mapbox Satellite w/ Labels,,POINT(-97.77540341703813 30.63654942091759),50,,Built-up structures
122,17438,804479814,-97.77540341703813,30.636639252613108,jbspiritous@gmail.com,false,2026-03-10 03:57,119.4 secs,CEO: Mapbox Satellite w/ Labels,,POINT(-97.77540341703813 30.636639252613108),50,,Built-up structures
122,17439,804479815,-97.77540341703813,30.636729084225237,jbspiritous@gmail.com,false,2026-03-10 03:57,119.4 secs,CEO: Mapbox Satellite w/ Labels,,POINT(-97.77540341703813 30.636729084225237),50,,Built-up structures
122,17440,804479816,-97.77540341703813,30.636818915753906,jbspiritous@gmail.com,false,2026-03-10 03:57,119.4 secs,CEO: Mapbox Satellite w/ Labels,,POINT(-97.77540341703813 30.636818915753906),50,,Built-up structures
122,17441,804479817,-97.77540341703813,30.6369087471992,jbspiritous@gmail.com,false,2026-03-10 03:57,119.4 secs,CEO: Mapbox Satellite w/ Labels,,POINT(-97.77540341703813 30.6369087471992),50,,Grasses
122,17442,804479818,-97.77540341703813,30.636998578561062,jbspiritous@gmail.com,false,2026-03-10 03:57,119.4 secs,CEO: Mapbox Satellite w/ Labels,,POINT(-97.77540341703813 30.636998578561062),50,,Grasses
122,17443,804479819,-97.77540341703813,30.637088409839492,jbspiritous@gmail.com,false,2026-03-10 03:57,119.4 secs,CEO: Mapbox Satellite w/ Labels,,POINT(-97.77540341703813 30.637088409839492),50,,Grasses
122,17444,804479820,-97.77540341703813,30.637178241034547,jbspiritous@gmail.com,false,2026-03-10 03:57,119.4 secs,CEO: Mapbox Satellite w/ Labels,,POINT(-97.77540341703813 30.637178241034547),50,,Grasses
122,17445,804479821,-97.7752990121701,30.636369757276285,jbspiritous@gmail.com,false,2026-03-10 03:57,119.4 secs,CEO: Mapbox Satellite w/ Labels,,POINT(-97.7752990121701 30.636369757276285),50,,Built-up structures
122,17446,804479822,-97.7752990121701,30.636459589138653,jbspiritous@gmail.com,false,2026-03-10 03:57,119.4 secs,CEO: Mapbox Satellite w/ Labels,,POINT(-97.7752990121701 30.636459589138653),50,,Built-up structures
122,17447,804479823,-97.7752990121701,30.63654942091759,jbspiritous@gmail.com,false,2026-03-10 03:57,119.4 secs,CEO: Mapbox Satellite w/ Labels,,POINT(-97.7752990121701 30.63654942091759),50,,Grasses
122,17448,804479824,-97.7752990121701,30.636639252613108,jbspiritous@gmail.com,false,2026-03-10 03:57,119.4 secs,CEO: Mapbox Satellite w/ Labels,,POINT(-97.7752990121701 30.636639252613108),50,,Grasses
122,17449,804479825,-97.7752990121701,30.636729084225237,jbspiritous@gmail.com,false,2026-03-10 03:57,119.4 secs,CEO: Mapbox Satellite w/ Labels,,POINT(-97.7752990121701 30.636729084225237),50,,Grasses
122,17450,804479826,-97.7752990121701,30.636818915753906,jbspiritous@gmail.com,false,2026-03-10 03:57,119.4 secs,CEO: Mapbox Satellite w/ Labels,,POINT(-97.7752990121701 30.636818915753906),50,,Grasses
122,17451,804479827,-97.7752990121701,30.6369087471992,jbspiritous@gmail.com,false,2026-03-10 03:57,119.4 secs,CEO: Mapbox Satellite w/ Labels,,POINT(-97.7752990121701 30.6369087471992),50,,Trees
122,17452,804479828,-97.7752990121701,30.636998578561062,jbspiritous@gmail.com,false,2026-03-10 03:57,119.4 secs,CEO: Mapbox Satellite w/ Labels,,POINT(-97.7752990121701 30.636998578561062),50,,Trees
122,17453,804479829,-97.7752990121701,30.637088409839492,jbspiritous@gmail.com,false,2026-03-10 03:57,119.4 secs,CEO: Mapbox Satellite w/ Labels,,POINT(-97.7752990121701 30.637088409839492),50,,Trees
122,17454,804479830,-97.7752990121701,30.637178241034547,jbspiritous@gmail.com,false,2026-03-10 03:57,119.4 secs,CEO: Mapbox Satellite w/ Labels,,POINT(-97.7752990121701 30.637178241034547),50,,Trees
122,17455,804479831,-97.77519460730205,30.636369757276285,jbspiritous@gmail.com,false,2026-03-10 03:57,119.4 secs,CEO: Mapbox Satellite w/ Labels,,POINT(-97.77519460730205 30.636369757276285),50,,Grasses
122,17456,804479832,-97.77519460730205,30.636459589138653,jbspiritous@gmail.com,false,2026-03-10 03:57,119.4 secs,CEO: Mapbox Satellite w/ Labels,,POINT(-97.77519460730205 30.636459589138653),50,,Grasses
122,17457,804479833,-97.77519460730205,30.63654942091759,jbspiritous@gmail.com,false,2026-03-10 03:57,119.4 secs,CEO: Mapbox Satellite w/ Labels,,POINT(-97.77519460730205 30.63654942091759),50,,Grasses
122,17458,804479834,-97.77519460730205,30.636639252613108,jbspiritous@gmail.com,false,2026-03-10 03:57,119.4 secs,CEO: Mapbox Satellite w/ Labels,,POINT(-97.77519460730205 30.636639252613108),50,,Grasses
122,17459,804479835,-97.77519460730205,30.636729084225237,jbspiritous@gmail.com,false,2026-03-10 03:57,119.4 secs,CEO: Mapbox Satellite w/ Labels,,POINT(-97.77519460730205 30.636729084225237),50,,Grasses
122,17460,804479836,-97.77519460730205,30.636818915753906,jbspiritous@gmail.com,false,2026-03-10 03:57,119.4 secs,CEO: Mapbox Satellite w/ Labels,,POINT(-97.77519460730205 30.636818915753906),50,,Grasses
122,17461,804479837,-97.77519460730205,30.6369087471992,jbspiritous@gmail.com,false,2026-03-10 03:57,119.4 secs,CEO: Mapbox Satellite w/ Labels,,POINT(-97.77519460730205 30.6369087471992),50,,Trees
122,17462,804479838,-97.77519460730205,30.636998578561062,jbspiritous@gmail.com,false,2026-03-10 03:57,119.4 secs,CEO: Mapbox Satellite w/ Labels,,POINT(-97.77519460730205 30.636998578561062),50,,Grasses
122,17463,804479839,-97.77519460730205,30.637088409839492,jbspiritous@gmail.com,false,2026-03-10 03:57,119.4 secs,CEO: Mapbox Satellite w/ Labels,,POINT(-97.77519460730205 30.637088409839492),50,,Trees
122,17464,804479840,-97.77519460730205,30.637178241034547,jbspiritous@gmail.com,false,2026-03-10 03:57,119.4 secs,CEO: Mapbox Satellite w/ Labels,,POINT(-97.77519460730205 30.637178241034547),50,,Trees
122,17465,804479841,-97.77509020243401,30.636369757276285,jbspiritous@gmail.com,false,2026-03-10 03:57,119.4 secs,CEO: Mapbox Satellite w/ Labels,,POINT(-97.77509020243401 30.636369757276285),50,,Built-up structures
122,17466,804479842,-97.77509020243401,30.636459589138653,jbspiritous@gmail.com,false,2026-03-10 03:57,119.4 secs,CEO: Mapbox Satellite w/ Labels,,POINT(-97.77509020243401 30.636459589138653),50,,Built-up structures
122,17467,804479843,-97.77509020243401,30.63654942091759,jbspiritous@gmail.com,false,2026-03-10 03:57,119.4 secs,CEO: Mapbox Satellite w/ Labels,,POINT(-97.77509020243401 30.63654942091759),50,,Grasses
122,17468,804479844,-97.77509020243401,30.636639252613108,jbspiritous@gmail.com,false,2026-03-10 03:57,119.4 secs,CEO: Mapbox Satellite w/ Labels,,POINT(-97.77509020243401 30.636639252613108),50,,Grasses
122,17469,804479845,-97.77509020243401,30.636729084225237,jbspiritous@gmail.com,false,2026-03-10 03:57,119.4 secs,CEO: Mapbox Satellite w/ Labels,,POINT(-97.77509020243401 30.636729084225237),50,,Grasses
122,17470,804479846,-97.77509020243401,30.636818915753906,jbspiritous@gmail.com,false,2026-03-10 03:57,119.4 secs,CEO: Mapbox Satellite w/ Labels,,POINT(-97.77509020243401 30.636818915753906),50,,Grasses
122,17471,804479847,-97.77509020243401,30.6369087471992,jbspiritous@gmail.com,false,2026-03-10 03:57,119.4 secs,CEO: Mapbox Satellite w/ Labels,,POINT(-97.77509020243401 30.6369087471992),50,,Trees
122,17472,804479848,-97.77509020243401,30.636998578561062,jbspiritous@gmail.com,false,2026-03-10 03:57,119.4 secs,CEO: Mapbox Satellite w/ Labels,,POINT(-97.77509020243401 30.636998578561062),50,,Trees
122,17473,804479849,-97.77509020243401,30.637088409839492,jbspiritous@gmail.com,false,2026-03-10 03:57,119.4 secs,CEO: Mapbox Satellite w/ Labels,,POINT(-97.77509020243401 30.637088409839492),50,,Trees
122,17474,804479850,-97.77509020243401,30.637178241034547,jbspiritous@gmail.com,false,2026-03-10 03:57,119.4 secs,CEO: Mapbox Satellite w/ Labels,,POINT(-97.77509020243401 30.637178241034547),50,,Trees
122,17475,804479851,-97.77498579756596,30.636369757276285,jbspiritous@gmail.com,false,2026-03-10 03:57,119.4 secs,CEO: Mapbox Satellite w/ Labels,,POINT(-97.77498579756596 30.636369757276285),50,,Built-up structures
122,17476,804479852,-97.77498579756596,30.636459589138653,jbspiritous@gmail.com,false,2026-03-10 03:57,119.4 secs,CEO: Mapbox Satellite w/ Labels,,POINT(-97.77498579756596 30.636459589138653),50,,Built-up structures
122,17477,804479853,-97.77498579756596,30.63654942091759,jbspiritous@gmail.com,false,2026-03-10 03:57,119.4 secs,CEO: Mapbox Satellite w/ Labels,,POINT(-97.77498579756596 30.63654942091759),50,,Built-up structures
122,17478,804479854,-97.77498579756596,30.636639252613108,jbspiritous@gmail.com,false,2026-03-10 03:57,119.4 secs,CEO: Mapbox Satellite w/ Labels,,POINT(-97.77498579756596 30.636639252613108),50,,Built-up structures
122,17479,804479855,-97.77498579756596,30.636729084225237,jbspiritous@gmail.com,false,2026-03-10 03:57,119.4 secs,CEO: Mapbox Satellite w/ Labels,,POINT(-97.77498579756596 30.636729084225237),50,,Grasses
122,17480,804479856,-97.77498579756596,30.636818915753906,jbspiritous@gmail.com,false,2026-03-10 03:57,119.4 secs,CEO: Mapbox Satellite w/ Labels,,POINT(-97.77498579756596 30.636818915753906),50,,Grasses
122,17481,804479857,-97.77498579756596,30.6369087471992,jbspiritous@gmail.com,false,2026-03-10 03:57,119.4 secs,CEO: Mapbox Satellite w/ Labels,,POINT(-97.77498579756596 30.6369087471992),50,,Trees
122,17482,804479858,-97.77498579756596,30.636998578561062,jbspiritous@gmail.com,false,2026-03-10 03:57,119.4 secs,CEO: Mapbox Satellite w/ Labels,,POINT(-97.77498579756596 30.636998578561062),50,,Trees
122,17483,804479859,-97.77498579756596,30.637088409839492,jbspiritous@gmail.com,false,2026-03-10 03:57,119.4 secs,CEO: Mapbox Satellite w/ Labels,,POINT(-97.77498579756596 30.637088409839492),50,,Trees
122,17484,804479860,-97.77498579756596,30.637178241034547,jbspiritous@gmail.com,false,2026-03-10 03:57,119.4 secs,CEO: Mapbox Satellite w/ Labels,,POINT(-97.77498579756596 30.637178241034547),50,,Trees
122,17485,804479861,-97.77488139269792,30.636369757276285,jbspiritous@gmail.com,false,2026-03-10 03:57,119.4 secs,CEO: Mapbox Satellite w/ Labels,,POINT(-97.77488139269792 30.636369757276285),50,,Built-up structures
122,17486,804479862,-97.77488139269792,30.636459589138653,jbspiritous@gmail.com,false,2026-03-10 03:57,119.4 secs,CEO: Mapbox Satellite w/ Labels,,POINT(-97.77488139269792 30.636459589138653),50,,Built-up structures
122,17487,804479863,-97.77488139269792,30.63654942091759,jbspiritous@gmail.com,false,2026-03-10 03:57,119.4 secs,CEO: Mapbox Satellite w/ Labels,,POINT(-97.77488139269792 30.63654942091759),50,,Built-up structures
122,17488,804479864,-97.77488139269792,30.636639252613108,jbspiritous@gmail.com,false,2026-03-10 03:57,119.4 secs,CEO: Mapbox Satellite w/ Labels,,POINT(-97.77488139269792 30.636639252613108),50,,Built-up structures
122,17489,804479865,-97.77488139269792,30.636729084225237,jbspiritous@gmail.com,false,2026-03-10 03:57,119.4 secs,CEO: Mapbox Satellite w/ Labels,,POINT(-97.77488139269792 30.636729084225237),50,,Trees
122,17490,804479866,-97.77488139269792,30.636818915753906,jbspiritous@gmail.com,false,2026-03-10 03:57,119.4 secs,CEO: Mapbox Satellite w/ Labels,,POINT(-97.77488139269792 30.636818915753906),50,,Trees
122,17491,804479867,-97.77488139269792,30.6369087471992,jbspiritous@gmail.com,false,2026-03-10 03:57,119.4 secs,CEO: Mapbox Satellite w/ Labels,,POINT(-97.77488139269792 30.6369087471992),50,,Trees
122,17492,804479868,-97.77488139269792,30.636998578561062,jbspiritous@gmail.com,false,2026-03-10 03:57,119.4 secs,CEO: Mapbox Satellite w/ Labels,,POINT(-97.77488139269792 30.636998578561062),50,,Trees
122,17493,804479869,-97.77488139269792,30.637088409839492,jbspiritous@gmail.com,false,2026-03-10 03:57,119.4 secs,CEO: Mapbox Satellite w/ Labels,,POINT(-97.77488139269792 30.637088409839492),50,,Trees
122,17494,804479870,-97.77488139269792,30.637178241034547,jbspiritous@gmail.com,false,2026-03-10 03:57,119.4 secs,CEO: Mapbox Satellite w/ Labels,,POINT(-97.77488139269792 30.637178241034547),50,,Trees
122,17495,804479871,-97.77477698782988,30.636369757276285,jbspiritous@gmail.com,false,2026-03-10 03:57,119.4 secs,CEO: Mapbox Satellite w/ Labels,,POINT(-97.77477698782988 30.636369757276285),50,,Built-up structures
122,17496,804479872,-97.77477698782988,30.636459589138653,jbspiritous@gmail.com,false,2026-03-10 03:57,119.4 secs,CEO: Mapbox Satellite w/ Labels,,POINT(-97.77477698782988 30.636459589138653),50,,Grasses
122,17497,804479873,-97.77477698782988,30.63654942091759,jbspiritous@gmail.com,false,2026-03-10 03:57,119.4 secs,CEO: Mapbox Satellite w/ Labels,,POINT(-97.77477698782988 30.63654942091759),50,,Built-up structures
122,17498,804479874,-97.77477698782988,30.636639252613108,jbspiritous@gmail.com,false,2026-03-10 03:57,119.4 secs,CEO: Mapbox Satellite w/ Labels,,POINT(-97.77477698782988 30.636639252613108),50,,Grasses
122,17499,804479875,-97.77477698782988,30.636729084225237,jbspiritous@gmail.com,false,2026-03-10 03:57,119.4 secs,CEO: Mapbox Satellite w/ Labels,,POINT(-97.77477698782988 30.636729084225237),50,,Grasses
122,17500,804479876,-97.77477698782988,30.636818915753906,jbspiritous@gmail.com,false,2026-03-10 03:57,119.4 secs,CEO: Mapbox Satellite w/ Labels,,POINT(-97.77477698782988 30.636818915753906),50,,Trees
122,17501,804479877,-97.77477698782988,30.6369087471992,jbspiritous@gmail.com,false,2026-03-10 03:57,119.4 secs,CEO: Mapbox Satellite w/ Labels,,POINT(-97.77477698782988 30.6369087471992),50,,Trees
122,17502,804479878,-97.77477698782988,30.636998578561062,jbspiritous@gmail.com,false,2026-03-10 03:57,119.4 secs,CEO: Mapbox Satellite w/ Labels,,POINT(-97.77477698782988 30.636998578561062),50,,Trees
122,17503,804479879,-97.77477698782988,30.637088409839492,jbspiritous@gmail.com,false,2026-03-10 03:57,119.4 secs,CEO: Mapbox Satellite w/ Labels,,POINT(-97.77477698782988 30.637088409839492),50,,Trees
122,17504,804479880,-97.77477698782988,30.637178241034547,jbspiritous@gmail.com,false,2026-03-10 03:57,119.4 secs,CEO: Mapbox Satellite w/ Labels,,POINT(-97.77477698782988 30.637178241034547),50,,Trees
122,17505,804479881,-97.77467258296184,30.636369757276285,jbspiritous@gmail.com,false,2026-03-10 03:57,119.4 secs,CEO: Mapbox Satellite w/ Labels,,POINT(-97.77467258296184 30.636369757276285),50,,Grasses
122,17506,804479882,-97.77467258296184,30.636459589138653,jbspiritous@gmail.com,false,2026-03-10 03:57,119.4 secs,CEO: Mapbox Satellite w/ Labels,,POINT(-97.77467258296184 30.636459589138653),50,,Grasses
122,17507,804479883,-97.77467258296184,30.63654942091759,jbspiritous@gmail.com,false,2026-03-10 03:57,119.4 secs,CEO: Mapbox Satellite w/ Labels,,POINT(-97.77467258296184 30.63654942091759),50,,Grasses
122,17508,804479884,-97.77467258296184,30.636639252613108,jbspiritous@gmail.com,false,2026-03-10 03:57,119.4 secs,CEO: Mapbox Satellite w/ Labels,,POINT(-97.77467258296184 30.636639252613108),50,,Grasses
122,17509,804479885,-97.77467258296184,30.636729084225237,jbspiritous@gmail.com,false,2026-03-10 03:57,119.4 secs,CEO: Mapbox Satellite w/ Labels,,POINT(-97.77467258296184 30.636729084225237),50,,Grasses
122,17510,804479886,-97.77467258296184,30.636818915753906,jbspiritous@gmail.com,false,2026-03-10 03:57,119.4 secs,CEO: Mapbox Satellite w/ Labels,,POINT(-97.77467258296184 30.636818915753906),50,,Trees
122,17511,804479887,-97.77467258296184,30.6369087471992,jbspiritous@gmail.com,false,2026-03-10 03:57,119.4 secs,CEO: Mapbox Satellite w/ Labels,,POINT(-97.77467258296184 30.6369087471992),50,,Trees
122,17512,804479888,-97.77467258296184,30.636998578561062,jbspiritous@gmail.com,false,2026-03-10 03:57,119.4 secs,CEO: Mapbox Satellite w/ Labels,,POINT(-97.77467258296184 30.636998578561062),50,,Trees
122,17513,804479889,-97.77467258296184,30.637088409839492,jbspiritous@gmail.com,false,2026-03-10 03:57,119.4 secs,CEO: Mapbox Satellite w/ Labels,,POINT(-97.77467258296184 30.637088409839492),50,,Trees
122,17514,804479890,-97.77467258296184,30.637178241034547,jbspiritous@gmail.com,false,2026-03-10 03:57,119.4 secs,CEO: Mapbox Satellite w/ Labels,,POINT(-97.77467258296184 30.637178241034547),50,,Trees
122,17515,804479891,-97.7745681780938,30.636369757276285,jbspiritous@gmail.com,false,2026-03-10 03:57,119.4 secs,CEO: Mapbox Satellite w/ Labels,,POINT(-97.7745681780938 30.636369757276285),50,,Grasses
122,17516,804479892,-97.7745681780938,30.636459589138653,jbspiritous@gmail.com,false,2026-03-10 03:57,119.4 secs,CEO: Mapbox Satellite w/ Labels,,POINT(-97.7745681780938 30.636459589138653),50,,Grasses
122,17517,804479893,-97.7745681780938,30.63654942091759,jbspiritous@gmail.com,false,2026-03-10 03:57,119.4 secs,CEO: Mapbox Satellite w/ Labels,,POINT(-97.7745681780938 30.63654942091759),50,,Grasses
122,17518,804479894,-97.7745681780938,30.636639252613108,jbspiritous@gmail.com,false,2026-03-10 03:57,119.4 secs,CEO: Mapbox Satellite w/ Labels,,POINT(-97.7745681780938 30.636639252613108),50,,Grasses
122,17519,804479895,-97.7745681780938,30.636729084225237,jbspiritous@gmail.com,false,2026-03-10 03:57,119.4 secs,CEO: Mapbox Satellite w/ Labels,,POINT(-97.7745681780938 30.636729084225237),50,,Grasses
122,17520,804479896,-97.7745681780938,30.636818915753906,jbspiritous@gmail.com,false,2026-03-10 03:57,119.4 secs,CEO: Mapbox Satellite w/ Labels,,POINT(-97.7745681780938 30.636818915753906),50,,Trees
122,17521,804479897,-97.7745681780938,30.6369087471992,jbspiritous@gmail.com,false,2026-03-10 03:57,119.4 secs,CEO: Mapbox Satellite w/ Labels,,POINT(-97.7745681780938 30.6369087471992),50,,Trees
122,17522,804479898,-97.7745681780938,30.636998578561062,jbspiritous@gmail.com,false,2026-03-10 03:57,119.4 secs,CEO: Mapbox Satellite w/ Labels,,POINT(-97.7745681780938 30.636998578561062),50,,Built-up
122,17523,804479899,-97.7745681780938,30.637088409839492,jbspiritous@gmail.com,false,2026-03-10 03:57,119.4 secs,CEO: Mapbox Satellite w/ Labels,,POINT(-97.7745681780938 30.637088409839492),50,,Built-up
122,17524,804479900,-97.7745681780938,30.637178241034547,jbspiritous@gmail.com,false,2026-03-10 03:57,119.4 secs,CEO: Mapbox Satellite w/ Labels,,POINT(-97.7745681780938 30.637178241034547),50,,Built-up
123,17569,804479901,-97.77550784374849,30.640866757276143,jbspiritous@gmail.com,false,2026-03-10 04:01,243.8 secs,CEO: Mapbox Satellite w/ Labels,,POINT(-97.77550784374849 30.640866757276143),50,,Trees
123,17570,804479902,-97.77550784374849,30.64095658913857,jbspiritous@gmail.com,false,2026-03-10 04:01,243.8 secs,CEO: Mapbox Satellite w/ Labels,,POINT(-97.77550784374849 30.64095658913857),50,,Trees
123,17571,804479903,-97.77550784374849,30.641046420917547,jbspiritous@gmail.com,false,2026-03-10 04:01,243.8 secs,CEO: Mapbox Satellite w/ Labels,,POINT(-97.77550784374849 30.641046420917547),50,,Trees
123,17572,804479904,-97.77550784374849,30.64113625261311,jbspiritous@gmail.com,false,2026-03-10 04:01,243.8 secs,CEO: Mapbox Satellite w/ Labels,,POINT(-97.77550784374849 30.64113625261311),50,,Built-up
123,17573,804479905,-97.77550784374849,30.641226084225224,jbspiritous@gmail.com,false,2026-03-10 04:01,243.8 secs,CEO: Mapbox Satellite w/ Labels,,POINT(-97.77550784374849 30.641226084225224),50,,Grasses
123,17574,804479906,-97.77550784374849,30.641315915753907,jbspiritous@gmail.com,false,2026-03-10 04:01,243.8 secs,CEO: Mapbox Satellite w/ Labels,,POINT(-97.77550784374849 30.641315915753907),50,,Grasses
123,17575,804479907,-97.77550784374849,30.641405747199173,jbspiritous@gmail.com,false,2026-03-10 04:01,243.8 secs,CEO: Mapbox Satellite w/ Labels,,POINT(-97.77550784374849 30.641405747199173),50,,Grasses
123,17576,804479908,-97.77550784374849,30.641495578561006,jbspiritous@gmail.com,false,2026-03-10 04:01,243.8 secs,CEO: Mapbox Satellite w/ Labels,,POINT(-97.77550784374849 30.641495578561006),50,,Grasses
123,17577,804479909,-97.77550784374849,30.641585409839422,jbspiritous@gmail.com,false,2026-03-10 04:01,243.8 secs,CEO: Mapbox Satellite w/ Labels,,POINT(-97.77550784374849 30.641585409839422),50,,Trees
123,17578,804479910,-97.77550784374849,30.641675241034378,jbspiritous@gmail.com,false,2026-03-10 04:01,243.8 secs,CEO: Mapbox Satellite w/ Labels,,POINT(-97.77550784374849 30.641675241034378),50,,Built-up structures
123,17579,804479911,-97.7754034340266,30.640866757276143,jbspiritous@gmail.com,false,2026-03-10 04:01,243.8 secs,CEO: Mapbox Satellite w/ Labels,,POINT(-97.7754034340266 30.640866757276143),50,,Built-up
123,17580,804479912,-97.7754034340266,30.64095658913857,jbspiritous@gmail.com,false,2026-03-10 04:01,243.8 secs,CEO: Mapbox Satellite w/ Labels,,POINT(-97.7754034340266 30.64095658913857),50,,Built-up
123,17581,804479913,-97.7754034340266,30.641046420917547,jbspiritous@gmail.com,false,2026-03-10 04:01,243.8 secs,CEO: Mapbox Satellite w/ Labels,,POINT(-97.7754034340266 30.641046420917547),50,,Built-up
123,17582,804479914,-97.7754034340266,30.64113625261311,jbspiritous@gmail.com,false,2026-03-10 04:01,243.8 secs,CEO: Mapbox Satellite w/ Labels,,POINT(-97.7754034340266 30.64113625261311),50,,Grasses
123,17583,804479915,-97.7754034340266,30.641226084225224,jbspiritous@gmail.com,false,2026-03-10 04:01,243.8 secs,CEO: Mapbox Satellite w/ Labels,,POINT(-97.7754034340266 30.641226084225224),50,,Grasses
123,17584,804479916,-97.7754034340266,30.641315915753907,jbspiritous@gmail.com,false,2026-03-10 04:01,243.8 secs,CEO: Mapbox Satellite w/ Labels,,POINT(-97.7754034340266 30.641315915753907),50,,Trees
123,17585,804479917,-97.7754034340266,30.641405747199173,jbspiritous@gmail.com,false,2026-03-10 04:01,243.8 secs,CEO: Mapbox Satellite w/ Labels,,POINT(-97.7754034340266 30.641405747199173),50,,Trees
123,17586,804479918,-97.7754034340266,30.641495578561006,jbspiritous@gmail.com,false,2026-03-10 04:01,243.8 secs,CEO: Mapbox Satellite w/ Labels,,POINT(-97.7754034340266 30.641495578561006),50,,Trees
123,17587,804479919,-97.7754034340266,30.641585409839422,jbspiritous@gmail.com,false,2026-03-10 04:01,243.8 secs,CEO: Mapbox Satellite w/ Labels,,POINT(-97.7754034340266 30.641585409839422),50,,Built-up structures
123,17588,804479920,-97.7754034340266,30.641675241034378,jbspiritous@gmail.com,false,2026-03-10 04:01,243.8 secs,CEO: Mapbox Satellite w/ Labels,,POINT(-97.7754034340266 30.641675241034378),50,,Built-up structures
123,17589,804479921,-97.7752990243047,30.640866757276143,jbspiritous@gmail.com,false,2026-03-10 04:01,243.8 secs,CEO: Mapbox Satellite w/ Labels,,POINT(-97.7752990243047 30.640866757276143),50,,Built-up
123,17590,804479922,-97.7752990243047,30.64095658913857,jbspiritous@gmail.com,false,2026-03-10 04:01,243.8 secs,CEO: Mapbox Satellite w/ Labels,,POINT(-97.7752990243047 30.64095658913857),50,,Built-up
123,17591,804479923,-97.7752990243047,30.641046420917547,jbspiritous@gmail.com,false,2026-03-10 04:01,243.8 secs,CEO: Mapbox Satellite w/ Labels,,POINT(-97.7752990243047 30.641046420917547),50,,Trees
123,17592,804479924,-97.7752990243047,30.64113625261311,jbspiritous@gmail.com,false,2026-03-10 04:01,243.8 secs,CEO: Mapbox Satellite w/ Labels,,POINT(-97.7752990243047 30.64113625261311),50,,Trees
123,17593,804479925,-97.7752990243047,30.641226084225224,jbspiritous@gmail.com,false,2026-03-10 04:01,243.8 secs,CEO: Mapbox Satellite w/ Labels,,POINT(-97.7752990243047 30.641226084225224),50,,Grasses
123,17594,804479926,-97.7752990243047,30.641315915753907,jbspiritous@gmail.com,false,2026-03-10 04:01,243.8 secs,CEO: Mapbox Satellite w/ Labels,,POINT(-97.7752990243047 30.641315915753907),50,,Trees
123,17595,804479927,-97.7752990243047,30.641405747199173,jbspiritous@gmail.com,false,2026-03-10 04:01,243.8 secs,CEO: Mapbox Satellite w/ Labels,,POINT(-97.7752990243047 30.641405747199173),50,,Trees
123,17596,804479928,-97.7752990243047,30.641495578561006,jbspiritous@gmail.com,false,2026-03-10 04:01,243.8 secs,CEO: Mapbox Satellite w/ Labels,,POINT(-97.7752990243047 30.641495578561006),50,,Trees
123,17597,804479929,-97.7752990243047,30.641585409839422,jbspiritous@gmail.com,false,2026-03-10 04:01,243.8 secs,CEO: Mapbox Satellite w/ Labels,,POINT(-97.7752990243047 30.641585409839422),50,,Trees
123,17598,804479930,-97.7752990243047,30.641675241034378,jbspiritous@gmail.com,false,2026-03-10 04:01,243.8 secs,CEO: Mapbox Satellite w/ Labels,,POINT(-97.7752990243047 30.641675241034378),50,,Built-up structures
123,17599,804479931,-97.77519461458282,30.640866757276143,jbspiritous@gmail.com,false,2026-03-10 04:01,243.8 secs,CEO: Mapbox Satellite w/ Labels,,POINT(-97.77519461458282 30.640866757276143),50,,Built-up structures
123,17600,804479932,-97.77519461458282,30.64095658913857,jbspiritous@gmail.com,false,2026-03-10 04:01,243.8 secs,CEO: Mapbox Satellite w/ Labels,,POINT(-97.77519461458282 30.64095658913857),50,,Grasses
123,17601,804479933,-97.77519461458282,30.641046420917547,jbspiritous@gmail.com,false,2026-03-10 04:01,243.8 secs,CEO: Mapbox Satellite w/ Labels,,POINT(-97.77519461458282 30.641046420917547),50,,Built-up
123,17602,804479934,-97.77519461458282,30.64113625261311,jbspiritous@gmail.com,false,2026-03-10 04:01,243.8 secs,CEO: Mapbox Satellite w/ Labels,,POINT(-97.77519461458282 30.64113625261311),50,,Trees
123,17603,804479935,-97.77519461458282,30.641226084225224,jbspiritous@gmail.com,false,2026-03-10 04:01,243.8 secs,CEO: Mapbox Satellite w/ Labels,,POINT(-97.77519461458282 30.641226084225224),50,,Trees
123,17604,804479936,-97.77519461458282,30.641315915753907,jbspiritous@gmail.com,false,2026-03-10 04:01,243.8 secs,CEO: Mapbox Satellite w/ Labels,,POINT(-97.77519461458282 30.641315915753907),50,,Trees
123,17605,804479937,-97.77519461458282,30.641405747199173,jbspiritous@gmail.com,false,2026-03-10 04:01,243.8 secs,CEO: Mapbox Satellite w/ Labels,,POINT(-97.77519461458282 30.641405747199173),50,,Trees
123,17606,804479938,-97.77519461458282,30.641495578561006,jbspiritous@gmail.com,false,2026-03-10 04:01,243.8 secs,CEO: Mapbox Satellite w/ Labels,,POINT(-97.77519461458282 30.641495578561006),50,,Trees
123,17607,804479939,-97.77519461458282,30.641585409839422,jbspiritous@gmail.com,false,2026-03-10 04:01,243.8 secs,CEO: Mapbox Satellite w/ Labels,,POINT(-97.77519461458282 30.641585409839422),50,,Trees
123,17608,804479940,-97.77519461458282,30.641675241034378,jbspiritous@gmail.com,false,2026-03-10 04:01,243.8 secs,CEO: Mapbox Satellite w/ Labels,,POINT(-97.77519461458282 30.641675241034378),50,,Built-up structures
123,17609,804479941,-97.77509020486093,30.640866757276143,jbspiritous@gmail.com,false,2026-03-10 04:01,243.8 secs,CEO: Mapbox Satellite w/ Labels,,POINT(-97.77509020486093 30.640866757276143),50,,Built-up structures
123,17610,804479942,-97.77509020486093,30.64095658913857,jbspiritous@gmail.com,false,2026-03-10 04:01,243.8 secs,CEO: Mapbox Satellite w/ Labels,,POINT(-97.77509020486093 30.64095658913857),50,,Grasses
123,17611,804479943,-97.77509020486093,30.641046420917547,jbspiritous@gmail.com,false,2026-03-10 04:01,243.8 secs,CEO: Mapbox Satellite w/ Labels,,POINT(-97.77509020486093 30.641046420917547),50,,Built-up structures
123,17612,804479944,-97.77509020486093,30.64113625261311,jbspiritous@gmail.com,false,2026-03-10 04:01,243.8 secs,CEO: Mapbox Satellite w/ Labels,,POINT(-97.77509020486093 30.64113625261311),50,,Built-up structures
123,17613,804479945,-97.77509020486093,30.641226084225224,jbspiritous@gmail.com,false,2026-03-10 04:01,243.8 secs,CEO: Mapbox Satellite w/ Labels,,POINT(-97.77509020486093 30.641226084225224),50,,Trees
123,17614,804479946,-97.77509020486093,30.641315915753907,jbspiritous@gmail.com,false,2026-03-10 04:01,243.8 secs,CEO: Mapbox Satellite w/ Labels,,POINT(-97.77509020486093 30.641315915753907),50,,Trees
123,17615,804479947,-97.77509020486093,30.641405747199173,jbspiritous@gmail.com,false,2026-03-10 04:01,243.8 secs,CEO: Mapbox Satellite w/ Labels,,POINT(-97.77509020486093 30.641405747199173),50,,Trees
123,17616,804479948,-97.77509020486093,30.641495578561006,jbspiritous@gmail.com,false,2026-03-10 04:01,243.8 secs,CEO: Mapbox Satellite w/ Labels,,POINT(-97.77509020486093 30.641495578561006),50,,Trees
123,17617,804479949,-97.77509020486093,30.641585409839422,jbspiritous@gmail.com,false,2026-03-10 04:01,243.8 secs,CEO: Mapbox Satellite w/ Labels,,POINT(-97.77509020486093 30.641585409839422),50,,Trees
123,17618,804479950,-97.77509020486093,30.641675241034378,jbspiritous@gmail.com,false,2026-03-10 04:01,243.8 secs,CEO: Mapbox Satellite w/ Labels,,POINT(-97.77509020486093 30.641675241034378),50,,Trees
123,17619,804479951,-97.77498579513905,30.640866757276143,jbspiritous@gmail.com,false,2026-03-10 04:01,243.8 secs,CEO: Mapbox Satellite w/ Labels,,POINT(-97.77498579513905 30.640866757276143),50,,Built-up structures
123,17620,804479952,-97.77498579513905,30.64095658913857,jbspiritous@gmail.com,false,2026-03-10 04:01,243.8 secs,CEO: Mapbox Satellite w/ Labels,,POINT(-97.77498579513905 30.64095658913857),50,,Trees
123,17621,804479953,-97.77498579513905,30.641046420917547,jbspiritous@gmail.com,false,2026-03-10 04:01,243.8 secs,CEO: Mapbox Satellite w/ Labels,,POINT(-97.77498579513905 30.641046420917547),50,,Built-up structures
123,17622,804479954,-97.77498579513905,30.64113625261311,jbspiritous@gmail.com,false,2026-03-10 04:01,243.8 secs,CEO: Mapbox Satellite w/ Labels,,POINT(-97.77498579513905 30.64113625261311),50,,Built-up structures
123,17623,804479955,-97.77498579513905,30.641226084225224,jbspiritous@gmail.com,false,2026-03-10 04:01,243.8 secs,CEO: Mapbox Satellite w/ Labels,,POINT(-97.77498579513905 30.641226084225224),50,,Grasses
123,17624,804479956,-97.77498579513905,30.641315915753907,jbspiritous@gmail.com,false,2026-03-10 04:01,243.8 secs,CEO: Mapbox Satellite w/ Labels,,POINT(-97.77498579513905 30.641315915753907),50,,Trees
123,17625,804479957,-97.77498579513905,30.641405747199173,jbspiritous@gmail.com,false,2026-03-10 04:01,243.8 secs,CEO: Mapbox Satellite w/ Labels,,POINT(-97.77498579513905 30.641405747199173),50,,Trees
123,17626,804479958,-97.77498579513905,30.641495578561006,jbspiritous@gmail.com,false,2026-03-10 04:01,243.8 secs,CEO: Mapbox Satellite w/ Labels,,POINT(-97.77498579513905 30.641495578561006),50,,Trees
123,17627,804479959,-97.77498579513905,30.641585409839422,jbspiritous@gmail.com,false,2026-03-10 04:01,243.8 secs,CEO: Mapbox Satellite w/ Labels,,POINT(-97.77498579513905 30.641585409839422),50,,Built-up
123,17628,804479960,-97.77498579513905,30.641675241034378,jbspiritous@gmail.com,false,2026-03-10 04:01,243.8 secs,CEO: Mapbox Satellite w/ Labels,,POINT(-97.77498579513905 30.641675241034378),50,,Built-up
123,17629,804479961,-97.77488138541716,30.640866757276143,jbspiritous@gmail.com,false,2026-03-10 04:01,243.8 secs,CEO: Mapbox Satellite w/ Labels,,POINT(-97.77488138541716 30.640866757276143),50,,Built-up structures
123,17630,804479962,-97.77488138541716,30.64095658913857,jbspiritous@gmail.com,false,2026-03-10 04:01,243.8 secs,CEO: Mapbox Satellite w/ Labels,,POINT(-97.77488138541716 30.64095658913857),50,,Built-up structures
123,17631,804479963,-97.77488138541716,30.641046420917547,jbspiritous@gmail.com,false,2026-03-10 04:01,243.8 secs,CEO: Mapbox Satellite w/ Labels,,POINT(-97.77488138541716 30.641046420917547),50,,Built-up structures
123,17632,804479964,-97.77488138541716,30.64113625261311,jbspiritous@gmail.com,false,2026-03-10 04:01,243.8 secs,CEO: Mapbox Satellite w/ Labels,,POINT(-97.77488138541716 30.64113625261311),50,,Built-up structures
123,17633,804479965,-97.77488138541716,30.641226084225224,jbspiritous@gmail.com,false,2026-03-10 04:01,243.8 secs,CEO: Mapbox Satellite w/ Labels,,POINT(-97.77488138541716 30.641226084225224),50,,Built-up structures
123,17634,804479966,-97.77488138541716,30.641315915753907,jbspiritous@gmail.com,false,2026-03-10 04:01,243.8 secs,CEO: Mapbox Satellite w/ Labels,,POINT(-97.77488138541716 30.641315915753907),50,,Grasses
123,17635,804479967,-97.77488138541716,30.641405747199173,jbspiritous@gmail.com,false,2026-03-10 04:01,243.8 secs,CEO: Mapbox Satellite w/ Labels,,POINT(-97.77488138541716 30.641405747199173),50,,Grasses
123,17636,804479968,-97.77488138541716,30.641495578561006,jbspiritous@gmail.com,false,2026-03-10 04:01,243.8 secs,CEO: Mapbox Satellite w/ Labels,,POINT(-97.77488138541716 30.641495578561006),50,,Built-up
123,17637,804479969,-97.77488138541716,30.641585409839422,jbspiritous@gmail.com,false,2026-03-10 04:01,243.8 secs,CEO: Mapbox Satellite w/ Labels,,POINT(-97.77488138541716 30.641585409839422),50,,Built-up
123,17638,804479970,-97.77488138541716,30.641675241034378,jbspiritous@gmail.com,false,2026-03-10 04:01,243.8 secs,CEO: Mapbox Satellite w/ Labels,,POINT(-97.77488138541716 30.641675241034378),50,,Trees
123,17639,804479971,-97.77477697569527,30.640866757276143,jbspiritous@gmail.com,false,2026-03-10 04:01,243.8 secs,CEO: Mapbox Satellite w/ Labels,,POINT(-97.77477697569527 30.640866757276143),50,,Built-up structures
123,17640,804479972,-97.77477697569527,30.64095658913857,jbspiritous@gmail.com,false,2026-03-10 04:01,243.8 secs,CEO: Mapbox Satellite w/ Labels,,POINT(-97.77477697569527 30.64095658913857),50,,Built-up structures
123,17641,804479973,-97.77477697569527,30.641046420917547,jbspiritous@gmail.com,false,2026-03-10 04:01,243.8 secs,CEO: Mapbox Satellite w/ Labels,,POINT(-97.77477697569527 30.641046420917547),50,,Built-up structures
123,17642,804479974,-97.77477697569527,30.64113625261311,jbspiritous@gmail.com,false,2026-03-10 04:01,243.8 secs,CEO: Mapbox Satellite w/ Labels,,POINT(-97.77477697569527 30.64113625261311),50,,Built-up structures
123,17643,804479975,-97.77477697569527,30.641226084225224,jbspiritous@gmail.com,false,2026-03-10 04:01,243.8 secs,CEO: Mapbox Satellite w/ Labels,,POINT(-97.77477697569527 30.641226084225224),50,,Grasses
123,17644,804479976,-97.77477697569527,30.641315915753907,jbspiritous@gmail.com,false,2026-03-10 04:01,243.8 secs,CEO: Mapbox Satellite w/ Labels,,POINT(-97.77477697569527 30.641315915753907),50,,Built-up
123,17645,804479977,-97.77477697569527,30.641405747199173,jbspiritous@gmail.com,false,2026-03-10 04:01,243.8 secs,CEO: Mapbox Satellite w/ Labels,,POINT(-97.77477697569527 30.641405747199173),50,,Built-up
123,17646,804479978,-97.77477697569527,30.641495578561006,jbspiritous@gmail.com,false,2026-03-10 04:01,243.8 secs,CEO: Mapbox Satellite w/ Labels,,POINT(-97.77477697569527 30.641495578561006),50,,Built-up
123,17647,804479979,-97.77477697569527,30.641585409839422,jbspiritous@gmail.com,false,2026-03-10 04:01,243.8 secs,CEO: Mapbox Satellite w/ Labels,,POINT(-97.77477697569527 30.641585409839422),50,,Trees
123,17648,804479980,-97.77477697569527,30.641675241034378,jbspiritous@gmail.com,false,2026-03-10 04:01,243.8 secs,CEO: Mapbox Satellite w/ Labels,,POINT(-97.77477697569527 30.641675241034378),50,,Grasses
123,17649,804479981,-97.77467256597338,30.640866757276143,jbspiritous@gmail.com,false,2026-03-10 04:01,243.8 secs,CEO: Mapbox Satellite w/ Labels,,POINT(-97.77467256597338 30.640866757276143),50,,Built-up structures
123,17650,804479982,-97.77467256597338,30.64095658913857,jbspiritous@gmail.com,false,2026-03-10 04:01,243.8 secs,CEO: Mapbox Satellite w/ Labels,,POINT(-97.77467256597338 30.64095658913857),50,,Built-up structures
123,17651,804479983,-97.77467256597338,30.641046420917547,jbspiritous@gmail.com,false,2026-03-10 04:01,243.8 secs,CEO: Mapbox Satellite w/ Labels,,POINT(-97.77467256597338 30.641046420917547),50,,Built-up
123,17652,804479984,-97.77467256597338,30.64113625261311,jbspiritous@gmail.com,false,2026-03-10 04:01,243.8 secs,CEO: Mapbox Satellite w/ Labels,,POINT(-97.77467256597338 30.64113625261311),50,,Built-up
123,17653,804479985,-97.77467256597338,30.641226084225224,jbspiritous@gmail.com,false,2026-03-10 04:01,243.8 secs,CEO: Mapbox Satellite w/ Labels,,POINT(-97.77467256597338 30.641226084225224),50,,Grasses
123,17654,804479986,-97.77467256597338,30.641315915753907,jbspiritous@gmail.com,false,2026-03-10 04:01,243.8 secs,CEO: Mapbox Satellite w/ Labels,,POINT(-97.77467256597338 30.641315915753907),50,,Built-up
123,17655,804479987,-97.77467256597338,30.641405747199173,jbspiritous@gmail.com,false,2026-03-10 04:01,243.8 secs,CEO: Mapbox Satellite w/ Labels,,POINT(-97.77467256597338 30.641405747199173),50,,Built-up
123,17656,804479988,-97.77467256597338,30.641495578561006,jbspiritous@gmail.com,false,2026-03-10 04:01,243.8 secs,CEO: Mapbox Satellite w/ Labels,,POINT(-97.77467256597338 30.641495578561006),50,,Grasses
123,17657,804479989,-97.77467256597338,30.641585409839422,jbspiritous@gmail.com,false,2026-03-10 04:01,243.8 secs,CEO: Mapbox Satellite w/ Labels,,POINT(-97.77467256597338 30.641585409839422),50,,Grasses
123,17658,804479990,-97.77467256597338,30.641675241034378,jbspiritous@gmail.com,false,2026-03-10 04:01,243.8 secs,CEO: Mapbox Satellite w/ Labels,,POINT(-97.77467256597338 30.641675241034378),50,,Grasses
123,17659,804479991,-97.77456815625149,30.640866757276143,jbspiritous@gmail.com,false,2026-03-10 04:01,243.8 secs,CEO: Mapbox Satellite w/ Labels,,POINT(-97.77456815625149 30.640866757276143),50,,Built-up structures
123,17660,804479992,-97.77456815625149,30.64095658913857,jbspiritous@gmail.com,false,2026-03-10 04:01,243.8 secs,CEO: Mapbox Satellite w/ Labels,,POINT(-97.77456815625149 30.64095658913857),50,,Built-up structures
123,17661,804479993,-97.77456815625149,30.641046420917547,jbspiritous@gmail.com,false,2026-03-10 04:01,243.8 secs,CEO: Mapbox Satellite w/ Labels,,POINT(-97.77456815625149 30.641046420917547),50,,Built-up
123,17662,804479994,-97.77456815625149,30.64113625261311,jbspiritous@gmail.com,false,2026-03-10 04:01,243.8 secs,CEO: Mapbox Satellite w/ Labels,,POINT(-97.77456815625149 30.64113625261311),50,,Built-up
123,17663,804479995,-97.77456815625149,30.641226084225224,jbspiritous@gmail.com,false,2026-03-10 04:01,243.8 secs,CEO: Mapbox Satellite w/ Labels,,POINT(-97.77456815625149 30.641226084225224),50,,Built-up
123,17664,804479996,-97.77456815625149,30.641315915753907,jbspiritous@gmail.com,false,2026-03-10 04:01,243.8 secs,CEO: Mapbox Satellite w/ Labels,,POINT(-97.77456815625149 30.641315915753907),50,,Built-up
123,17665,804479997,-97.77456815625149,30.641405747199173,jbspiritous@gmail.com,false,2026-03-10 04:01,243.8 secs,CEO: Mapbox Satellite w/ Labels,,POINT(-97.77456815625149 30.641405747199173),50,,Grasses
123,17666,804479998,-97.77456815625149,30.641495578561006,jbspiritous@gmail.com,false,2026-03-10 04:01,243.8 secs,CEO: Mapbox Satellite w/ Labels,,POINT(-97.77456815625149 30.641495578561006),50,,Trees
123,17667,804479999,-97.77456815625149,30.641585409839422,jbspiritous@gmail.com,false,2026-03-10 04:01,243.8 secs,CEO: Mapbox Satellite w/ Labels,,POINT(-97.77456815625149 30.641585409839422),50,,Grasses
123,17668,804480000,-97.77456815625149,30.641675241034378,jbspiritous@gmail.com,false,2026-03-10 04:01,243.8 secs,CEO: Mapbox Satellite w/ Labels,,POINT(-97.77456815625149 30.641675241034378),50,,Trees
124,17713,804480001,-97.77550786559085,30.645362757276004,jbspiritous@gmail.com,false,2026-03-10 04:05,215.3 secs,CEO: Mapbox Satellite w/ Labels,,POINT(-97.77550786559085 30.645362757276004),50,,Trees
124,17714,804480002,-97.77550786559085,30.645452589138472,jbspiritous@gmail.com,false,2026-03-10 04:05,215.3 secs,CEO: Mapbox Satellite w/ Labels,,POINT(-97.77550786559085 30.645452589138472),50,,Trees
124,17715,804480003,-97.77550786559085,30.645542420917522,jbspiritous@gmail.com,false,2026-03-10 04:05,215.3 secs,CEO: Mapbox Satellite w/ Labels,,POINT(-97.77550786559085 30.645542420917522),50,,Trees
124,17716,804480004,-97.77550786559085,30.645632252613083,jbspiritous@gmail.com,false,2026-03-10 04:05,215.3 secs,CEO: Mapbox Satellite w/ Labels,,POINT(-97.77550786559085 30.645632252613083),50,,Built-up structures
124,17717,804480005,-97.77550786559085,30.645722084225213,jbspiritous@gmail.com,false,2026-03-10 04:05,215.3 secs,CEO: Mapbox Satellite w/ Labels,,POINT(-97.77550786559085 30.645722084225213),50,,Built-up structures
124,17718,804480006,-97.77550786559085,30.645811915753924,jbspiritous@gmail.com,false,2026-03-10 04:05,215.3 secs,CEO: Mapbox Satellite w/ Labels,,POINT(-97.77550786559085 30.645811915753924),50,,Built-up structures
124,17719,804480007,-97.77550786559085,30.64590174719919,jbspiritous@gmail.com,false,2026-03-10 04:05,215.3 secs,CEO: Mapbox Satellite w/ Labels,,POINT(-97.77550786559085 30.64590174719919),50,,Built-up structures
124,17720,804480008,-97.77550786559085,30.645991578560967,jbspiritous@gmail.com,false,2026-03-10 04:05,215.3 secs,CEO: Mapbox Satellite w/ Labels,,POINT(-97.77550786559085 30.645991578560967),50,,Trees
124,17721,804480009,-97.77550786559085,30.64608140983934,jbspiritous@gmail.com,false,2026-03-10 04:05,215.3 secs,CEO: Mapbox Satellite w/ Labels,,POINT(-97.77550786559085 30.64608140983934),50,,Trees
124,17722,804480010,-97.77550786559085,30.64617124103424,jbspiritous@gmail.com,false,2026-03-10 04:05,215.3 secs,CEO: Mapbox Satellite w/ Labels,,POINT(-97.77550786559085 30.64617124103424),50,,Trees
124,17723,804480011,-97.77540345101512,30.645362757276004,jbspiritous@gmail.com,false,2026-03-10 04:05,215.3 secs,CEO: Mapbox Satellite w/ Labels,,POINT(-97.77540345101512 30.645362757276004),50,,Trees
124,17724,804480012,-97.77540345101512,30.645452589138472,jbspiritous@gmail.com,false,2026-03-10 04:05,215.3 secs,CEO: Mapbox Satellite w/ Labels,,POINT(-97.77540345101512 30.645452589138472),50,,Trees
124,17725,804480013,-97.77540345101512,30.645542420917522,jbspiritous@gmail.com,false,2026-03-10 04:05,215.3 secs,CEO: Mapbox Satellite w/ Labels,,POINT(-97.77540345101512 30.645542420917522),50,,Trees
124,17726,804480014,-97.77540345101512,30.645632252613083,jbspiritous@gmail.com,false,2026-03-10 04:05,215.3 secs,CEO: Mapbox Satellite w/ Labels,,POINT(-97.77540345101512 30.645632252613083),50,,Trees
124,17727,804480015,-97.77540345101512,30.645722084225213,jbspiritous@gmail.com,false,2026-03-10 04:05,215.3 secs,CEO: Mapbox Satellite w/ Labels,,POINT(-97.77540345101512 30.645722084225213),50,,Built-up structures
124,17728,804480016,-97.77540345101512,30.645811915753924,jbspiritous@gmail.com,false,2026-03-10 04:05,215.3 secs,CEO: Mapbox Satellite w/ Labels,,POINT(-97.77540345101512 30.645811915753924),50,,Built-up structures
124,17729,804480017,-97.77540345101512,30.64590174719919,jbspiritous@gmail.com,false,2026-03-10 04:05,215.3 secs,CEO: Mapbox Satellite w/ Labels,,POINT(-97.77540345101512 30.64590174719919),50,,Built-up
124,17730,804480018,-97.77540345101512,30.645991578560967,jbspiritous@gmail.com,false,2026-03-10 04:05,215.3 secs,CEO: Mapbox Satellite w/ Labels,,POINT(-97.77540345101512 30.645991578560967),50,,Built-up
124,17731,804480019,-97.77540345101512,30.64608140983934,jbspiritous@gmail.com,false,2026-03-10 04:05,215.3 secs,CEO: Mapbox Satellite w/ Labels,,POINT(-97.77540345101512 30.64608140983934),50,,Built-up
124,17732,804480020,-97.77540345101512,30.64617124103424,jbspiritous@gmail.com,false,2026-03-10 04:05,215.3 secs,CEO: Mapbox Satellite w/ Labels,,POINT(-97.77540345101512 30.64617124103424),50,,Built-up
124,17733,804480021,-97.77529903643936,30.645362757276004,jbspiritous@gmail.com,false,2026-03-10 04:05,215.3 secs,CEO: Mapbox Satellite w/ Labels,,POINT(-97.77529903643936 30.645362757276004),50,,Built-up
124,17734,804480022,-97.77529903643936,30.645452589138472,jbspiritous@gmail.com,false,2026-03-10 04:05,215.3 secs,CEO: Mapbox Satellite w/ Labels,,POINT(-97.77529903643936 30.645452589138472),50,,Built-up
124,17735,804480023,-97.77529903643936,30.645542420917522,jbspiritous@gmail.com,false,2026-03-10 04:05,215.3 secs,CEO: Mapbox Satellite w/ Labels,,POINT(-97.77529903643936 30.645542420917522),50,,Built-up
124,17736,804480024,-97.77529903643936,30.645632252613083,jbspiritous@gmail.com,false,2026-03-10 04:05,215.3 secs,CEO: Mapbox Satellite w/ Labels,,POINT(-97.77529903643936 30.645632252613083),50,,Built-up
124,17737,804480025,-97.77529903643936,30.645722084225213,jbspiritous@gmail.com,false,2026-03-10 04:05,215.3 secs,CEO: Mapbox Satellite w/ Labels,,POINT(-97.77529903643936 30.645722084225213),50,,Built-up
124,17738,804480026,-97.77529903643936,30.645811915753924,jbspiritous@gmail.com,false,2026-03-10 04:05,215.3 secs,CEO: Mapbox Satellite w/ Labels,,POINT(-97.77529903643936 30.645811915753924),50,,Built-up
124,17739,804480027,-97.77529903643936,30.64590174719919,jbspiritous@gmail.com,false,2026-03-10 04:05,215.3 secs,CEO: Mapbox Satellite w/ Labels,,POINT(-97.77529903643936 30.64590174719919),50,,Built-up
124,17740,804480028,-97.77529903643936,30.645991578560967,jbspiritous@gmail.com,false,2026-03-10 04:05,215.3 secs,CEO: Mapbox Satellite w/ Labels,,POINT(-97.77529903643936 30.645991578560967),50,,Trees
124,17741,804480029,-97.77529903643936,30.64608140983934,jbspiritous@gmail.com,false,2026-03-10 04:05,215.3 secs,CEO: Mapbox Satellite w/ Labels,,POINT(-97.77529903643936 30.64608140983934),50,,Trees
124,17742,804480030,-97.77529903643936,30.64617124103424,jbspiritous@gmail.com,false,2026-03-10 04:05,215.3 secs,CEO: Mapbox Satellite w/ Labels,,POINT(-97.77529903643936 30.64617124103424),50,,Trees
124,17743,804480031,-97.77519462186362,30.645362757276004,jbspiritous@gmail.com,false,2026-03-10 04:05,215.3 secs,CEO: Mapbox Satellite w/ Labels,,POINT(-97.77519462186362 30.645362757276004),50,,Trees
124,17744,804480032,-97.77519462186362,30.645452589138472,jbspiritous@gmail.com,false,2026-03-10 04:05,215.3 secs,CEO: Mapbox Satellite w/ Labels,,POINT(-97.77519462186362 30.645452589138472),50,,Trees
124,17745,804480033,-97.77519462186362,30.645542420917522,jbspiritous@gmail.com,false,2026-03-10 04:05,215.3 secs,CEO: Mapbox Satellite w/ Labels,,POINT(-97.77519462186362 30.645542420917522),50,,Trees
124,17746,804480034,-97.77519462186362,30.645632252613083,jbspiritous@gmail.com,false,2026-03-10 04:05,215.3 secs,CEO: Mapbox Satellite w/ Labels,,POINT(-97.77519462186362 30.645632252613083),50,,Trees
124,17747,804480035,-97.77519462186362,30.645722084225213,jbspiritous@gmail.com,false,2026-03-10 04:05,215.3 secs,CEO: Mapbox Satellite w/ Labels,,POINT(-97.77519462186362 30.645722084225213),50,,Trees
124,17748,804480036,-97.77519462186362,30.645811915753924,jbspiritous@gmail.com,false,2026-03-10 04:05,215.3 secs,CEO: Mapbox Satellite w/ Labels,,POINT(-97.77519462186362 30.645811915753924),50,,Trees
124,17749,804480037,-97.77519462186362,30.64590174719919,jbspiritous@gmail.com,false,2026-03-10 04:05,215.3 secs,CEO: Mapbox Satellite w/ Labels,,POINT(-97.77519462186362 30.64590174719919),50,,Trees
124,17750,804480038,-97.77519462186362,30.645991578560967,jbspiritous@gmail.com,false,2026-03-10 04:05,215.3 secs,CEO: Mapbox Satellite w/ Labels,,POINT(-97.77519462186362 30.645991578560967),50,,Trees
124,17751,804480039,-97.77519462186362,30.64608140983934,jbspiritous@gmail.com,false,2026-03-10 04:05,215.3 secs,CEO: Mapbox Satellite w/ Labels,,POINT(-97.77519462186362 30.64608140983934),50,,Trees
124,17752,804480040,-97.77519462186362,30.64617124103424,jbspiritous@gmail.com,false,2026-03-10 04:05,215.3 secs,CEO: Mapbox Satellite w/ Labels,,POINT(-97.77519462186362 30.64617124103424),50,,Grasses
124,17753,804480041,-97.77509020728786,30.645362757276004,jbspiritous@gmail.com,false,2026-03-10 04:05,215.3 secs,CEO: Mapbox Satellite w/ Labels,,POINT(-97.77509020728786 30.645362757276004),50,,Trees
124,17754,804480042,-97.77509020728786,30.645452589138472,jbspiritous@gmail.com,false,2026-03-10 04:05,215.3 secs,CEO: Mapbox Satellite w/ Labels,,POINT(-97.77509020728786 30.645452589138472),50,,Trees
124,17755,804480043,-97.77509020728786,30.645542420917522,jbspiritous@gmail.com,false,2026-03-10 04:05,215.3 secs,CEO: Mapbox Satellite w/ Labels,,POINT(-97.77509020728786 30.645542420917522),50,,Trees
124,17756,804480044,-97.77509020728786,30.645632252613083,jbspiritous@gmail.com,false,2026-03-10 04:05,215.3 secs,CEO: Mapbox Satellite w/ Labels,,POINT(-97.77509020728786 30.645632252613083),50,,Trees
124,17757,804480045,-97.77509020728786,30.645722084225213,jbspiritous@gmail.com,false,2026-03-10 04:05,215.3 secs,CEO: Mapbox Satellite w/ Labels,,POINT(-97.77509020728786 30.645722084225213),50,,Grasses
124,17758,804480046,-97.77509020728786,30.645811915753924,jbspiritous@gmail.com,false,2026-03-10 04:05,215.3 secs,CEO: Mapbox Satellite w/ Labels,,POINT(-97.77509020728786 30.645811915753924),50,,Grasses
124,17759,804480047,-97.77509020728786,30.64590174719919,jbspiritous@gmail.com,false,2026-03-10 04:05,215.3 secs,CEO: Mapbox Satellite w/ Labels,,POINT(-97.77509020728786 30.64590174719919),50,,Grasses
124,17760,804480048,-97.77509020728786,30.645991578560967,jbspiritous@gmail.com,false,2026-03-10 04:05,215.3 secs,CEO: Mapbox Satellite w/ Labels,,POINT(-97.77509020728786 30.645991578560967),50,,Trees
124,17761,804480049,-97.77509020728786,30.64608140983934,jbspiritous@gmail.com,false,2026-03-10 04:05,215.3 secs,CEO: Mapbox Satellite w/ Labels,,POINT(-97.77509020728786 30.64608140983934),50,,Trees
124,17762,804480050,-97.77509020728786,30.64617124103424,jbspiritous@gmail.com,false,2026-03-10 04:05,215.3 secs,CEO: Mapbox Satellite w/ Labels,,POINT(-97.77509020728786 30.64617124103424),50,,Trees
124,17763,804480051,-97.77498579271212,30.645362757276004,jbspiritous@gmail.com,false,2026-03-10 04:05,215.3 secs,CEO: Mapbox Satellite w/ Labels,,POINT(-97.77498579271212 30.645362757276004),50,,Trees
124,17764,804480052,-97.77498579271212,30.645452589138472,jbspiritous@gmail.com,false,2026-03-10 04:05,215.3 secs,CEO: Mapbox Satellite w/ Labels,,POINT(-97.77498579271212 30.645452589138472),50,,Trees
124,17765,804480053,-97.77498579271212,30.645542420917522,jbspiritous@gmail.com,false,2026-03-10 04:05,215.3 secs,CEO: Mapbox Satellite w/ Labels,,POINT(-97.77498579271212 30.645542420917522),50,,Trees
124,17766,804480054,-97.77498579271212,30.645632252613083,jbspiritous@gmail.com,false,2026-03-10 04:05,215.3 secs,CEO: Mapbox Satellite w/ Labels,,POINT(-97.77498579271212 30.645632252613083),50,,Trees
124,17767,804480055,-97.77498579271212,30.645722084225213,jbspiritous@gmail.com,false,2026-03-10 04:05,215.3 secs,CEO: Mapbox Satellite w/ Labels,,POINT(-97.77498579271212 30.645722084225213),50,,Grasses
124,17768,804480056,-97.77498579271212,30.645811915753924,jbspiritous@gmail.com,false,2026-03-10 04:05,215.3 secs,CEO: Mapbox Satellite w/ Labels,,POINT(-97.77498579271212 30.645811915753924),50,,Grasses
124,17769,804480057,-97.77498579271212,30.64590174719919,jbspiritous@gmail.com,false,2026-03-10 04:05,215.3 secs,CEO: Mapbox Satellite w/ Labels,,POINT(-97.77498579271212 30.64590174719919),50,,Grasses
124,17770,804480058,-97.77498579271212,30.645991578560967,jbspiritous@gmail.com,false,2026-03-10 04:05,215.3 secs,CEO: Mapbox Satellite w/ Labels,,POINT(-97.77498579271212 30.645991578560967),50,,Grasses
124,17771,804480059,-97.77498579271212,30.64608140983934,jbspiritous@gmail.com,false,2026-03-10 04:05,215.3 secs,CEO: Mapbox Satellite w/ Labels,,POINT(-97.77498579271212 30.64608140983934),50,,Trees
124,17772,804480060,-97.77498579271212,30.64617124103424,jbspiritous@gmail.com,false,2026-03-10 04:05,215.3 secs,CEO: Mapbox Satellite w/ Labels,,POINT(-97.77498579271212 30.64617124103424),50,,Trees
124,17773,804480061,-97.77488137813636,30.645362757276004,jbspiritous@gmail.com,false,2026-03-10 04:05,215.3 secs,CEO: Mapbox Satellite w/ Labels,,POINT(-97.77488137813636 30.645362757276004),50,,Trees
124,17774,804480062,-97.77488137813636,30.645452589138472,jbspiritous@gmail.com,false,2026-03-10 04:05,215.3 secs,CEO: Mapbox Satellite w/ Labels,,POINT(-97.77488137813636 30.645452589138472),50,,Trees
124,17775,804480063,-97.77488137813636,30.645542420917522,jbspiritous@gmail.com,false,2026-03-10 04:05,215.3 secs,CEO: Mapbox Satellite w/ Labels,,POINT(-97.77488137813636 30.645542420917522),50,,Trees
124,17776,804480064,-97.77488137813636,30.645632252613083,jbspiritous@gmail.com,false,2026-03-10 04:05,215.3 secs,CEO: Mapbox Satellite w/ Labels,,POINT(-97.77488137813636 30.645632252613083),50,,Trees
124,17777,804480065,-97.77488137813636,30.645722084225213,jbspiritous@gmail.com,false,2026-03-10 04:05,215.3 secs,CEO: Mapbox Satellite w/ Labels,,POINT(-97.77488137813636 30.645722084225213),50,,Trees
124,17778,804480066,-97.77488137813636,30.645811915753924,jbspiritous@gmail.com,false,2026-03-10 04:05,215.3 secs,CEO: Mapbox Satellite w/ Labels,,POINT(-97.77488137813636 30.645811915753924),50,,Grasses
124,17779,804480067,-97.77488137813636,30.64590174719919,jbspiritous@gmail.com,false,2026-03-10 04:05,215.3 secs,CEO: Mapbox Satellite w/ Labels,,POINT(-97.77488137813636 30.64590174719919),50,,Grasses
124,17780,804480068,-97.77488137813636,30.645991578560967,jbspiritous@gmail.com,false,2026-03-10 04:05,215.3 secs,CEO: Mapbox Satellite w/ Labels,,POINT(-97.77488137813636 30.645991578560967),50,,Trees
124,17781,804480069,-97.77488137813636,30.64608140983934,jbspiritous@gmail.com,false,2026-03-10 04:05,215.3 secs,CEO: Mapbox Satellite w/ Labels,,POINT(-97.77488137813636 30.64608140983934),50,,Trees
124,17782,804480070,-97.77488137813636,30.64617124103424,jbspiritous@gmail.com,false,2026-03-10 04:05,215.3 secs,CEO: Mapbox Satellite w/ Labels,,POINT(-97.77488137813636 30.64617124103424),50,,Trees
124,17783,804480071,-97.77477696356061,30.645362757276004,jbspiritous@gmail.com,false,2026-03-10 04:05,215.3 secs,CEO: Mapbox Satellite w/ Labels,,POINT(-97.77477696356061 30.645362757276004),50,,Trees
124,17784,804480072,-97.77477696356061,30.645452589138472,jbspiritous@gmail.com,false,2026-03-10 04:05,215.3 secs,CEO: Mapbox Satellite w/ Labels,,POINT(-97.77477696356061 30.645452589138472),50,,Trees
124,17785,804480073,-97.77477696356061,30.645542420917522,jbspiritous@gmail.com,false,2026-03-10 04:05,215.3 secs,CEO: Mapbox Satellite w/ Labels,,POINT(-97.77477696356061 30.645542420917522),50,,Trees
124,17786,804480074,-97.77477696356061,30.645632252613083,jbspiritous@gmail.com,false,2026-03-10 04:05,215.3 secs,CEO: Mapbox Satellite w/ Labels,,POINT(-97.77477696356061 30.645632252613083),50,,Trees
124,17787,804480075,-97.77477696356061,30.645722084225213,jbspiritous@gmail.com,false,2026-03-10 04:05,215.3 secs,CEO: Mapbox Satellite w/ Labels,,POINT(-97.77477696356061 30.645722084225213),50,,Trees
124,17788,804480076,-97.77477696356061,30.645811915753924,jbspiritous@gmail.com,false,2026-03-10 04:05,215.3 secs,CEO: Mapbox Satellite w/ Labels,,POINT(-97.77477696356061 30.645811915753924),50,,Trees
124,17789,804480077,-97.77477696356061,30.64590174719919,jbspiritous@gmail.com,false,2026-03-10 04:05,215.3 secs,CEO: Mapbox Satellite w/ Labels,,POINT(-97.77477696356061 30.64590174719919),50,,Trees
124,17790,804480078,-97.77477696356061,30.645991578560967,jbspiritous@gmail.com,false,2026-03-10 04:05,215.3 secs,CEO: Mapbox Satellite w/ Labels,,POINT(-97.77477696356061 30.645991578560967),50,,Trees
124,17791,804480079,-97.77477696356061,30.64608140983934,jbspiritous@gmail.com,false,2026-03-10 04:05,215.3 secs,CEO: Mapbox Satellite w/ Labels,,POINT(-97.77477696356061 30.64608140983934),50,,Trees
124,17792,804480080,-97.77477696356061,30.64617124103424,jbspiritous@gmail.com,false,2026-03-10 04:05,215.3 secs,CEO: Mapbox Satellite w/ Labels,,POINT(-97.77477696356061 30.64617124103424),50,,Trees
124,17793,804480081,-97.77467254898485,30.645362757276004,jbspiritous@gmail.com,false,2026-03-10 04:05,215.3 secs,CEO: Mapbox Satellite w/ Labels,,POINT(-97.77467254898485 30.645362757276004),50,,Trees
124,17794,804480082,-97.77467254898485,30.645452589138472,jbspiritous@gmail.com,false,2026-03-10 04:05,215.3 secs,CEO: Mapbox Satellite w/ Labels,,POINT(-97.77467254898485 30.645452589138472),50,,Trees
124,17795,804480083,-97.77467254898485,30.645542420917522,jbspiritous@gmail.com,false,2026-03-10 04:05,215.3 secs,CEO: Mapbox Satellite w/ Labels,,POINT(-97.77467254898485 30.645542420917522),50,,Trees
124,17796,804480084,-97.77467254898485,30.645632252613083,jbspiritous@gmail.com,false,2026-03-10 04:05,215.3 secs,CEO: Mapbox Satellite w/ Labels,,POINT(-97.77467254898485 30.645632252613083),50,,Trees
124,17797,804480085,-97.77467254898485,30.645722084225213,jbspiritous@gmail.com,false,2026-03-10 04:05,215.3 secs,CEO: Mapbox Satellite w/ Labels,,POINT(-97.77467254898485 30.645722084225213),50,,Trees
124,17798,804480086,-97.77467254898485,30.645811915753924,jbspiritous@gmail.com,false,2026-03-10 04:05,215.3 secs,CEO: Mapbox Satellite w/ Labels,,POINT(-97.77467254898485 30.645811915753924),50,,Trees
124,17799,804480087,-97.77467254898485,30.64590174719919,jbspiritous@gmail.com,false,2026-03-10 04:05,215.3 secs,CEO: Mapbox Satellite w/ Labels,,POINT(-97.77467254898485 30.64590174719919),50,,Trees
124,17800,804480088,-97.77467254898485,30.645991578560967,jbspiritous@gmail.com,false,2026-03-10 04:05,215.3 secs,CEO: Mapbox Satellite w/ Labels,,POINT(-97.77467254898485 30.645991578560967),50,,Trees
124,17801,804480089,-97.77467254898485,30.64608140983934,jbspiritous@gmail.com,false,2026-03-10 04:05,215.3 secs,CEO: Mapbox Satellite w/ Labels,,POINT(-97.77467254898485 30.64608140983934),50,,Trees
124,17802,804480090,-97.77467254898485,30.64617124103424,jbspiritous@gmail.com,false,2026-03-10 04:05,215.3 secs,CEO: Mapbox Satellite w/ Labels,,POINT(-97.77467254898485 30.64617124103424),50,,Trees
124,17803,804480091,-97.77456813440912,30.645362757276004,jbspiritous@gmail.com,false,2026-03-10 04:05,215.3 secs,CEO: Mapbox Satellite w/ Labels,,POINT(-97.77456813440912 30.645362757276004),50,,Trees
124,17804,804480092,-97.77456813440912,30.645452589138472,jbspiritous@gmail.com,false,2026-03-10 04:05,215.3 secs,CEO: Mapbox Satellite w/ Labels,,POINT(-97.77456813440912 30.645452589138472),50,,Trees
124,17805,804480093,-97.77456813440912,30.645542420917522,jbspiritous@gmail.com,false,2026-03-10 04:05,215.3 secs,CEO: Mapbox Satellite w/ Labels,,POINT(-97.77456813440912 30.645542420917522),50,,Trees
124,17806,804480094,-97.77456813440912,30.645632252613083,jbspiritous@gmail.com,false,2026-03-10 04:05,215.3 secs,CEO: Mapbox Satellite w/ Labels,,POINT(-97.77456813440912 30.645632252613083),50,,Trees
124,17807,804480095,-97.77456813440912,30.645722084225213,jbspiritous@gmail.com,false,2026-03-10 04:05,215.3 secs,CEO: Mapbox Satellite w/ Labels,,POINT(-97.77456813440912 30.645722084225213),50,,Trees
124,17808,804480096,-97.77456813440912,30.645811915753924,jbspiritous@gmail.com,false,2026-03-10 04:05,215.3 secs,CEO: Mapbox Satellite w/ Labels,,POINT(-97.77456813440912 30.645811915753924),50,,Trees
124,17809,804480097,-97.77456813440912,30.64590174719919,jbspiritous@gmail.com,false,2026-03-10 04:05,215.3 secs,CEO: Mapbox Satellite w/ Labels,,POINT(-97.77456813440912 30.64590174719919),50,,Trees
124,17810,804480098,-97.77456813440912,30.645991578560967,jbspiritous@gmail.com,false,2026-03-10 04:05,215.3 secs,CEO: Mapbox Satellite w/ Labels,,POINT(-97.77456813440912 30.645991578560967),50,,Trees
124,17811,804480099,-97.77456813440912,30.64608140983934,jbspiritous@gmail.com,false,2026-03-10 04:05,215.3 secs,CEO: Mapbox Satellite w/ Labels,,POINT(-97.77456813440912 30.64608140983934),50,,Trees
124,17812,804480100,-97.77456813440912,30.64617124103424,jbspiritous@gmail.com,false,2026-03-10 04:05,215.3 secs,CEO: Mapbox Satellite w/ Labels,,POINT(-97.77456813440912 30.64617124103424),50,,Trees
125,17857,804480101,-97.77028275641366,30.62287975727672,jbspiritous@gmail.com,false,2026-03-10 04:08,216.3 secs,CEO: Mapbox Satellite w/ Labels,,POINT(-97.77028275641366 30.62287975727672),50,,Grasses
125,17858,804480102,-97.77028275641366,30.622969589138904,jbspiritous@gmail.com,false,2026-03-10 04:08,216.3 secs,CEO: Mapbox Satellite w/ Labels,,POINT(-97.77028275641366 30.622969589138904),50,,Grasses
125,17859,804480103,-97.77028275641366,30.6230594209177,jbspiritous@gmail.com,false,2026-03-10 04:08,216.3 secs,CEO: Mapbox Satellite w/ Labels,,POINT(-97.77028275641366 30.6230594209177),50,,Built-up structures
125,17860,804480104,-97.77028275641366,30.623149252613146,jbspiritous@gmail.com,false,2026-03-10 04:08,216.3 secs,CEO: Mapbox Satellite w/ Labels,,POINT(-97.77028275641366 30.623149252613146),50,,Built-up structures
125,17861,804480105,-97.77028275641366,30.62323908422519,jbspiritous@gmail.com,false,2026-03-10 04:08,216.3 secs,CEO: Mapbox Satellite w/ Labels,,POINT(-97.77028275641366 30.62323908422519),50,,Built-up
125,17862,804480106,-97.77028275641366,30.623328915753916,jbspiritous@gmail.com,false,2026-03-10 04:08,216.3 secs,CEO: Mapbox Satellite w/ Labels,,POINT(-97.77028275641366 30.623328915753916),50,,Built-up structures
125,17863,804480107,-97.77028275641366,30.62341874719921,jbspiritous@gmail.com,false,2026-03-10 04:08,216.3 secs,CEO: Mapbox Satellite w/ Labels,,POINT(-97.77028275641366 30.62341874719921),50,,Built-up structures
125,17864,804480108,-97.77028275641366,30.623508578561186,jbspiritous@gmail.com,false,2026-03-10 04:08,216.3 secs,CEO: Mapbox Satellite w/ Labels,,POINT(-97.77028275641366 30.623508578561186),50,,Built-up structures
125,17865,804480109,-97.77028275641366,30.623598409839772,jbspiritous@gmail.com,false,2026-03-10 04:08,216.3 secs,CEO: Mapbox Satellite w/ Labels,,POINT(-97.77028275641366 30.623598409839772),50,,Grasses
125,17866,804480110,-97.77028275641366,30.623688241034955,jbspiritous@gmail.com,false,2026-03-10 04:08,216.3 secs,CEO: Mapbox Satellite w/ Labels,,POINT(-97.77028275641366 30.623688241034955),50,,Grasses
125,17867,804480111,-97.77017836609953,30.62287975727672,jbspiritous@gmail.com,false,2026-03-10 04:08,216.3 secs,CEO: Mapbox Satellite w/ Labels,,POINT(-97.77017836609953 30.62287975727672),50,,Built-up structures
125,17868,804480112,-97.77017836609953,30.622969589138904,jbspiritous@gmail.com,false,2026-03-10 04:08,216.3 secs,CEO: Mapbox Satellite w/ Labels,,POINT(-97.77017836609953 30.622969589138904),50,,Built-up structures
125,17869,804480113,-97.77017836609953,30.6230594209177,jbspiritous@gmail.com,false,2026-03-10 04:08,216.3 secs,CEO: Mapbox Satellite w/ Labels,,POINT(-97.77017836609953 30.6230594209177),50,,Built-up structures
125,17870,804480114,-97.77017836609953,30.623149252613146,jbspiritous@gmail.com,false,2026-03-10 04:08,216.3 secs,CEO: Mapbox Satellite w/ Labels,,POINT(-97.77017836609953 30.623149252613146),50,,Built-up
125,17871,804480115,-97.77017836609953,30.62323908422519,jbspiritous@gmail.com,false,2026-03-10 04:08,216.3 secs,CEO: Mapbox Satellite w/ Labels,,POINT(-97.77017836609953 30.62323908422519),50,,Built-up
125,17872,804480116,-97.77017836609953,30.623328915753916,jbspiritous@gmail.com,false,2026-03-10 04:08,216.3 secs,CEO: Mapbox Satellite w/ Labels,,POINT(-97.77017836609953 30.623328915753916),50,,Built-up structures
125,17873,804480117,-97.77017836609953,30.62341874719921,jbspiritous@gmail.com,false,2026-03-10 04:08,216.3 secs,CEO: Mapbox Satellite w/ Labels,,POINT(-97.77017836609953 30.62341874719921),50,,Built-up structures
125,17874,804480118,-97.77017836609953,30.623508578561186,jbspiritous@gmail.com,false,2026-03-10 04:08,216.3 secs,CEO: Mapbox Satellite w/ Labels,,POINT(-97.77017836609953 30.623508578561186),50,,Built-up structures
125,17875,804480119,-97.77017836609953,30.623598409839772,jbspiritous@gmail.com,false,2026-03-10 04:08,216.3 secs,CEO: Mapbox Satellite w/ Labels,,POINT(-97.77017836609953 30.623598409839772),50,,Grasses
125,17876,804480120,-97.77017836609953,30.623688241034955,jbspiritous@gmail.com,false,2026-03-10 04:08,216.3 secs,CEO: Mapbox Satellite w/ Labels,,POINT(-97.77017836609953 30.623688241034955),50,,Built-up structures
125,17877,804480121,-97.77007397578537,30.62287975727672,jbspiritous@gmail.com,false,2026-03-10 04:08,216.3 secs,CEO: Mapbox Satellite w/ Labels,,POINT(-97.77007397578537 30.62287975727672),50,,Built-up structures
125,17878,804480122,-97.77007397578537,30.622969589138904,jbspiritous@gmail.com,false,2026-03-10 04:08,216.3 secs,CEO: Mapbox Satellite w/ Labels,,POINT(-97.77007397578537 30.622969589138904),50,,Built-up structures
125,17879,804480123,-97.77007397578537,30.6230594209177,jbspiritous@gmail.com,false,2026-03-10 04:08,216.3 secs,CEO: Mapbox Satellite w/ Labels,,POINT(-97.77007397578537 30.6230594209177),50,,Built-up structures
125,17880,804480124,-97.77007397578537,30.623149252613146,jbspiritous@gmail.com,false,2026-03-10 04:08,216.3 secs,CEO: Mapbox Satellite w/ Labels,,POINT(-97.77007397578537 30.623149252613146),50,,Built-up
125,17881,804480125,-97.77007397578537,30.62323908422519,jbspiritous@gmail.com,false,2026-03-10 04:08,216.3 secs,CEO: Mapbox Satellite w/ Labels,,POINT(-97.77007397578537 30.62323908422519),50,,Built-up
125,17882,804480126,-97.77007397578537,30.623328915753916,jbspiritous@gmail.com,false,2026-03-10 04:08,216.3 secs,CEO: Mapbox Satellite w/ Labels,,POINT(-97.77007397578537 30.623328915753916),50,,Built-up structures
125,17883,804480127,-97.77007397578537,30.62341874719921,jbspiritous@gmail.com,false,2026-03-10 04:08,216.3 secs,CEO: Mapbox Satellite w/ Labels,,POINT(-97.77007397578537 30.62341874719921),50,,Built-up structures
125,17884,804480128,-97.77007397578537,30.623508578561186,jbspiritous@gmail.com,false,2026-03-10 04:08,216.3 secs,CEO: Mapbox Satellite w/ Labels,,POINT(-97.77007397578537 30.623508578561186),50,,Built-up structures
125,17885,804480129,-97.77007397578537,30.623598409839772,jbspiritous@gmail.com,false,2026-03-10 04:08,216.3 secs,CEO: Mapbox Satellite w/ Labels,,POINT(-97.77007397578537 30.623598409839772),50,,Grasses
125,17886,804480130,-97.77007397578537,30.623688241034955,jbspiritous@gmail.com,false,2026-03-10 04:08,216.3 secs,CEO: Mapbox Satellite w/ Labels,,POINT(-97.77007397578537 30.623688241034955),50,,Grasses
125,17887,804480131,-97.76996958547122,30.62287975727672,jbspiritous@gmail.com,false,2026-03-10 04:08,216.3 secs,CEO: Mapbox Satellite w/ Labels,,POINT(-97.76996958547122 30.62287975727672),50,,Built-up structures
125,17888,804480132,-97.76996958547122,30.622969589138904,jbspiritous@gmail.com,false,2026-03-10 04:08,216.3 secs,CEO: Mapbox Satellite w/ Labels,,POINT(-97.76996958547122 30.622969589138904),50,,Grasses
125,17889,804480133,-97.76996958547122,30.6230594209177,jbspiritous@gmail.com,false,2026-03-10 04:08,216.3 secs,CEO: Mapbox Satellite w/ Labels,,POINT(-97.76996958547122 30.6230594209177),50,,Built-up structures
125,17890,804480134,-97.76996958547122,30.623149252613146,jbspiritous@gmail.com,false,2026-03-10 04:08,216.3 secs,CEO: Mapbox Satellite w/ Labels,,POINT(-97.76996958547122 30.623149252613146),50,,Built-up
125,17891,804480135,-97.76996958547122,30.62323908422519,jbspiritous@gmail.com,false,2026-03-10 04:08,216.3 secs,CEO: Mapbox Satellite w/ Labels,,POINT(-97.76996958547122 30.62323908422519),50,,Built-up
125,17892,804480136,-97.76996958547122,30.623328915753916,jbspiritous@gmail.com,false,2026-03-10 04:08,216.3 secs,CEO: Mapbox Satellite w/ Labels,,POINT(-97.76996958547122 30.623328915753916),50,,Built-up structures
125,17893,804480137,-97.76996958547122,30.62341874719921,jbspiritous@gmail.com,false,2026-03-10 04:08,216.3 secs,CEO: Mapbox Satellite w/ Labels,,POINT(-97.76996958547122 30.62341874719921),50,,Built-up structures
125,17894,804480138,-97.76996958547122,30.623508578561186,jbspiritous@gmail.com,false,2026-03-10 04:08,216.3 secs,CEO: Mapbox Satellite w/ Labels,,POINT(-97.76996958547122 30.623508578561186),50,,Built-up structures
125,17895,804480139,-97.76996958547122,30.623598409839772,jbspiritous@gmail.com,false,2026-03-10 04:08,216.3 secs,CEO: Mapbox Satellite w/ Labels,,POINT(-97.76996958547122 30.623598409839772),50,,Grasses
125,17896,804480140,-97.76996958547122,30.623688241034955,jbspiritous@gmail.com,false,2026-03-10 04:08,216.3 secs,CEO: Mapbox Satellite w/ Labels,,POINT(-97.76996958547122 30.623688241034955),50,,Grasses
125,17897,804480141,-97.76986519515708,30.62287975727672,jbspiritous@gmail.com,false,2026-03-10 04:08,216.3 secs,CEO: Mapbox Satellite w/ Labels,,POINT(-97.76986519515708 30.62287975727672),50,,Built-up
125,17898,804480142,-97.76986519515708,30.622969589138904,jbspiritous@gmail.com,false,2026-03-10 04:08,216.3 secs,CEO: Mapbox Satellite w/ Labels,,POINT(-97.76986519515708 30.622969589138904),50,,Built-up
125,17899,804480143,-97.76986519515708,30.6230594209177,jbspiritous@gmail.com,false,2026-03-10 04:08,216.3 secs,CEO: Mapbox Satellite w/ Labels,,POINT(-97.76986519515708 30.6230594209177),50,,Built-up
125,17900,804480144,-97.76986519515708,30.623149252613146,jbspiritous@gmail.com,false,2026-03-10 04:08,216.3 secs,CEO: Mapbox Satellite w/ Labels,,POINT(-97.76986519515708 30.623149252613146),50,,Built-up
125,17901,804480145,-97.76986519515708,30.62323908422519,jbspiritous@gmail.com,false,2026-03-10 04:08,216.3 secs,CEO: Mapbox Satellite w/ Labels,,POINT(-97.76986519515708 30.62323908422519),50,,Built-up
125,17902,804480146,-97.76986519515708,30.623328915753916,jbspiritous@gmail.com,false,2026-03-10 04:08,216.3 secs,CEO: Mapbox Satellite w/ Labels,,POINT(-97.76986519515708 30.623328915753916),50,,Built-up
125,17903,804480147,-97.76986519515708,30.62341874719921,jbspiritous@gmail.com,false,2026-03-10 04:08,216.3 secs,CEO: Mapbox Satellite w/ Labels,,POINT(-97.76986519515708 30.62341874719921),50,,Built-up structures
125,17904,804480148,-97.76986519515708,30.623508578561186,jbspiritous@gmail.com,false,2026-03-10 04:08,216.3 secs,CEO: Mapbox Satellite w/ Labels,,POINT(-97.76986519515708 30.623508578561186),50,,Built-up structures
125,17905,804480149,-97.76986519515708,30.623598409839772,jbspiritous@gmail.com,false,2026-03-10 04:08,216.3 secs,CEO: Mapbox Satellite w/ Labels,,POINT(-97.76986519515708 30.623598409839772),50,,Grasses
125,17906,804480150,-97.76986519515708,30.623688241034955,jbspiritous@gmail.com,false,2026-03-10 04:08,216.3 secs,CEO: Mapbox Satellite w/ Labels,,POINT(-97.76986519515708 30.623688241034955),50,,Built-up structures
125,17907,804480151,-97.76976080484293,30.62287975727672,jbspiritous@gmail.com,false,2026-03-10 04:08,216.3 secs,CEO: Mapbox Satellite w/ Labels,,POINT(-97.76976080484293 30.62287975727672),50,,Built-up
125,17908,804480152,-97.76976080484293,30.622969589138904,jbspiritous@gmail.com,false,2026-03-10 04:08,216.3 secs,CEO: Mapbox Satellite w/ Labels,,POINT(-97.76976080484293 30.622969589138904),50,,Built-up
125,17909,804480153,-97.76976080484293,30.6230594209177,jbspiritous@gmail.com,false,2026-03-10 04:08,216.3 secs,CEO: Mapbox Satellite w/ Labels,,POINT(-97.76976080484293 30.6230594209177),50,,Built-up
125,17910,804480154,-97.76976080484293,30.623149252613146,jbspiritous@gmail.com,false,2026-03-10 04:08,216.3 secs,CEO: Mapbox Satellite w/ Labels,,POINT(-97.76976080484293 30.623149252613146),50,,Built-up
125,17911,804480155,-97.76976080484293,30.62323908422519,jbspiritous@gmail.com,false,2026-03-10 04:08,216.3 secs,CEO: Mapbox Satellite w/ Labels,,POINT(-97.76976080484293 30.62323908422519),50,,Built-up
125,17912,804480156,-97.76976080484293,30.623328915753916,jbspiritous@gmail.com,false,2026-03-10 04:08,216.3 secs,CEO: Mapbox Satellite w/ Labels,,POINT(-97.76976080484293 30.623328915753916),50,,Built-up
125,17913,804480157,-97.76976080484293,30.62341874719921,jbspiritous@gmail.com,false,2026-03-10 04:08,216.3 secs,CEO: Mapbox Satellite w/ Labels,,POINT(-97.76976080484293 30.62341874719921),50,,Built-up
125,17914,804480158,-97.76976080484293,30.623508578561186,jbspiritous@gmail.com,false,2026-03-10 04:08,216.3 secs,CEO: Mapbox Satellite w/ Labels,,POINT(-97.76976080484293 30.623508578561186),50,,Built-up
125,17915,804480159,-97.76976080484293,30.623598409839772,jbspiritous@gmail.com,false,2026-03-10 04:08,216.3 secs,CEO: Mapbox Satellite w/ Labels,,POINT(-97.76976080484293 30.623598409839772),50,,Built-up
125,17916,804480160,-97.76976080484293,30.623688241034955,jbspiritous@gmail.com,false,2026-03-10 04:08,216.3 secs,CEO: Mapbox Satellite w/ Labels,,POINT(-97.76976080484293 30.623688241034955),50,,Built-up
125,17917,804480161,-97.76965641452878,30.62287975727672,jbspiritous@gmail.com,false,2026-03-10 04:08,216.3 secs,CEO: Mapbox Satellite w/ Labels,,POINT(-97.76965641452878 30.62287975727672),50,,Built-up structures
125,17918,804480162,-97.76965641452878,30.622969589138904,jbspiritous@gmail.com,false,2026-03-10 04:08,216.3 secs,CEO: Mapbox Satellite w/ Labels,,POINT(-97.76965641452878 30.622969589138904),50,,Built-up structures
125,17919,804480163,-97.76965641452878,30.6230594209177,jbspiritous@gmail.com,false,2026-03-10 04:08,216.3 secs,CEO: Mapbox Satellite w/ Labels,,POINT(-97.76965641452878 30.6230594209177),50,,Built-up structures
125,17920,804480164,-97.76965641452878,30.623149252613146,jbspiritous@gmail.com,false,2026-03-10 04:08,216.3 secs,CEO: Mapbox Satellite w/ Labels,,POINT(-97.76965641452878 30.623149252613146),50,,Built-up
125,17921,804480165,-97.76965641452878,30.62323908422519,jbspiritous@gmail.com,false,2026-03-10 04:08,216.3 secs,CEO: Mapbox Satellite w/ Labels,,POINT(-97.76965641452878 30.62323908422519),50,,Built-up
125,17922,804480166,-97.76965641452878,30.623328915753916,jbspiritous@gmail.com,false,2026-03-10 04:08,216.3 secs,CEO: Mapbox Satellite w/ Labels,,POINT(-97.76965641452878 30.623328915753916),50,,Built-up
125,17923,804480167,-97.76965641452878,30.62341874719921,jbspiritous@gmail.com,false,2026-03-10 04:08,216.3 secs,CEO: Mapbox Satellite w/ Labels,,POINT(-97.76965641452878 30.62341874719921),50,,Built-up
125,17924,804480168,-97.76965641452878,30.623508578561186,jbspiritous@gmail.com,false,2026-03-10 04:08,216.3 secs,CEO: Mapbox Satellite w/ Labels,,POINT(-97.76965641452878 30.623508578561186),50,,Built-up
125,17925,804480169,-97.76965641452878,30.623598409839772,jbspiritous@gmail.com,false,2026-03-10 04:08,216.3 secs,CEO: Mapbox Satellite w/ Labels,,POINT(-97.76965641452878 30.623598409839772),50,,Built-up
125,17926,804480170,-97.76965641452878,30.623688241034955,jbspiritous@gmail.com,false,2026-03-10 04:08,216.3 secs,CEO: Mapbox Satellite w/ Labels,,POINT(-97.76965641452878 30.623688241034955),50,,Built-up
125,17927,804480171,-97.76955202421463,30.62287975727672,jbspiritous@gmail.com,false,2026-03-10 04:08,216.3 secs,CEO: Mapbox Satellite w/ Labels,,POINT(-97.76955202421463 30.62287975727672),50,,Built-up structures
125,17928,804480172,-97.76955202421463,30.622969589138904,jbspiritous@gmail.com,false,2026-03-10 04:08,216.3 secs,CEO: Mapbox Satellite w/ Labels,,POINT(-97.76955202421463 30.622969589138904),50,,Built-up structures
125,17929,804480173,-97.76955202421463,30.6230594209177,jbspiritous@gmail.com,false,2026-03-10 04:08,216.3 secs,CEO: Mapbox Satellite w/ Labels,,POINT(-97.76955202421463 30.6230594209177),50,,Built-up structures
125,17930,804480174,-97.76955202421463,30.623149252613146,jbspiritous@gmail.com,false,2026-03-10 04:08,216.3 secs,CEO: Mapbox Satellite w/ Labels,,POINT(-97.76955202421463 30.623149252613146),50,,Built-up structures
125,17931,804480175,-97.76955202421463,30.62323908422519,jbspiritous@gmail.com,false,2026-03-10 04:08,216.3 secs,CEO: Mapbox Satellite w/ Labels,,POINT(-97.76955202421463 30.62323908422519),50,,Built-up structures
125,17932,804480176,-97.76955202421463,30.623328915753916,jbspiritous@gmail.com,false,2026-03-10 04:08,216.3 secs,CEO: Mapbox Satellite w/ Labels,,POINT(-97.76955202421463 30.623328915753916),50,,Built-up structures
125,17933,804480177,-97.76955202421463,30.62341874719921,jbspiritous@gmail.com,false,2026-03-10 04:08,216.3 secs,CEO: Mapbox Satellite w/ Labels,,POINT(-97.76955202421463 30.62341874719921),50,,Grasses
125,17934,804480178,-97.76955202421463,30.623508578561186,jbspiritous@gmail.com,false,2026-03-10 04:08,216.3 secs,CEO: Mapbox Satellite w/ Labels,,POINT(-97.76955202421463 30.623508578561186),50,,Grasses
125,17935,804480179,-97.76955202421463,30.623598409839772,jbspiritous@gmail.com,false,2026-03-10 04:08,216.3 secs,CEO: Mapbox Satellite w/ Labels,,POINT(-97.76955202421463 30.623598409839772),50,,Grasses
125,17936,804480180,-97.76955202421463,30.623688241034955,jbspiritous@gmail.com,false,2026-03-10 04:08,216.3 secs,CEO: Mapbox Satellite w/ Labels,,POINT(-97.76955202421463 30.623688241034955),50,,Grasses
125,17937,804480181,-97.7694476339005,30.62287975727672,jbspiritous@gmail.com,false,2026-03-10 04:08,216.3 secs,CEO: Mapbox Satellite w/ Labels,,POINT(-97.7694476339005 30.62287975727672),50,,Grasses
125,17938,804480182,-97.7694476339005,30.622969589138904,jbspiritous@gmail.com,false,2026-03-10 04:08,216.3 secs,CEO: Mapbox Satellite w/ Labels,,POINT(-97.7694476339005 30.622969589138904),50,,Grasses
125,17939,804480183,-97.7694476339005,30.6230594209177,jbspiritous@gmail.com,false,2026-03-10 04:08,216.3 secs,CEO: Mapbox Satellite w/ Labels,,POINT(-97.7694476339005 30.6230594209177),50,,Built-up structures
125,17940,804480184,-97.7694476339005,30.623149252613146,jbspiritous@gmail.com,false,2026-03-10 04:08,216.3 secs,CEO: Mapbox Satellite w/ Labels,,POINT(-97.7694476339005 30.623149252613146),50,,Built-up structures
125,17941,804480185,-97.7694476339005,30.62323908422519,jbspiritous@gmail.com,false,2026-03-10 04:08,216.3 secs,CEO: Mapbox Satellite w/ Labels,,POINT(-97.7694476339005 30.62323908422519),50,,Built-up structures
125,17942,804480186,-97.7694476339005,30.623328915753916,jbspiritous@gmail.com,false,2026-03-10 04:08,216.3 secs,CEO: Mapbox Satellite w/ Labels,,POINT(-97.7694476339005 30.623328915753916),50,,Built-up structures
125,17943,804480187,-97.7694476339005,30.62341874719921,jbspiritous@gmail.com,false,2026-03-10 04:08,216.3 secs,CEO: Mapbox Satellite w/ Labels,,POINT(-97.7694476339005 30.62341874719921),50,,Grasses
125,17944,804480188,-97.7694476339005,30.623508578561186,jbspiritous@gmail.com,false,2026-03-10 04:08,216.3 secs,CEO: Mapbox Satellite w/ Labels,,POINT(-97.7694476339005 30.623508578561186),50,,Water
125,17945,804480189,-97.7694476339005,30.623598409839772,jbspiritous@gmail.com,false,2026-03-10 04:08,216.3 secs,CEO: Mapbox Satellite w/ Labels,,POINT(-97.7694476339005 30.623598409839772),50,,Water
125,17946,804480190,-97.7694476339005,30.623688241034955,jbspiritous@gmail.com,false,2026-03-10 04:08,216.3 secs,CEO: Mapbox Satellite w/ Labels,,POINT(-97.7694476339005 30.623688241034955),50,,Water
125,17947,804480191,-97.76934324358635,30.62287975727672,jbspiritous@gmail.com,false,2026-03-10 04:08,216.3 secs,CEO: Mapbox Satellite w/ Labels,,POINT(-97.76934324358635 30.62287975727672),50,,Grasses
125,17948,804480192,-97.76934324358635,30.622969589138904,jbspiritous@gmail.com,false,2026-03-10 04:08,216.3 secs,CEO: Mapbox Satellite w/ Labels,,POINT(-97.76934324358635 30.622969589138904),50,,Grasses
125,17949,804480193,-97.76934324358635,30.6230594209177,jbspiritous@gmail.com,false,2026-03-10 04:08,216.3 secs,CEO: Mapbox Satellite w/ Labels,,POINT(-97.76934324358635 30.6230594209177),50,,Grasses
125,17950,804480194,-97.76934324358635,30.623149252613146,jbspiritous@gmail.com,false,2026-03-10 04:08,216.3 secs,CEO: Mapbox Satellite w/ Labels,,POINT(-97.76934324358635 30.623149252613146),50,,Grasses
125,17951,804480195,-97.76934324358635,30.62323908422519,jbspiritous@gmail.com,false,2026-03-10 04:08,216.3 secs,CEO: Mapbox Satellite w/ Labels,,POINT(-97.76934324358635 30.62323908422519),50,,Built-up structures
125,17952,804480196,-97.76934324358635,30.623328915753916,jbspiritous@gmail.com,false,2026-03-10 04:08,216.3 secs,CEO: Mapbox Satellite w/ Labels,,POINT(-97.76934324358635 30.623328915753916),50,,Grasses
125,17953,804480197,-97.76934324358635,30.62341874719921,jbspiritous@gmail.com,false,2026-03-10 04:08,216.3 secs,CEO: Mapbox Satellite w/ Labels,,POINT(-97.76934324358635 30.62341874719921),50,,Grasses
125,17954,804480198,-97.76934324358635,30.623508578561186,jbspiritous@gmail.com,false,2026-03-10 04:08,216.3 secs,CEO: Mapbox Satellite w/ Labels,,POINT(-97.76934324358635 30.623508578561186),50,,Water
125,17955,804480199,-97.76934324358635,30.623598409839772,jbspiritous@gmail.com,false,2026-03-10 04:08,216.3 secs,CEO: Mapbox Satellite w/ Labels,,POINT(-97.76934324358635 30.623598409839772),50,,Water
125,17956,804480200,-97.76934324358635,30.623688241034955,jbspiritous@gmail.com,false,2026-03-10 04:08,216.3 secs,CEO: Mapbox Satellite w/ Labels,,POINT(-97.76934324358635 30.623688241034955),50,,Water
126,18001,804480201,-97.7702827782412,30.627376757276608,jbspiritous@gmail.com,false,2026-03-10 04:18,597.0 secs,CEO: Mapbox Satellite w/ Labels,,POINT(-97.7702827782412 30.627376757276608),50,,Trees
126,18002,804480202,-97.7702827782412,30.627466589138834,jbspiritous@gmail.com,false,2026-03-10 04:18,597.0 secs,CEO: Mapbox Satellite w/ Labels,,POINT(-97.7702827782412 30.627466589138834),50,,Trees
126,18003,804480203,-97.7702827782412,30.627556420917685,jbspiritous@gmail.com,false,2026-03-10 04:18,597.0 secs,CEO: Mapbox Satellite w/ Labels,,POINT(-97.7702827782412 30.627556420917685),50,,Trees
126,18004,804480204,-97.7702827782412,30.62764625261316,jbspiritous@gmail.com,false,2026-03-10 04:18,597.0 secs,CEO: Mapbox Satellite w/ Labels,,POINT(-97.7702827782412 30.62764625261316),50,,Trees
126,18005,804480205,-97.7702827782412,30.627736084225234,jbspiritous@gmail.com,false,2026-03-10 04:18,597.0 secs,CEO: Mapbox Satellite w/ Labels,,POINT(-97.7702827782412 30.627736084225234),50,,Trees
126,18006,804480206,-97.7702827782412,30.62782591575393,jbspiritous@gmail.com,false,2026-03-10 04:18,597.0 secs,CEO: Mapbox Satellite w/ Labels,,POINT(-97.7702827782412 30.62782591575393),50,,Trees
126,18007,804480207,-97.7702827782412,30.62791574719924,jbspiritous@gmail.com,false,2026-03-10 04:18,597.0 secs,CEO: Mapbox Satellite w/ Labels,,POINT(-97.7702827782412 30.62791574719924),50,,Trees
126,18008,804480208,-97.7702827782412,30.628005578561158,jbspiritous@gmail.com,false,2026-03-10 04:18,597.0 secs,CEO: Mapbox Satellite w/ Labels,,POINT(-97.7702827782412 30.628005578561158),50,,Barren
126,18009,804480209,-97.7702827782412,30.628095409839673,jbspiritous@gmail.com,false,2026-03-10 04:18,597.0 secs,CEO: Mapbox Satellite w/ Labels,,POINT(-97.7702827782412 30.628095409839673),50,,Barren
126,18010,804480210,-97.7702827782412,30.628185241034856,jbspiritous@gmail.com,false,2026-03-10 04:18,597.0 secs,CEO: Mapbox Satellite w/ Labels,,POINT(-97.7702827782412 30.628185241034856),50,,Trees
126,18011,804480211,-97.7701783830765,30.627376757276608,jbspiritous@gmail.com,false,2026-03-10 04:18,597.0 secs,CEO: Mapbox Satellite w/ Labels,,POINT(-97.7701783830765 30.627376757276608),50,,Barren
126,18012,804480212,-97.7701783830765,30.627466589138834,jbspiritous@gmail.com,false,2026-03-10 04:18,597.0 secs,CEO: Mapbox Satellite w/ Labels,,POINT(-97.7701783830765 30.627466589138834),50,,Trees
126,18013,804480213,-97.7701783830765,30.627556420917685,jbspiritous@gmail.com,false,2026-03-10 04:18,597.0 secs,CEO: Mapbox Satellite w/ Labels,,POINT(-97.7701783830765 30.627556420917685),50,,Trees
126,18014,804480214,-97.7701783830765,30.62764625261316,jbspiritous@gmail.com,false,2026-03-10 04:18,597.0 secs,CEO: Mapbox Satellite w/ Labels,,POINT(-97.7701783830765 30.62764625261316),50,,Trees
126,18015,804480215,-97.7701783830765,30.627736084225234,jbspiritous@gmail.com,false,2026-03-10 04:18,597.0 secs,CEO: Mapbox Satellite w/ Labels,,POINT(-97.7701783830765 30.627736084225234),50,,Trees
126,18016,804480216,-97.7701783830765,30.62782591575393,jbspiritous@gmail.com,false,2026-03-10 04:18,597.0 secs,CEO: Mapbox Satellite w/ Labels,,POINT(-97.7701783830765 30.62782591575393),50,,Trees
126,18017,804480217,-97.7701783830765,30.62791574719924,jbspiritous@gmail.com,false,2026-03-10 04:18,597.0 secs,CEO: Mapbox Satellite w/ Labels,,POINT(-97.7701783830765 30.62791574719924),50,,Trees
126,18018,804480218,-97.7701783830765,30.628005578561158,jbspiritous@gmail.com,false,2026-03-10 04:18,597.0 secs,CEO: Mapbox Satellite w/ Labels,,POINT(-97.7701783830765 30.628005578561158),50,,Trees
126,18019,804480219,-97.7701783830765,30.628095409839673,jbspiritous@gmail.com,false,2026-03-10 04:18,597.0 secs,CEO: Mapbox Satellite w/ Labels,,POINT(-97.7701783830765 30.628095409839673),50,,Barren
126,18020,804480220,-97.7701783830765,30.628185241034856,jbspiritous@gmail.com,false,2026-03-10 04:18,597.0 secs,CEO: Mapbox Satellite w/ Labels,,POINT(-97.7701783830765 30.628185241034856),50,,Trees
126,18021,804480221,-97.77007398791177,30.627376757276608,jbspiritous@gmail.com,false,2026-03-10 04:18,597.0 secs,CEO: Mapbox Satellite w/ Labels,,POINT(-97.77007398791177 30.627376757276608),50,,Trees
126,18022,804480222,-97.77007398791177,30.627466589138834,jbspiritous@gmail.com,false,2026-03-10 04:18,597.0 secs,CEO: Mapbox Satellite w/ Labels,,POINT(-97.77007398791177 30.627466589138834),50,,Trees
126,18023,804480223,-97.77007398791177,30.627556420917685,jbspiritous@gmail.com,false,2026-03-10 04:18,597.0 secs,CEO: Mapbox Satellite w/ Labels,,POINT(-97.77007398791177 30.627556420917685),50,,Trees
126,18024,804480224,-97.77007398791177,30.62764625261316,jbspiritous@gmail.com,false,2026-03-10 04:18,597.0 secs,CEO: Mapbox Satellite w/ Labels,,POINT(-97.77007398791177 30.62764625261316),50,,Trees
126,18025,804480225,-97.77007398791177,30.627736084225234,jbspiritous@gmail.com,false,2026-03-10 04:18,597.0 secs,CEO: Mapbox Satellite w/ Labels,,POINT(-97.77007398791177 30.627736084225234),50,,Trees
126,18026,804480226,-97.77007398791177,30.62782591575393,jbspiritous@gmail.com,false,2026-03-10 04:18,597.0 secs,CEO: Mapbox Satellite w/ Labels,,POINT(-97.77007398791177 30.62782591575393),50,,Trees
126,18027,804480227,-97.77007398791177,30.62791574719924,jbspiritous@gmail.com,false,2026-03-10 04:18,597.0 secs,CEO: Mapbox Satellite w/ Labels,,POINT(-97.77007398791177 30.62791574719924),50,,Trees
126,18028,804480228,-97.77007398791177,30.628005578561158,jbspiritous@gmail.com,false,2026-03-10 04:18,597.0 secs,CEO: Mapbox Satellite w/ Labels,,POINT(-97.77007398791177 30.628005578561158),50,,Trees
126,18029,804480229,-97.77007398791177,30.628095409839673,jbspiritous@gmail.com,false,2026-03-10 04:18,597.0 secs,CEO: Mapbox Satellite w/ Labels,,POINT(-97.77007398791177 30.628095409839673),50,,Trees
126,18030,804480230,-97.77007398791177,30.628185241034856,jbspiritous@gmail.com,false,2026-03-10 04:18,597.0 secs,CEO: Mapbox Satellite w/ Labels,,POINT(-97.77007398791177 30.628185241034856),50,,Barren
126,18031,804480231,-97.76996959274706,30.627376757276608,jbspiritous@gmail.com,false,2026-03-10 04:18,597.0 secs,CEO: Mapbox Satellite w/ Labels,,POINT(-97.76996959274706 30.627376757276608),50,,Trees
126,18032,804480232,-97.76996959274706,30.627466589138834,jbspiritous@gmail.com,false,2026-03-10 04:18,597.0 secs,CEO: Mapbox Satellite w/ Labels,,POINT(-97.76996959274706 30.627466589138834),50,,Trees
126,18033,804480233,-97.76996959274706,30.627556420917685,jbspiritous@gmail.com,false,2026-03-10 04:18,597.0 secs,CEO: Mapbox Satellite w/ Labels,,POINT(-97.76996959274706 30.627556420917685),50,,Trees
126,18034,804480234,-97.76996959274706,30.62764625261316,jbspiritous@gmail.com,false,2026-03-10 04:18,597.0 secs,CEO: Mapbox Satellite w/ Labels,,POINT(-97.76996959274706 30.62764625261316),50,,Trees
126,18035,804480235,-97.76996959274706,30.627736084225234,jbspiritous@gmail.com,false,2026-03-10 04:18,597.0 secs,CEO: Mapbox Satellite w/ Labels,,POINT(-97.76996959274706 30.627736084225234),50,,Trees
126,18036,804480236,-97.76996959274706,30.62782591575393,jbspiritous@gmail.com,false,2026-03-10 04:18,597.0 secs,CEO: Mapbox Satellite w/ Labels,,POINT(-97.76996959274706 30.62782591575393),50,,Trees
126,18037,804480237,-97.76996959274706,30.62791574719924,jbspiritous@gmail.com,false,2026-03-10 04:18,597.0 secs,CEO: Mapbox Satellite w/ Labels,,POINT(-97.76996959274706 30.62791574719924),50,,Trees
126,18038,804480238,-97.76996959274706,30.628005578561158,jbspiritous@gmail.com,false,2026-03-10 04:18,597.0 secs,CEO: Mapbox Satellite w/ Labels,,POINT(-97.76996959274706 30.628005578561158),50,,Trees
126,18039,804480239,-97.76996959274706,30.628095409839673,jbspiritous@gmail.com,false,2026-03-10 04:18,597.0 secs,CEO: Mapbox Satellite w/ Labels,,POINT(-97.76996959274706 30.628095409839673),50,,Trees
126,18040,804480240,-97.76996959274706,30.628185241034856,jbspiritous@gmail.com,false,2026-03-10 04:18,597.0 secs,CEO: Mapbox Satellite w/ Labels,,POINT(-97.76996959274706 30.628185241034856),50,,Barren
126,18041,804480241,-97.76986519758236,30.627376757276608,jbspiritous@gmail.com,false,2026-03-10 04:18,597.0 secs,CEO: Mapbox Satellite w/ Labels,,POINT(-97.76986519758236 30.627376757276608),50,,Trees
126,18042,804480242,-97.76986519758236,30.627466589138834,jbspiritous@gmail.com,false,2026-03-10 04:18,597.0 secs,CEO: Mapbox Satellite w/ Labels,,POINT(-97.76986519758236 30.627466589138834),50,,Trees
126,18043,804480243,-97.76986519758236,30.627556420917685,jbspiritous@gmail.com,false,2026-03-10 04:18,597.0 secs,CEO: Mapbox Satellite w/ Labels,,POINT(-97.76986519758236 30.627556420917685),50,,Trees
126,18044,804480244,-97.76986519758236,30.62764625261316,jbspiritous@gmail.com,false,2026-03-10 04:18,597.0 secs,CEO: Mapbox Satellite w/ Labels,,POINT(-97.76986519758236 30.62764625261316),50,,Trees
126,18045,804480245,-97.76986519758236,30.627736084225234,jbspiritous@gmail.com,false,2026-03-10 04:18,597.0 secs,CEO: Mapbox Satellite w/ Labels,,POINT(-97.76986519758236 30.627736084225234),50,,Trees
126,18046,804480246,-97.76986519758236,30.62782591575393,jbspiritous@gmail.com,false,2026-03-10 04:18,597.0 secs,CEO: Mapbox Satellite w/ Labels,,POINT(-97.76986519758236 30.62782591575393),50,,Barren
126,18047,804480247,-97.76986519758236,30.62791574719924,jbspiritous@gmail.com,false,2026-03-10 04:18,597.0 secs,CEO: Mapbox Satellite w/ Labels,,POINT(-97.76986519758236 30.62791574719924),50,,Trees
126,18048,804480248,-97.76986519758236,30.628005578561158,jbspiritous@gmail.com,false,2026-03-10 04:18,597.0 secs,CEO: Mapbox Satellite w/ Labels,,POINT(-97.76986519758236 30.628005578561158),50,,Barren
126,18049,804480249,-97.76986519758236,30.628095409839673,jbspiritous@gmail.com,false,2026-03-10 04:18,597.0 secs,CEO: Mapbox Satellite w/ Labels,,POINT(-97.76986519758236 30.628095409839673),50,,Trees
126,18050,804480250,-97.76986519758236,30.628185241034856,jbspiritous@gmail.com,false,2026-03-10 04:18,597.0 secs,CEO: Mapbox Satellite w/ Labels,,POINT(-97.76986519758236 30.628185241034856),50,,Trees
126,18051,804480251,-97.76976080241764,30.627376757276608,jbspiritous@gmail.com,false,2026-03-10 04:18,597.0 secs,CEO: Mapbox Satellite w/ Labels,,POINT(-97.76976080241764 30.627376757276608),50,,Barren
126,18052,804480252,-97.76976080241764,30.627466589138834,jbspiritous@gmail.com,false,2026-03-10 04:18,597.0 secs,CEO: Mapbox Satellite w/ Labels,,POINT(-97.76976080241764 30.627466589138834),50,,Trees
126,18053,804480253,-97.76976080241764,30.627556420917685,jbspiritous@gmail.com,false,2026-03-10 04:18,597.0 secs,CEO: Mapbox Satellite w/ Labels,,POINT(-97.76976080241764 30.627556420917685),50,,Trees
126,18054,804480254,-97.76976080241764,30.62764625261316,jbspiritous@gmail.com,false,2026-03-10 04:18,597.0 secs,CEO: Mapbox Satellite w/ Labels,,POINT(-97.76976080241764 30.62764625261316),50,,Trees
126,18055,804480255,-97.76976080241764,30.627736084225234,jbspiritous@gmail.com,false,2026-03-10 04:18,597.0 secs,CEO: Mapbox Satellite w/ Labels,,POINT(-97.76976080241764 30.627736084225234),50,,Trees
126,18056,804480256,-97.76976080241764,30.62782591575393,jbspiritous@gmail.com,false,2026-03-10 04:18,597.0 secs,CEO: Mapbox Satellite w/ Labels,,POINT(-97.76976080241764 30.62782591575393),50,,Barren
126,18057,804480257,-97.76976080241764,30.62791574719924,jbspiritous@gmail.com,false,2026-03-10 04:18,597.0 secs,CEO: Mapbox Satellite w/ Labels,,POINT(-97.76976080241764 30.62791574719924),50,,Trees
126,18058,804480258,-97.76976080241764,30.628005578561158,jbspiritous@gmail.com,false,2026-03-10 04:18,597.0 secs,CEO: Mapbox Satellite w/ Labels,,POINT(-97.76976080241764 30.628005578561158),50,,Trees
126,18059,804480259,-97.76976080241764,30.628095409839673,jbspiritous@gmail.com,false,2026-03-10 04:18,597.0 secs,CEO: Mapbox Satellite w/ Labels,,POINT(-97.76976080241764 30.628095409839673),50,,Trees
126,18060,804480260,-97.76976080241764,30.628185241034856,jbspiritous@gmail.com,false,2026-03-10 04:18,597.0 secs,CEO: Mapbox Satellite w/ Labels,,POINT(-97.76976080241764 30.628185241034856),50,,Trees
126,18061,804480261,-97.76965640725294,30.627376757276608,jbspiritous@gmail.com,false,2026-03-10 04:18,597.0 secs,CEO: Mapbox Satellite w/ Labels,,POINT(-97.76965640725294 30.627376757276608),50,,Trees
126,18062,804480262,-97.76965640725294,30.627466589138834,jbspiritous@gmail.com,false,2026-03-10 04:18,597.0 secs,CEO: Mapbox Satellite w/ Labels,,POINT(-97.76965640725294 30.627466589138834),50,,Trees
126,18063,804480263,-97.76965640725294,30.627556420917685,jbspiritous@gmail.com,false,2026-03-10 04:18,597.0 secs,CEO: Mapbox Satellite w/ Labels,,POINT(-97.76965640725294 30.627556420917685),50,,Trees
126,18064,804480264,-97.76965640725294,30.62764625261316,jbspiritous@gmail.com,false,2026-03-10 04:18,597.0 secs,CEO: Mapbox Satellite w/ Labels,,POINT(-97.76965640725294 30.62764625261316),50,,Barren
126,18065,804480265,-97.76965640725294,30.627736084225234,jbspiritous@gmail.com,false,2026-03-10 04:18,597.0 secs,CEO: Mapbox Satellite w/ Labels,,POINT(-97.76965640725294 30.627736084225234),50,,Barren
126,18066,804480266,-97.76965640725294,30.62782591575393,jbspiritous@gmail.com,false,2026-03-10 04:18,597.0 secs,CEO: Mapbox Satellite w/ Labels,,POINT(-97.76965640725294 30.62782591575393),50,,Trees
126,18067,804480267,-97.76965640725294,30.62791574719924,jbspiritous@gmail.com,false,2026-03-10 04:18,597.0 secs,CEO: Mapbox Satellite w/ Labels,,POINT(-97.76965640725294 30.62791574719924),50,,Trees
126,18068,804480268,-97.76965640725294,30.628005578561158,jbspiritous@gmail.com,false,2026-03-10 04:18,597.0 secs,CEO: Mapbox Satellite w/ Labels,,POINT(-97.76965640725294 30.628005578561158),50,,Trees
126,18069,804480269,-97.76965640725294,30.628095409839673,jbspiritous@gmail.com,false,2026-03-10 04:18,597.0 secs,CEO: Mapbox Satellite w/ Labels,,POINT(-97.76965640725294 30.628095409839673),50,,Barren
126,18070,804480270,-97.76965640725294,30.628185241034856,jbspiritous@gmail.com,false,2026-03-10 04:18,597.0 secs,CEO: Mapbox Satellite w/ Labels,,POINT(-97.76965640725294 30.628185241034856),50,,Trees
126,18071,804480271,-97.76955201208823,30.627376757276608,jbspiritous@gmail.com,false,2026-03-10 04:18,597.0 secs,CEO: Mapbox Satellite w/ Labels,,POINT(-97.76955201208823 30.627376757276608),50,,Barren
126,18072,804480272,-97.76955201208823,30.627466589138834,jbspiritous@gmail.com,false,2026-03-10 04:18,597.0 secs,CEO: Mapbox Satellite w/ Labels,,POINT(-97.76955201208823 30.627466589138834),50,,Trees
126,18073,804480273,-97.76955201208823,30.627556420917685,jbspiritous@gmail.com,false,2026-03-10 04:18,597.0 secs,CEO: Mapbox Satellite w/ Labels,,POINT(-97.76955201208823 30.627556420917685),50,,Trees
126,18074,804480274,-97.76955201208823,30.62764625261316,jbspiritous@gmail.com,false,2026-03-10 04:18,597.0 secs,CEO: Mapbox Satellite w/ Labels,,POINT(-97.76955201208823 30.62764625261316),50,,Trees
126,18075,804480275,-97.76955201208823,30.627736084225234,jbspiritous@gmail.com,false,2026-03-10 04:18,597.0 secs,CEO: Mapbox Satellite w/ Labels,,POINT(-97.76955201208823 30.627736084225234),50,,Barren
126,18076,804480276,-97.76955201208823,30.62782591575393,jbspiritous@gmail.com,false,2026-03-10 04:18,597.0 secs,CEO: Mapbox Satellite w/ Labels,,POINT(-97.76955201208823 30.62782591575393),50,,Barren
126,18077,804480277,-97.76955201208823,30.62791574719924,jbspiritous@gmail.com,false,2026-03-10 04:18,597.0 secs,CEO: Mapbox Satellite w/ Labels,,POINT(-97.76955201208823 30.62791574719924),50,,Barren
126,18078,804480278,-97.76955201208823,30.628005578561158,jbspiritous@gmail.com,false,2026-03-10 04:18,597.0 secs,CEO: Mapbox Satellite w/ Labels,,POINT(-97.76955201208823 30.628005578561158),50,,Barren
126,18079,804480279,-97.76955201208823,30.628095409839673,jbspiritous@gmail.com,false,2026-03-10 04:18,597.0 secs,CEO: Mapbox Satellite w/ Labels,,POINT(-97.76955201208823 30.628095409839673),50,,Barren
126,18080,804480280,-97.76955201208823,30.628185241034856,jbspiritous@gmail.com,false,2026-03-10 04:18,597.0 secs,CEO: Mapbox Satellite w/ Labels,,POINT(-97.76955201208823 30.628185241034856),50,,Barren
126,18081,804480281,-97.7694476169235,30.627376757276608,jbspiritous@gmail.com,false,2026-03-10 04:18,597.0 secs,CEO: Mapbox Satellite w/ Labels,,POINT(-97.7694476169235 30.627376757276608),50,,Trees
126,18082,804480282,-97.7694476169235,30.627466589138834,jbspiritous@gmail.com,false,2026-03-10 04:18,597.0 secs,CEO: Mapbox Satellite w/ Labels,,POINT(-97.7694476169235 30.627466589138834),50,,Trees
126,18083,804480283,-97.7694476169235,30.627556420917685,jbspiritous@gmail.com,false,2026-03-10 04:18,597.0 secs,CEO: Mapbox Satellite w/ Labels,,POINT(-97.7694476169235 30.627556420917685),50,,Trees
126,18084,804480284,-97.7694476169235,30.62764625261316,jbspiritous@gmail.com,false,2026-03-10 04:18,597.0 secs,CEO: Mapbox Satellite w/ Labels,,POINT(-97.7694476169235 30.62764625261316),50,,Trees
126,18085,804480285,-97.7694476169235,30.627736084225234,jbspiritous@gmail.com,false,2026-03-10 04:18,597.0 secs,CEO: Mapbox Satellite w/ Labels,,POINT(-97.7694476169235 30.627736084225234),50,,Trees
126,18086,804480286,-97.7694476169235,30.62782591575393,jbspiritous@gmail.com,false,2026-03-10 04:18,597.0 secs,CEO: Mapbox Satellite w/ Labels,,POINT(-97.7694476169235 30.62782591575393),50,,Trees
126,18087,804480287,-97.7694476169235,30.62791574719924,jbspiritous@gmail.com,false,2026-03-10 04:18,597.0 secs,CEO: Mapbox Satellite w/ Labels,,POINT(-97.7694476169235 30.62791574719924),50,,Trees
126,18088,804480288,-97.7694476169235,30.628005578561158,jbspiritous@gmail.com,false,2026-03-10 04:18,597.0 secs,CEO: Mapbox Satellite w/ Labels,,POINT(-97.7694476169235 30.628005578561158),50,,Trees
126,18089,804480289,-97.7694476169235,30.628095409839673,jbspiritous@gmail.com,false,2026-03-10 04:18,597.0 secs,CEO: Mapbox Satellite w/ Labels,,POINT(-97.7694476169235 30.628095409839673),50,,Trees
126,18090,804480290,-97.7694476169235,30.628185241034856,jbspiritous@gmail.com,false,2026-03-10 04:18,597.0 secs,CEO: Mapbox Satellite w/ Labels,,POINT(-97.7694476169235 30.628185241034856),50,,Trees
126,18091,804480291,-97.7693432217588,30.627376757276608,jbspiritous@gmail.com,false,2026-03-10 04:18,597.0 secs,CEO: Mapbox Satellite w/ Labels,,POINT(-97.7693432217588 30.627376757276608),50,,Trees
126,18092,804480292,-97.7693432217588,30.627466589138834,jbspiritous@gmail.com,false,2026-03-10 04:18,597.0 secs,CEO: Mapbox Satellite w/ Labels,,POINT(-97.7693432217588 30.627466589138834),50,,Trees
126,18093,804480293,-97.7693432217588,30.627556420917685,jbspiritous@gmail.com,false,2026-03-10 04:18,597.0 secs,CEO: Mapbox Satellite w/ Labels,,POINT(-97.7693432217588 30.627556420917685),50,,Trees
126,18094,804480294,-97.7693432217588,30.62764625261316,jbspiritous@gmail.com,false,2026-03-10 04:18,597.0 secs,CEO: Mapbox Satellite w/ Labels,,POINT(-97.7693432217588 30.62764625261316),50,,Trees
126,18095,804480295,-97.7693432217588,30.627736084225234,jbspiritous@gmail.com,false,2026-03-10 04:18,597.0 secs,CEO: Mapbox Satellite w/ Labels,,POINT(-97.7693432217588 30.627736084225234),50,,Trees
126,18096,804480296,-97.7693432217588,30.62782591575393,jbspiritous@gmail.com,false,2026-03-10 04:18,597.0 secs,CEO: Mapbox Satellite w/ Labels,,POINT(-97.7693432217588 30.62782591575393),50,,Trees
126,18097,804480297,-97.7693432217588,30.62791574719924,jbspiritous@gmail.com,false,2026-03-10 04:18,597.0 secs,CEO: Mapbox Satellite w/ Labels,,POINT(-97.7693432217588 30.62791574719924),50,,Trees
126,18098,804480298,-97.7693432217588,30.628005578561158,jbspiritous@gmail.com,false,2026-03-10 04:18,597.0 secs,CEO: Mapbox Satellite w/ Labels,,POINT(-97.7693432217588 30.628005578561158),50,,Trees
126,18099,804480299,-97.7693432217588,30.628095409839673,jbspiritous@gmail.com,false,2026-03-10 04:18,597.0 secs,CEO: Mapbox Satellite w/ Labels,,POINT(-97.7693432217588 30.628095409839673),50,,Trees
126,18100,804480300,-97.7693432217588,30.628185241034856,jbspiritous@gmail.com,false,2026-03-10 04:18,597.0 secs,CEO: Mapbox Satellite w/ Labels,,POINT(-97.7693432217588 30.628185241034856),50,,Trees
127,18145,804480301,-97.77028280007364,30.631873757276438,jbspiritous@gmail.com,false,2026-03-10 04:23,316.2 secs,CEO: Mapbox Satellite w/ Labels,,POINT(-97.77028280007364 30.631873757276438),50,,Grasses
127,18146,804480302,-97.77028280007364,30.63196358913875,jbspiritous@gmail.com,false,2026-03-10 04:23,316.2 secs,CEO: Mapbox Satellite w/ Labels,,POINT(-97.77028280007364 30.63196358913875),50,,Grasses
127,18147,804480303,-97.77028280007364,30.632053420917643,jbspiritous@gmail.com,false,2026-03-10 04:23,316.2 secs,CEO: Mapbox Satellite w/ Labels,,POINT(-97.77028280007364 30.632053420917643),50,,Trees
127,18148,804480304,-97.77028280007364,30.632143252613147,jbspiritous@gmail.com,false,2026-03-10 04:23,316.2 secs,CEO: Mapbox Satellite w/ Labels,,POINT(-97.77028280007364 30.632143252613147),50,,Trees
127,18149,804480305,-97.77028280007364,30.632233084225234,jbspiritous@gmail.com,false,2026-03-10 04:23,316.2 secs,CEO: Mapbox Satellite w/ Labels,,POINT(-97.77028280007364 30.632233084225234),50,,Trees
127,18150,804480306,-97.77028280007364,30.63232291575393,jbspiritous@gmail.com,false,2026-03-10 04:23,316.2 secs,CEO: Mapbox Satellite w/ Labels,,POINT(-97.77028280007364 30.63232291575393),50,,Trees
127,18151,804480307,-97.77028280007364,30.63241274719921,jbspiritous@gmail.com,false,2026-03-10 04:23,316.2 secs,CEO: Mapbox Satellite w/ Labels,,POINT(-97.77028280007364 30.63241274719921),50,,Trees
127,18152,804480308,-97.77028280007364,30.632502578561102,jbspiritous@gmail.com,false,2026-03-10 04:23,316.2 secs,CEO: Mapbox Satellite w/ Labels,,POINT(-97.77028280007364 30.632502578561102),50,,Trees
127,18153,804480309,-97.77028280007364,30.632592409839603,jbspiritous@gmail.com,false,2026-03-10 04:23,316.2 secs,CEO: Mapbox Satellite w/ Labels,,POINT(-97.77028280007364 30.632592409839603),50,,Trees
127,18154,804480310,-97.77028280007364,30.6326822410347,jbspiritous@gmail.com,false,2026-03-10 04:23,316.2 secs,CEO: Mapbox Satellite w/ Labels,,POINT(-97.77028280007364 30.6326822410347),50,,Trees
127,18155,804480311,-97.77017840005728,30.631873757276438,jbspiritous@gmail.com,false,2026-03-10 04:23,316.2 secs,CEO: Mapbox Satellite w/ Labels,,POINT(-97.77017840005728 30.631873757276438),50,,Grasses
127,18156,804480312,-97.77017840005728,30.63196358913875,jbspiritous@gmail.com,false,2026-03-10 04:23,316.2 secs,CEO: Mapbox Satellite w/ Labels,,POINT(-97.77017840005728 30.63196358913875),50,,Trees
127,18157,804480313,-97.77017840005728,30.632053420917643,jbspiritous@gmail.com,false,2026-03-10 04:23,316.2 secs,CEO: Mapbox Satellite w/ Labels,,POINT(-97.77017840005728 30.632053420917643),50,,Trees
127,18158,804480314,-97.77017840005728,30.632143252613147,jbspiritous@gmail.com,false,2026-03-10 04:23,316.2 secs,CEO: Mapbox Satellite w/ Labels,,POINT(-97.77017840005728 30.632143252613147),50,,Trees
127,18159,804480315,-97.77017840005728,30.632233084225234,jbspiritous@gmail.com,false,2026-03-10 04:23,316.2 secs,CEO: Mapbox Satellite w/ Labels,,POINT(-97.77017840005728 30.632233084225234),50,,Trees
127,18160,804480316,-97.77017840005728,30.63232291575393,jbspiritous@gmail.com,false,2026-03-10 04:23,316.2 secs,CEO: Mapbox Satellite w/ Labels,,POINT(-97.77017840005728 30.63232291575393),50,,Trees
127,18161,804480317,-97.77017840005728,30.63241274719921,jbspiritous@gmail.com,false,2026-03-10 04:23,316.2 secs,CEO: Mapbox Satellite w/ Labels,,POINT(-97.77017840005728 30.63241274719921),50,,Trees
127,18162,804480318,-97.77017840005728,30.632502578561102,jbspiritous@gmail.com,false,2026-03-10 04:23,316.2 secs,CEO: Mapbox Satellite w/ Labels,,POINT(-97.77017840005728 30.632502578561102),50,,Trees
127,18163,804480319,-97.77017840005728,30.632592409839603,jbspiritous@gmail.com,false,2026-03-10 04:23,316.2 secs,CEO: Mapbox Satellite w/ Labels,,POINT(-97.77017840005728 30.632592409839603),50,,Grasses
127,18164,804480320,-97.77017840005728,30.6326822410347,jbspiritous@gmail.com,false,2026-03-10 04:23,316.2 secs,CEO: Mapbox Satellite w/ Labels,,POINT(-97.77017840005728 30.6326822410347),50,,Trees
127,18165,804480321,-97.7700740000409,30.631873757276438,jbspiritous@gmail.com,false,2026-03-10 04:23,316.2 secs,CEO: Mapbox Satellite w/ Labels,,POINT(-97.7700740000409 30.631873757276438),50,,Grasses
127,18166,804480322,-97.7700740000409,30.63196358913875,jbspiritous@gmail.com,false,2026-03-10 04:23,316.2 secs,CEO: Mapbox Satellite w/ Labels,,POINT(-97.7700740000409 30.63196358913875),50,,Trees
127,18167,804480323,-97.7700740000409,30.632053420917643,jbspiritous@gmail.com,false,2026-03-10 04:23,316.2 secs,CEO: Mapbox Satellite w/ Labels,,POINT(-97.7700740000409 30.632053420917643),50,,Trees
127,18168,804480324,-97.7700740000409,30.632143252613147,jbspiritous@gmail.com,false,2026-03-10 04:23,316.2 secs,CEO: Mapbox Satellite w/ Labels,,POINT(-97.7700740000409 30.632143252613147),50,,Grasses
127,18169,804480325,-97.7700740000409,30.632233084225234,jbspiritous@gmail.com,false,2026-03-10 04:23,316.2 secs,CEO: Mapbox Satellite w/ Labels,,POINT(-97.7700740000409 30.632233084225234),50,,Trees
127,18170,804480326,-97.7700740000409,30.63232291575393,jbspiritous@gmail.com,false,2026-03-10 04:23,316.2 secs,CEO: Mapbox Satellite w/ Labels,,POINT(-97.7700740000409 30.63232291575393),50,,Trees
127,18171,804480327,-97.7700740000409,30.63241274719921,jbspiritous@gmail.com,false,2026-03-10 04:23,316.2 secs,CEO: Mapbox Satellite w/ Labels,,POINT(-97.7700740000409 30.63241274719921),50,,Trees
127,18172,804480328,-97.7700740000409,30.632502578561102,jbspiritous@gmail.com,false,2026-03-10 04:23,316.2 secs,CEO: Mapbox Satellite w/ Labels,,POINT(-97.7700740000409 30.632502578561102),50,,Trees
127,18173,804480329,-97.7700740000409,30.632592409839603,jbspiritous@gmail.com,false,2026-03-10 04:23,316.2 secs,CEO: Mapbox Satellite w/ Labels,,POINT(-97.7700740000409 30.632592409839603),50,,Grasses
127,18174,804480330,-97.7700740000409,30.6326822410347,jbspiritous@gmail.com,false,2026-03-10 04:23,316.2 secs,CEO: Mapbox Satellite w/ Labels,,POINT(-97.7700740000409 30.6326822410347),50,,Trees
127,18175,804480331,-97.76996960002455,30.631873757276438,jbspiritous@gmail.com,false,2026-03-10 04:23,316.2 secs,CEO: Mapbox Satellite w/ Labels,,POINT(-97.76996960002455 30.631873757276438),50,,Trees
127,18176,804480332,-97.76996960002455,30.63196358913875,jbspiritous@gmail.com,false,2026-03-10 04:23,316.2 secs,CEO: Mapbox Satellite w/ Labels,,POINT(-97.76996960002455 30.63196358913875),50,,Trees
127,18177,804480333,-97.76996960002455,30.632053420917643,jbspiritous@gmail.com,false,2026-03-10 04:23,316.2 secs,CEO: Mapbox Satellite w/ Labels,,POINT(-97.76996960002455 30.632053420917643),50,,Trees
127,18178,804480334,-97.76996960002455,30.632143252613147,jbspiritous@gmail.com,false,2026-03-10 04:23,316.2 secs,CEO: Mapbox Satellite w/ Labels,,POINT(-97.76996960002455 30.632143252613147),50,,Trees
127,18179,804480335,-97.76996960002455,30.632233084225234,jbspiritous@gmail.com,false,2026-03-10 04:23,316.2 secs,CEO: Mapbox Satellite w/ Labels,,POINT(-97.76996960002455 30.632233084225234),50,,Trees
127,18180,804480336,-97.76996960002455,30.63232291575393,jbspiritous@gmail.com,false,2026-03-10 04:23,316.2 secs,CEO: Mapbox Satellite w/ Labels,,POINT(-97.76996960002455 30.63232291575393),50,,Trees
127,18181,804480337,-97.76996960002455,30.63241274719921,jbspiritous@gmail.com,false,2026-03-10 04:23,316.2 secs,CEO: Mapbox Satellite w/ Labels,,POINT(-97.76996960002455 30.63241274719921),50,,Trees
127,18182,804480338,-97.76996960002455,30.632502578561102,jbspiritous@gmail.com,false,2026-03-10 04:23,316.2 secs,CEO: Mapbox Satellite w/ Labels,,POINT(-97.76996960002455 30.632502578561102),50,,Trees
127,18183,804480339,-97.76996960002455,30.632592409839603,jbspiritous@gmail.com,false,2026-03-10 04:23,316.2 secs,CEO: Mapbox Satellite w/ Labels,,POINT(-97.76996960002455 30.632592409839603),50,,Grasses
127,18184,804480340,-97.76996960002455,30.6326822410347,jbspiritous@gmail.com,false,2026-03-10 04:23,316.2 secs,CEO: Mapbox Satellite w/ Labels,,POINT(-97.76996960002455 30.6326822410347),50,,Trees
127,18185,804480341,-97.76986520000818,30.631873757276438,jbspiritous@gmail.com,false,2026-03-10 04:23,316.2 secs,CEO: Mapbox Satellite w/ Labels,,POINT(-97.76986520000818 30.631873757276438),50,,Trees
127,18186,804480342,-97.76986520000818,30.63196358913875,jbspiritous@gmail.com,false,2026-03-10 04:23,316.2 secs,CEO: Mapbox Satellite w/ Labels,,POINT(-97.76986520000818 30.63196358913875),50,,Trees
127,18187,804480343,-97.76986520000818,30.632053420917643,jbspiritous@gmail.com,false,2026-03-10 04:23,316.2 secs,CEO: Mapbox Satellite w/ Labels,,POINT(-97.76986520000818 30.632053420917643),50,,Trees
127,18188,804480344,-97.76986520000818,30.632143252613147,jbspiritous@gmail.com,false,2026-03-10 04:23,316.2 secs,CEO: Mapbox Satellite w/ Labels,,POINT(-97.76986520000818 30.632143252613147),50,,Grasses
127,18189,804480345,-97.76986520000818,30.632233084225234,jbspiritous@gmail.com,false,2026-03-10 04:23,316.2 secs,CEO: Mapbox Satellite w/ Labels,,POINT(-97.76986520000818 30.632233084225234),50,,Trees
127,18190,804480346,-97.76986520000818,30.63232291575393,jbspiritous@gmail.com,false,2026-03-10 04:23,316.2 secs,CEO: Mapbox Satellite w/ Labels,,POINT(-97.76986520000818 30.63232291575393),50,,Trees
127,18191,804480347,-97.76986520000818,30.63241274719921,jbspiritous@gmail.com,false,2026-03-10 04:23,316.2 secs,CEO: Mapbox Satellite w/ Labels,,POINT(-97.76986520000818 30.63241274719921),50,,Trees
127,18192,804480348,-97.76986520000818,30.632502578561102,jbspiritous@gmail.com,false,2026-03-10 04:23,316.2 secs,CEO: Mapbox Satellite w/ Labels,,POINT(-97.76986520000818 30.632502578561102),50,,Trees
127,18193,804480349,-97.76986520000818,30.632592409839603,jbspiritous@gmail.com,false,2026-03-10 04:23,316.2 secs,CEO: Mapbox Satellite w/ Labels,,POINT(-97.76986520000818 30.632592409839603),50,,Grasses
127,18194,804480350,-97.76986520000818,30.6326822410347,jbspiritous@gmail.com,false,2026-03-10 04:23,316.2 secs,CEO: Mapbox Satellite w/ Labels,,POINT(-97.76986520000818 30.6326822410347),50,,Grasses
127,18195,804480351,-97.7697607999918,30.631873757276438,jbspiritous@gmail.com,false,2026-03-10 04:23,316.2 secs,CEO: Mapbox Satellite w/ Labels,,POINT(-97.7697607999918 30.631873757276438),50,,Trees
127,18196,804480352,-97.7697607999918,30.63196358913875,jbspiritous@gmail.com,false,2026-03-10 04:23,316.2 secs,CEO: Mapbox Satellite w/ Labels,,POINT(-97.7697607999918 30.63196358913875),50,,Trees
127,18197,804480353,-97.7697607999918,30.632053420917643,jbspiritous@gmail.com,false,2026-03-10 04:23,316.2 secs,CEO: Mapbox Satellite w/ Labels,,POINT(-97.7697607999918 30.632053420917643),50,,Trees
127,18198,804480354,-97.7697607999918,30.632143252613147,jbspiritous@gmail.com,false,2026-03-10 04:23,316.2 secs,CEO: Mapbox Satellite w/ Labels,,POINT(-97.7697607999918 30.632143252613147),50,,Trees
127,18199,804480355,-97.7697607999918,30.632233084225234,jbspiritous@gmail.com,false,2026-03-10 04:23,316.2 secs,CEO: Mapbox Satellite w/ Labels,,POINT(-97.7697607999918 30.632233084225234),50,,Trees
127,18200,804480356,-97.7697607999918,30.63232291575393,jbspiritous@gmail.com,false,2026-03-10 04:23,316.2 secs,CEO: Mapbox Satellite w/ Labels,,POINT(-97.7697607999918 30.63232291575393),50,,Trees
127,18201,804480357,-97.7697607999918,30.63241274719921,jbspiritous@gmail.com,false,2026-03-10 04:23,316.2 secs,CEO: Mapbox Satellite w/ Labels,,POINT(-97.7697607999918 30.63241274719921),50,,Trees
127,18202,804480358,-97.7697607999918,30.632502578561102,jbspiritous@gmail.com,false,2026-03-10 04:23,316.2 secs,CEO: Mapbox Satellite w/ Labels,,POINT(-97.7697607999918 30.632502578561102),50,,Trees
127,18203,804480359,-97.7697607999918,30.632592409839603,jbspiritous@gmail.com,false,2026-03-10 04:23,316.2 secs,CEO: Mapbox Satellite w/ Labels,,POINT(-97.7697607999918 30.632592409839603),50,,Trees
127,18204,804480360,-97.7697607999918,30.6326822410347,jbspiritous@gmail.com,false,2026-03-10 04:23,316.2 secs,CEO: Mapbox Satellite w/ Labels,,POINT(-97.7697607999918 30.6326822410347),50,,Trees
127,18205,804480361,-97.76965639997543,30.631873757276438,jbspiritous@gmail.com,false,2026-03-10 04:23,316.2 secs,CEO: Mapbox Satellite w/ Labels,,POINT(-97.76965639997543 30.631873757276438),50,,Trees
127,18206,804480362,-97.76965639997543,30.63196358913875,jbspiritous@gmail.com,false,2026-03-10 04:23,316.2 secs,CEO: Mapbox Satellite w/ Labels,,POINT(-97.76965639997543 30.63196358913875),50,,Trees
127,18207,804480363,-97.76965639997543,30.632053420917643,jbspiritous@gmail.com,false,2026-03-10 04:23,316.2 secs,CEO: Mapbox Satellite w/ Labels,,POINT(-97.76965639997543 30.632053420917643),50,,Trees
127,18208,804480364,-97.76965639997543,30.632143252613147,jbspiritous@gmail.com,false,2026-03-10 04:23,316.2 secs,CEO: Mapbox Satellite w/ Labels,,POINT(-97.76965639997543 30.632143252613147),50,,Trees
127,18209,804480365,-97.76965639997543,30.632233084225234,jbspiritous@gmail.com,false,2026-03-10 04:23,316.2 secs,CEO: Mapbox Satellite w/ Labels,,POINT(-97.76965639997543 30.632233084225234),50,,Trees
127,18210,804480366,-97.76965639997543,30.63232291575393,jbspiritous@gmail.com,false,2026-03-10 04:23,316.2 secs,CEO: Mapbox Satellite w/ Labels,,POINT(-97.76965639997543 30.63232291575393),50,,Trees
127,18211,804480367,-97.76965639997543,30.63241274719921,jbspiritous@gmail.com,false,2026-03-10 04:23,316.2 secs,CEO: Mapbox Satellite w/ Labels,,POINT(-97.76965639997543 30.63241274719921),50,,Trees
127,18212,804480368,-97.76965639997543,30.632502578561102,jbspiritous@gmail.com,false,2026-03-10 04:23,316.2 secs,CEO: Mapbox Satellite w/ Labels,,POINT(-97.76965639997543 30.632502578561102),50,,Grasses
127,18213,804480369,-97.76965639997543,30.632592409839603,jbspiritous@gmail.com,false,2026-03-10 04:23,316.2 secs,CEO: Mapbox Satellite w/ Labels,,POINT(-97.76965639997543 30.632592409839603),50,,Trees
127,18214,804480370,-97.76965639997543,30.6326822410347,jbspiritous@gmail.com,false,2026-03-10 04:23,316.2 secs,CEO: Mapbox Satellite w/ Labels,,POINT(-97.76965639997543 30.6326822410347),50,,Trees
127,18215,804480371,-97.76955199995908,30.631873757276438,jbspiritous@gmail.com,false,2026-03-10 04:23,316.2 secs,CEO: Mapbox Satellite w/ Labels,,POINT(-97.76955199995908 30.631873757276438),50,,Trees
127,18216,804480372,-97.76955199995908,30.63196358913875,jbspiritous@gmail.com,false,2026-03-10 04:23,316.2 secs,CEO: Mapbox Satellite w/ Labels,,POINT(-97.76955199995908 30.63196358913875),50,,Trees
127,18217,804480373,-97.76955199995908,30.632053420917643,jbspiritous@gmail.com,false,2026-03-10 04:23,316.2 secs,CEO: Mapbox Satellite w/ Labels,,POINT(-97.76955199995908 30.632053420917643),50,,Trees
127,18218,804480374,-97.76955199995908,30.632143252613147,jbspiritous@gmail.com,false,2026-03-10 04:23,316.2 secs,CEO: Mapbox Satellite w/ Labels,,POINT(-97.76955199995908 30.632143252613147),50,,Trees
127,18219,804480375,-97.76955199995908,30.632233084225234,jbspiritous@gmail.com,false,2026-03-10 04:23,316.2 secs,CEO: Mapbox Satellite w/ Labels,,POINT(-97.76955199995908 30.632233084225234),50,,Trees
127,18220,804480376,-97.76955199995908,30.63232291575393,jbspiritous@gmail.com,false,2026-03-10 04:23,316.2 secs,CEO: Mapbox Satellite w/ Labels,,POINT(-97.76955199995908 30.63232291575393),50,,Trees
127,18221,804480377,-97.76955199995908,30.63241274719921,jbspiritous@gmail.com,false,2026-03-10 04:23,316.2 secs,CEO: Mapbox Satellite w/ Labels,,POINT(-97.76955199995908 30.63241274719921),50,,Trees
127,18222,804480378,-97.76955199995908,30.632502578561102,jbspiritous@gmail.com,false,2026-03-10 04:23,316.2 secs,CEO: Mapbox Satellite w/ Labels,,POINT(-97.76955199995908 30.632502578561102),50,,Grasses
127,18223,804480379,-97.76955199995908,30.632592409839603,jbspiritous@gmail.com,false,2026-03-10 04:23,316.2 secs,CEO: Mapbox Satellite w/ Labels,,POINT(-97.76955199995908 30.632592409839603),50,,Trees
127,18224,804480380,-97.76955199995908,30.6326822410347,jbspiritous@gmail.com,false,2026-03-10 04:23,316.2 secs,CEO: Mapbox Satellite w/ Labels,,POINT(-97.76955199995908 30.6326822410347),50,,Trees
127,18225,804480381,-97.76944759994271,30.631873757276438,jbspiritous@gmail.com,false,2026-03-10 04:23,316.2 secs,CEO: Mapbox Satellite w/ Labels,,POINT(-97.76944759994271 30.631873757276438),50,,Trees
127,18226,804480382,-97.76944759994271,30.63196358913875,jbspiritous@gmail.com,false,2026-03-10 04:23,316.2 secs,CEO: Mapbox Satellite w/ Labels,,POINT(-97.76944759994271 30.63196358913875),50,,Trees
127,18227,804480383,-97.76944759994271,30.632053420917643,jbspiritous@gmail.com,false,2026-03-10 04:23,316.2 secs,CEO: Mapbox Satellite w/ Labels,,POINT(-97.76944759994271 30.632053420917643),50,,Trees
127,18228,804480384,-97.76944759994271,30.632143252613147,jbspiritous@gmail.com,false,2026-03-10 04:23,316.2 secs,CEO: Mapbox Satellite w/ Labels,,POINT(-97.76944759994271 30.632143252613147),50,,Trees
127,18229,804480385,-97.76944759994271,30.632233084225234,jbspiritous@gmail.com,false,2026-03-10 04:23,316.2 secs,CEO: Mapbox Satellite w/ Labels,,POINT(-97.76944759994271 30.632233084225234),50,,Trees
127,18230,804480386,-97.76944759994271,30.63232291575393,jbspiritous@gmail.com,false,2026-03-10 04:23,316.2 secs,CEO: Mapbox Satellite w/ Labels,,POINT(-97.76944759994271 30.63232291575393),50,,Grasses
127,18231,804480387,-97.76944759994271,30.63241274719921,jbspiritous@gmail.com,false,2026-03-10 04:23,316.2 secs,CEO: Mapbox Satellite w/ Labels,,POINT(-97.76944759994271 30.63241274719921),50,,Grasses
127,18232,804480388,-97.76944759994271,30.632502578561102,jbspiritous@gmail.com,false,2026-03-10 04:23,316.2 secs,CEO: Mapbox Satellite w/ Labels,,POINT(-97.76944759994271 30.632502578561102),50,,Grasses
127,18233,804480389,-97.76944759994271,30.632592409839603,jbspiritous@gmail.com,false,2026-03-10 04:23,316.2 secs,CEO: Mapbox Satellite w/ Labels,,POINT(-97.76944759994271 30.632592409839603),50,,Grasses
127,18234,804480390,-97.76944759994271,30.6326822410347,jbspiritous@gmail.com,false,2026-03-10 04:23,316.2 secs,CEO: Mapbox Satellite w/ Labels,,POINT(-97.76944759994271 30.6326822410347),50,,Grasses
127,18235,804480391,-97.76934319992633,30.631873757276438,jbspiritous@gmail.com,false,2026-03-10 04:23,316.2 secs,CEO: Mapbox Satellite w/ Labels,,POINT(-97.76934319992633 30.631873757276438),50,,Trees
127,18236,804480392,-97.76934319992633,30.63196358913875,jbspiritous@gmail.com,false,2026-03-10 04:23,316.2 secs,CEO: Mapbox Satellite w/ Labels,,POINT(-97.76934319992633 30.63196358913875),50,,Trees
127,18237,804480393,-97.76934319992633,30.632053420917643,jbspiritous@gmail.com,false,2026-03-10 04:23,316.2 secs,CEO: Mapbox Satellite w/ Labels,,POINT(-97.76934319992633 30.632053420917643),50,,Trees
127,18238,804480394,-97.76934319992633,30.632143252613147,jbspiritous@gmail.com,false,2026-03-10 04:23,316.2 secs,CEO: Mapbox Satellite w/ Labels,,POINT(-97.76934319992633 30.632143252613147),50,,Trees
127,18239,804480395,-97.76934319992633,30.632233084225234,jbspiritous@gmail.com,false,2026-03-10 04:23,316.2 secs,CEO: Mapbox Satellite w/ Labels,,POINT(-97.76934319992633 30.632233084225234),50,,Grasses
127,18240,804480396,-97.76934319992633,30.63232291575393,jbspiritous@gmail.com,false,2026-03-10 04:23,316.2 secs,CEO: Mapbox Satellite w/ Labels,,POINT(-97.76934319992633 30.63232291575393),50,,Grasses
127,18241,804480397,-97.76934319992633,30.63241274719921,jbspiritous@gmail.com,false,2026-03-10 04:23,316.2 secs,CEO: Mapbox Satellite w/ Labels,,POINT(-97.76934319992633 30.63241274719921),50,,Trees
127,18242,804480398,-97.76934319992633,30.632502578561102,jbspiritous@gmail.com,false,2026-03-10 04:23,316.2 secs,CEO: Mapbox Satellite w/ Labels,,POINT(-97.76934319992633 30.632502578561102),50,,Trees
127,18243,804480399,-97.76934319992633,30.632592409839603,jbspiritous@gmail.com,false,2026-03-10 04:23,316.2 secs,CEO: Mapbox Satellite w/ Labels,,POINT(-97.76934319992633 30.632592409839603),50,,Trees
127,18244,804480400,-97.76934319992633,30.6326822410347,jbspiritous@gmail.com,false,2026-03-10 04:23,316.2 secs,CEO: Mapbox Satellite w/ Labels,,POINT(-97.76934319992633 30.6326822410347),50,,Trees
128,18289,804480401,-97.77028282190619,30.636369757276285,jbspiritous@gmail.com,false,2026-03-10 04:28,297.3 secs,CEO: Mapbox Satellite w/ Labels,,POINT(-97.77028282190619 30.636369757276285),50,,Trees
128,18290,804480402,-97.77028282190619,30.636459589138653,jbspiritous@gmail.com,false,2026-03-10 04:28,297.3 secs,CEO: Mapbox Satellite w/ Labels,,POINT(-97.77028282190619 30.636459589138653),50,,Trees
128,18291,804480403,-97.77028282190619,30.63654942091759,jbspiritous@gmail.com,false,2026-03-10 04:28,297.3 secs,CEO: Mapbox Satellite w/ Labels,,POINT(-97.77028282190619 30.63654942091759),50,,Trees
128,18292,804480404,-97.77028282190619,30.636639252613108,jbspiritous@gmail.com,false,2026-03-10 04:28,297.3 secs,CEO: Mapbox Satellite w/ Labels,,POINT(-97.77028282190619 30.636639252613108),50,,Cropland
128,18293,804480405,-97.77028282190619,30.636729084225237,jbspiritous@gmail.com,false,2026-03-10 04:28,297.3 secs,CEO: Mapbox Satellite w/ Labels,,POINT(-97.77028282190619 30.636729084225237),50,,Cropland
128,18294,804480406,-97.77028282190619,30.636818915753906,jbspiritous@gmail.com,false,2026-03-10 04:28,297.3 secs,CEO: Mapbox Satellite w/ Labels,,POINT(-97.77028282190619 30.636818915753906),50,,Trees
128,18295,804480407,-97.77028282190619,30.6369087471992,jbspiritous@gmail.com,false,2026-03-10 04:28,297.3 secs,CEO: Mapbox Satellite w/ Labels,,POINT(-97.77028282190619 30.6369087471992),50,,Trees
128,18296,804480408,-97.77028282190619,30.636998578561062,jbspiritous@gmail.com,false,2026-03-10 04:28,297.3 secs,CEO: Mapbox Satellite w/ Labels,,POINT(-97.77028282190619 30.636998578561062),50,,Trees
128,18297,804480409,-97.77028282190619,30.637088409839492,jbspiritous@gmail.com,false,2026-03-10 04:28,297.3 secs,CEO: Mapbox Satellite w/ Labels,,POINT(-97.77028282190619 30.637088409839492),50,,Trees
128,18298,804480410,-97.77028282190619,30.637178241034547,jbspiritous@gmail.com,false,2026-03-10 04:28,297.3 secs,CEO: Mapbox Satellite w/ Labels,,POINT(-97.77028282190619 30.637178241034547),50,,Trees
128,18299,804480411,-97.77017841703815,30.636369757276285,jbspiritous@gmail.com,false,2026-03-10 04:28,297.3 secs,CEO: Mapbox Satellite w/ Labels,,POINT(-97.77017841703815 30.636369757276285),50,,Trees
128,18300,804480412,-97.77017841703815,30.636459589138653,jbspiritous@gmail.com,false,2026-03-10 04:28,297.3 secs,CEO: Mapbox Satellite w/ Labels,,POINT(-97.77017841703815 30.636459589138653),50,,Cropland
128,18301,804480413,-97.77017841703815,30.63654942091759,jbspiritous@gmail.com,false,2026-03-10 04:28,297.3 secs,CEO: Mapbox Satellite w/ Labels,,POINT(-97.77017841703815 30.63654942091759),50,,Cropland
128,18302,804480414,-97.77017841703815,30.636639252613108,jbspiritous@gmail.com,false,2026-03-10 04:28,297.3 secs,CEO: Mapbox Satellite w/ Labels,,POINT(-97.77017841703815 30.636639252613108),50,,Trees
128,18303,804480415,-97.77017841703815,30.636729084225237,jbspiritous@gmail.com,false,2026-03-10 04:28,297.3 secs,CEO: Mapbox Satellite w/ Labels,,POINT(-97.77017841703815 30.636729084225237),50,,Cropland
128,18304,804480416,-97.77017841703815,30.636818915753906,jbspiritous@gmail.com,false,2026-03-10 04:28,297.3 secs,CEO: Mapbox Satellite w/ Labels,,POINT(-97.77017841703815 30.636818915753906),50,,Cropland
128,18305,804480417,-97.77017841703815,30.6369087471992,jbspiritous@gmail.com,false,2026-03-10 04:28,297.3 secs,CEO: Mapbox Satellite w/ Labels,,POINT(-97.77017841703815 30.6369087471992),50,,Cropland
128,18306,804480418,-97.77017841703815,30.636998578561062,jbspiritous@gmail.com,false,2026-03-10 04:28,297.3 secs,CEO: Mapbox Satellite w/ Labels,,POINT(-97.77017841703815 30.636998578561062),50,,Cropland
128,18307,804480419,-97.77017841703815,30.637088409839492,jbspiritous@gmail.com,false,2026-03-10 04:28,297.3 secs,CEO: Mapbox Satellite w/ Labels,,POINT(-97.77017841703815 30.637088409839492),50,,Trees
128,18308,804480420,-97.77017841703815,30.637178241034547,jbspiritous@gmail.com,false,2026-03-10 04:28,297.3 secs,CEO: Mapbox Satellite w/ Labels,,POINT(-97.77017841703815 30.637178241034547),50,,Trees
128,18309,804480421,-97.77007401217011,30.636369757276285,jbspiritous@gmail.com,false,2026-03-10 04:28,297.3 secs,CEO: Mapbox Satellite w/ Labels,,POINT(-97.77007401217011 30.636369757276285),50,,Cropland
128,18310,804480422,-97.77007401217011,30.636459589138653,jbspiritous@gmail.com,false,2026-03-10 04:28,297.3 secs,CEO: Mapbox Satellite w/ Labels,,POINT(-97.77007401217011 30.636459589138653),50,,Cropland
128,18311,804480423,-97.77007401217011,30.63654942091759,jbspiritous@gmail.com,false,2026-03-10 04:28,297.3 secs,CEO: Mapbox Satellite w/ Labels,,POINT(-97.77007401217011 30.63654942091759),50,,Trees
128,18312,804480424,-97.77007401217011,30.636639252613108,jbspiritous@gmail.com,false,2026-03-10 04:28,297.3 secs,CEO: Mapbox Satellite w/ Labels,,POINT(-97.77007401217011 30.636639252613108),50,,Trees
128,18313,804480425,-97.77007401217011,30.636729084225237,jbspiritous@gmail.com,false,2026-03-10 04:28,297.3 secs,CEO: Mapbox Satellite w/ Labels,,POINT(-97.77007401217011 30.636729084225237),50,,Trees
128,18314,804480426,-97.77007401217011,30.636818915753906,jbspiritous@gmail.com,false,2026-03-10 04:28,297.3 secs,CEO: Mapbox Satellite w/ Labels,,POINT(-97.77007401217011 30.636818915753906),50,,Cropland
128,18315,804480427,-97.77007401217011,30.6369087471992,jbspiritous@gmail.com,false,2026-03-10 04:28,297.3 secs,CEO: Mapbox Satellite w/ Labels,,POINT(-97.77007401217011 30.6369087471992),50,,Cropland
128,18316,804480428,-97.77007401217011,30.636998578561062,jbspiritous@gmail.com,false,2026-03-10 04:28,297.3 secs,CEO: Mapbox Satellite w/ Labels,,POINT(-97.77007401217011 30.636998578561062),50,,Cropland
128,18317,804480429,-97.77007401217011,30.637088409839492,jbspiritous@gmail.com,false,2026-03-10 04:28,297.3 secs,CEO: Mapbox Satellite w/ Labels,,POINT(-97.77007401217011 30.637088409839492),50,,Cropland
128,18318,804480430,-97.77007401217011,30.637178241034547,jbspiritous@gmail.com,false,2026-03-10 04:28,297.3 secs,CEO: Mapbox Satellite w/ Labels,,POINT(-97.77007401217011 30.637178241034547),50,,Trees
128,18319,804480431,-97.76996960730207,30.636369757276285,jbspiritous@gmail.com,false,2026-03-10 04:28,297.3 secs,CEO: Mapbox Satellite w/ Labels,,POINT(-97.76996960730207 30.636369757276285),50,,Cropland
128,18320,804480432,-97.76996960730207,30.636459589138653,jbspiritous@gmail.com,false,2026-03-10 04:28,297.3 secs,CEO: Mapbox Satellite w/ Labels,,POINT(-97.76996960730207 30.636459589138653),50,,Cropland
128,18321,804480433,-97.76996960730207,30.63654942091759,jbspiritous@gmail.com,false,2026-03-10 04:28,297.3 secs,CEO: Mapbox Satellite w/ Labels,,POINT(-97.76996960730207 30.63654942091759),50,,Cropland
128,18322,804480434,-97.76996960730207,30.636639252613108,jbspiritous@gmail.com,false,2026-03-10 04:28,297.3 secs,CEO: Mapbox Satellite w/ Labels,,POINT(-97.76996960730207 30.636639252613108),50,,Trees
128,18323,804480435,-97.76996960730207,30.636729084225237,jbspiritous@gmail.com,false,2026-03-10 04:28,297.3 secs,CEO: Mapbox Satellite w/ Labels,,POINT(-97.76996960730207 30.636729084225237),50,,Cropland
128,18324,804480436,-97.76996960730207,30.636818915753906,jbspiritous@gmail.com,false,2026-03-10 04:28,297.3 secs,CEO: Mapbox Satellite w/ Labels,,POINT(-97.76996960730207 30.636818915753906),50,,Cropland
128,18325,804480437,-97.76996960730207,30.6369087471992,jbspiritous@gmail.com,false,2026-03-10 04:28,297.3 secs,CEO: Mapbox Satellite w/ Labels,,POINT(-97.76996960730207 30.6369087471992),50,,Cropland
128,18326,804480438,-97.76996960730207,30.636998578561062,jbspiritous@gmail.com,false,2026-03-10 04:28,297.3 secs,CEO: Mapbox Satellite w/ Labels,,POINT(-97.76996960730207 30.636998578561062),50,,Cropland
128,18327,804480439,-97.76996960730207,30.637088409839492,jbspiritous@gmail.com,false,2026-03-10 04:28,297.3 secs,CEO: Mapbox Satellite w/ Labels,,POINT(-97.76996960730207 30.637088409839492),50,,Cropland
128,18328,804480440,-97.76996960730207,30.637178241034547,jbspiritous@gmail.com,false,2026-03-10 04:28,297.3 secs,CEO: Mapbox Satellite w/ Labels,,POINT(-97.76996960730207 30.637178241034547),50,,Trees
128,18329,804480441,-97.76986520243403,30.636369757276285,jbspiritous@gmail.com,false,2026-03-10 04:28,297.3 secs,CEO: Mapbox Satellite w/ Labels,,POINT(-97.76986520243403 30.636369757276285),50,,Cropland
128,18330,804480442,-97.76986520243403,30.636459589138653,jbspiritous@gmail.com,false,2026-03-10 04:28,297.3 secs,CEO: Mapbox Satellite w/ Labels,,POINT(-97.76986520243403 30.636459589138653),50,,Cropland
128,18331,804480443,-97.76986520243403,30.63654942091759,jbspiritous@gmail.com,false,2026-03-10 04:28,297.3 secs,CEO: Mapbox Satellite w/ Labels,,POINT(-97.76986520243403 30.63654942091759),50,,Cropland
128,18332,804480444,-97.76986520243403,30.636639252613108,jbspiritous@gmail.com,false,2026-03-10 04:28,297.3 secs,CEO: Mapbox Satellite w/ Labels,,POINT(-97.76986520243403 30.636639252613108),50,,Trees
128,18333,804480445,-97.76986520243403,30.636729084225237,jbspiritous@gmail.com,false,2026-03-10 04:28,297.3 secs,CEO: Mapbox Satellite w/ Labels,,POINT(-97.76986520243403 30.636729084225237),50,,Trees
128,18334,804480446,-97.76986520243403,30.636818915753906,jbspiritous@gmail.com,false,2026-03-10 04:28,297.3 secs,CEO: Mapbox Satellite w/ Labels,,POINT(-97.76986520243403 30.636818915753906),50,,Cropland
128,18335,804480447,-97.76986520243403,30.6369087471992,jbspiritous@gmail.com,false,2026-03-10 04:28,297.3 secs,CEO: Mapbox Satellite w/ Labels,,POINT(-97.76986520243403 30.6369087471992),50,,Cropland
128,18336,804480448,-97.76986520243403,30.636998578561062,jbspiritous@gmail.com,false,2026-03-10 04:28,297.3 secs,CEO: Mapbox Satellite w/ Labels,,POINT(-97.76986520243403 30.636998578561062),50,,Cropland
128,18337,804480449,-97.76986520243403,30.637088409839492,jbspiritous@gmail.com,false,2026-03-10 04:28,297.3 secs,CEO: Mapbox Satellite w/ Labels,,POINT(-97.76986520243403 30.637088409839492),50,,Cropland
128,18338,804480450,-97.76986520243403,30.637178241034547,jbspiritous@gmail.com,false,2026-03-10 04:28,297.3 secs,CEO: Mapbox Satellite w/ Labels,,POINT(-97.76986520243403 30.637178241034547),50,,Cropland
128,18339,804480451,-97.76976079756597,30.636369757276285,jbspiritous@gmail.com,false,2026-03-10 04:28,297.3 secs,CEO: Mapbox Satellite w/ Labels,,POINT(-97.76976079756597 30.636369757276285),50,,Cropland
128,18340,804480452,-97.76976079756597,30.636459589138653,jbspiritous@gmail.com,false,2026-03-10 04:28,297.3 secs,CEO: Mapbox Satellite w/ Labels,,POINT(-97.76976079756597 30.636459589138653),50,,Trees
128,18341,804480453,-97.76976079756597,30.63654942091759,jbspiritous@gmail.com,false,2026-03-10 04:28,297.3 secs,CEO: Mapbox Satellite w/ Labels,,POINT(-97.76976079756597 30.63654942091759),50,,Trees
128,18342,804480454,-97.76976079756597,30.636639252613108,jbspiritous@gmail.com,false,2026-03-10 04:28,297.3 secs,CEO: Mapbox Satellite w/ Labels,,POINT(-97.76976079756597 30.636639252613108),50,,Cropland
128,18343,804480455,-97.76976079756597,30.636729084225237,jbspiritous@gmail.com,false,2026-03-10 04:28,297.3 secs,CEO: Mapbox Satellite w/ Labels,,POINT(-97.76976079756597 30.636729084225237),50,,Cropland
128,18344,804480456,-97.76976079756597,30.636818915753906,jbspiritous@gmail.com,false,2026-03-10 04:28,297.3 secs,CEO: Mapbox Satellite w/ Labels,,POINT(-97.76976079756597 30.636818915753906),50,,Cropland
128,18345,804480457,-97.76976079756597,30.6369087471992,jbspiritous@gmail.com,false,2026-03-10 04:28,297.3 secs,CEO: Mapbox Satellite w/ Labels,,POINT(-97.76976079756597 30.6369087471992),50,,Cropland
128,18346,804480458,-97.76976079756597,30.636998578561062,jbspiritous@gmail.com,false,2026-03-10 04:28,297.3 secs,CEO: Mapbox Satellite w/ Labels,,POINT(-97.76976079756597 30.636998578561062),50,,Trees
128,18347,804480459,-97.76976079756597,30.637088409839492,jbspiritous@gmail.com,false,2026-03-10 04:28,297.3 secs,CEO: Mapbox Satellite w/ Labels,,POINT(-97.76976079756597 30.637088409839492),50,,Trees
128,18348,804480460,-97.76976079756597,30.637178241034547,jbspiritous@gmail.com,false,2026-03-10 04:28,297.3 secs,CEO: Mapbox Satellite w/ Labels,,POINT(-97.76976079756597 30.637178241034547),50,,Cropland
128,18349,804480461,-97.76965639269793,30.636369757276285,jbspiritous@gmail.com,false,2026-03-10 04:28,297.3 secs,CEO: Mapbox Satellite w/ Labels,,POINT(-97.76965639269793 30.636369757276285),50,,Trees
128,18350,804480462,-97.76965639269793,30.636459589138653,jbspiritous@gmail.com,false,2026-03-10 04:28,297.3 secs,CEO: Mapbox Satellite w/ Labels,,POINT(-97.76965639269793 30.636459589138653),50,,Trees
128,18351,804480463,-97.76965639269793,30.63654942091759,jbspiritous@gmail.com,false,2026-03-10 04:28,297.3 secs,CEO: Mapbox Satellite w/ Labels,,POINT(-97.76965639269793 30.63654942091759),50,,Trees
128,18352,804480464,-97.76965639269793,30.636639252613108,jbspiritous@gmail.com,false,2026-03-10 04:28,297.3 secs,CEO: Mapbox Satellite w/ Labels,,POINT(-97.76965639269793 30.636639252613108),50,,Trees
128,18353,804480465,-97.76965639269793,30.636729084225237,jbspiritous@gmail.com,false,2026-03-10 04:28,297.3 secs,CEO: Mapbox Satellite w/ Labels,,POINT(-97.76965639269793 30.636729084225237),50,,Cropland
128,18354,804480466,-97.76965639269793,30.636818915753906,jbspiritous@gmail.com,false,2026-03-10 04:28,297.3 secs,CEO: Mapbox Satellite w/ Labels,,POINT(-97.76965639269793 30.636818915753906),50,,Cropland
128,18355,804480467,-97.76965639269793,30.6369087471992,jbspiritous@gmail.com,false,2026-03-10 04:28,297.3 secs,CEO: Mapbox Satellite w/ Labels,,POINT(-97.76965639269793 30.6369087471992),50,,Trees
128,18356,804480468,-97.76965639269793,30.636998578561062,jbspiritous@gmail.com,false,2026-03-10 04:28,297.3 secs,CEO: Mapbox Satellite w/ Labels,,POINT(-97.76965639269793 30.636998578561062),50,,Trees
128,18357,804480469,-97.76965639269793,30.637088409839492,jbspiritous@gmail.com,false,2026-03-10 04:28,297.3 secs,CEO: Mapbox Satellite w/ Labels,,POINT(-97.76965639269793 30.637088409839492),50,,Trees
128,18358,804480470,-97.76965639269793,30.637178241034547,jbspiritous@gmail.com,false,2026-03-10 04:28,297.3 secs,CEO: Mapbox Satellite w/ Labels,,POINT(-97.76965639269793 30.637178241034547),50,,Trees
128,18359,804480471,-97.76955198782989,30.636369757276285,jbspiritous@gmail.com,false,2026-03-10 04:28,297.3 secs,CEO: Mapbox Satellite w/ Labels,,POINT(-97.76955198782989 30.636369757276285),50,,Cropland
128,18360,804480472,-97.76955198782989,30.636459589138653,jbspiritous@gmail.com,false,2026-03-10 04:28,297.3 secs,CEO: Mapbox Satellite w/ Labels,,POINT(-97.76955198782989 30.636459589138653),50,,Trees
128,18361,804480473,-97.76955198782989,30.63654942091759,jbspiritous@gmail.com,false,2026-03-10 04:28,297.3 secs,CEO: Mapbox Satellite w/ Labels,,POINT(-97.76955198782989 30.63654942091759),50,,Trees
128,18362,804480474,-97.76955198782989,30.636639252613108,jbspiritous@gmail.com,false,2026-03-10 04:28,297.3 secs,CEO: Mapbox Satellite w/ Labels,,POINT(-97.76955198782989 30.636639252613108),50,,Cropland
128,18363,804480475,-97.76955198782989,30.636729084225237,jbspiritous@gmail.com,false,2026-03-10 04:28,297.3 secs,CEO: Mapbox Satellite w/ Labels,,POINT(-97.76955198782989 30.636729084225237),50,,Cropland
128,18364,804480476,-97.76955198782989,30.636818915753906,jbspiritous@gmail.com,false,2026-03-10 04:28,297.3 secs,CEO: Mapbox Satellite w/ Labels,,POINT(-97.76955198782989 30.636818915753906),50,,Cropland
128,18365,804480477,-97.76955198782989,30.6369087471992,jbspiritous@gmail.com,false,2026-03-10 04:28,297.3 secs,CEO: Mapbox Satellite w/ Labels,,POINT(-97.76955198782989 30.6369087471992),50,,Cropland
128,18366,804480478,-97.76955198782989,30.636998578561062,jbspiritous@gmail.com,false,2026-03-10 04:28,297.3 secs,CEO: Mapbox Satellite w/ Labels,,POINT(-97.76955198782989 30.636998578561062),50,,Trees
128,18367,804480479,-97.76955198782989,30.637088409839492,jbspiritous@gmail.com,false,2026-03-10 04:28,297.3 secs,CEO: Mapbox Satellite w/ Labels,,POINT(-97.76955198782989 30.637088409839492),50,,Trees
128,18368,804480480,-97.76955198782989,30.637178241034547,jbspiritous@gmail.com,false,2026-03-10 04:28,297.3 secs,CEO: Mapbox Satellite w/ Labels,,POINT(-97.76955198782989 30.637178241034547),50,,Trees
128,18369,804480481,-97.76944758296185,30.636369757276285,jbspiritous@gmail.com,false,2026-03-10 04:28,297.3 secs,CEO: Mapbox Satellite w/ Labels,,POINT(-97.76944758296185 30.636369757276285),50,,Trees
128,18370,804480482,-97.76944758296185,30.636459589138653,jbspiritous@gmail.com,false,2026-03-10 04:28,297.3 secs,CEO: Mapbox Satellite w/ Labels,,POINT(-97.76944758296185 30.636459589138653),50,,Cropland
128,18371,804480483,-97.76944758296185,30.63654942091759,jbspiritous@gmail.com,false,2026-03-10 04:28,297.3 secs,CEO: Mapbox Satellite w/ Labels,,POINT(-97.76944758296185 30.63654942091759),50,,Cropland
128,18372,804480484,-97.76944758296185,30.636639252613108,jbspiritous@gmail.com,false,2026-03-10 04:28,297.3 secs,CEO: Mapbox Satellite w/ Labels,,POINT(-97.76944758296185 30.636639252613108),50,,Cropland
128,18373,804480485,-97.76944758296185,30.636729084225237,jbspiritous@gmail.com,false,2026-03-10 04:28,297.3 secs,CEO: Mapbox Satellite w/ Labels,,POINT(-97.76944758296185 30.636729084225237),50,,Trees
128,18374,804480486,-97.76944758296185,30.636818915753906,jbspiritous@gmail.com,false,2026-03-10 04:28,297.3 secs,CEO: Mapbox Satellite w/ Labels,,POINT(-97.76944758296185 30.636818915753906),50,,Trees
128,18375,804480487,-97.76944758296185,30.6369087471992,jbspiritous@gmail.com,false,2026-03-10 04:28,297.3 secs,CEO: Mapbox Satellite w/ Labels,,POINT(-97.76944758296185 30.6369087471992),50,,Trees
128,18376,804480488,-97.76944758296185,30.636998578561062,jbspiritous@gmail.com,false,2026-03-10 04:28,297.3 secs,CEO: Mapbox Satellite w/ Labels,,POINT(-97.76944758296185 30.636998578561062),50,,Trees
128,18377,804480489,-97.76944758296185,30.637088409839492,jbspiritous@gmail.com,false,2026-03-10 04:28,297.3 secs,CEO: Mapbox Satellite w/ Labels,,POINT(-97.76944758296185 30.637088409839492),50,,Cropland
128,18378,804480490,-97.76944758296185,30.637178241034547,jbspiritous@gmail.com,false,2026-03-10 04:28,297.3 secs,CEO: Mapbox Satellite w/ Labels,,POINT(-97.76944758296185 30.637178241034547),50,,Cropland
128,18379,804480491,-97.7693431780938,30.636369757276285,jbspiritous@gmail.com,false,2026-03-10 04:28,297.3 secs,CEO: Mapbox Satellite w/ Labels,,POINT(-97.7693431780938 30.636369757276285),50,,Trees
128,18380,804480492,-97.7693431780938,30.636459589138653,jbspiritous@gmail.com,false,2026-03-10 04:28,297.3 secs,CEO: Mapbox Satellite w/ Labels,,POINT(-97.7693431780938 30.636459589138653),50,,Trees
128,18381,804480493,-97.7693431780938,30.63654942091759,jbspiritous@gmail.com,false,2026-03-10 04:28,297.3 secs,CEO: Mapbox Satellite w/ Labels,,POINT(-97.7693431780938 30.63654942091759),50,,Trees
128,18382,804480494,-97.7693431780938,30.636639252613108,jbspiritous@gmail.com,false,2026-03-10 04:28,297.3 secs,CEO: Mapbox Satellite w/ Labels,,POINT(-97.7693431780938 30.636639252613108),50,,Cropland
128,18383,804480495,-97.7693431780938,30.636729084225237,jbspiritous@gmail.com,false,2026-03-10 04:28,297.3 secs,CEO: Mapbox Satellite w/ Labels,,POINT(-97.7693431780938 30.636729084225237),50,,Trees
128,18384,804480496,-97.7693431780938,30.636818915753906,jbspiritous@gmail.com,false,2026-03-10 04:28,297.3 secs,CEO: Mapbox Satellite w/ Labels,,POINT(-97.7693431780938 30.636818915753906),50,,Trees
128,18385,804480497,-97.7693431780938,30.6369087471992,jbspiritous@gmail.com,false,2026-03-10 04:28,297.3 secs,CEO: Mapbox Satellite w/ Labels,,POINT(-97.7693431780938 30.6369087471992),50,,Trees
128,18386,804480498,-97.7693431780938,30.636998578561062,jbspiritous@gmail.com,false,2026-03-10 04:28,297.3 secs,CEO: Mapbox Satellite w/ Labels,,POINT(-97.7693431780938 30.636998578561062),50,,Trees
128,18387,804480499,-97.7693431780938,30.637088409839492,jbspiritous@gmail.com,false,2026-03-10 04:28,297.3 secs,CEO: Mapbox Satellite w/ Labels,,POINT(-97.7693431780938 30.637088409839492),50,,Cropland
128,18388,804480500,-97.7693431780938,30.637178241034547,jbspiritous@gmail.com,false,2026-03-10 04:28,297.3 secs,CEO: Mapbox Satellite w/ Labels,,POINT(-97.7693431780938 30.637178241034547),50,,Cropland
129,18433,804480501,-97.77028284374849,30.640866757276143,jbspiritous@gmail.com,false,2026-03-10 04:32,209.7 secs,CEO: Mapbox Satellite w/ Labels,,POINT(-97.77028284374849 30.640866757276143),50,,Barren
129,18434,804480502,-97.77028284374849,30.64095658913857,jbspiritous@gmail.com,false,2026-03-10 04:32,209.7 secs,CEO: Mapbox Satellite w/ Labels,,POINT(-97.77028284374849 30.64095658913857),50,,Trees
129,18435,804480503,-97.77028284374849,30.641046420917547,jbspiritous@gmail.com,false,2026-03-10 04:32,209.7 secs,CEO: Mapbox Satellite w/ Labels,,POINT(-97.77028284374849 30.641046420917547),50,,Trees
129,18436,804480504,-97.77028284374849,30.64113625261311,jbspiritous@gmail.com,false,2026-03-10 04:32,209.7 secs,CEO: Mapbox Satellite w/ Labels,,POINT(-97.77028284374849 30.64113625261311),50,,Trees
129,18437,804480505,-97.77028284374849,30.641226084225224,jbspiritous@gmail.com,false,2026-03-10 04:32,209.7 secs,CEO: Mapbox Satellite w/ Labels,,POINT(-97.77028284374849 30.641226084225224),50,,Trees
129,18438,804480506,-97.77028284374849,30.641315915753907,jbspiritous@gmail.com,false,2026-03-10 04:32,209.7 secs,CEO: Mapbox Satellite w/ Labels,,POINT(-97.77028284374849 30.641315915753907),50,,Trees
129,18439,804480507,-97.77028284374849,30.641405747199173,jbspiritous@gmail.com,false,2026-03-10 04:32,209.7 secs,CEO: Mapbox Satellite w/ Labels,,POINT(-97.77028284374849 30.641405747199173),50,,Barren
129,18440,804480508,-97.77028284374849,30.641495578561006,jbspiritous@gmail.com,false,2026-03-10 04:32,209.7 secs,CEO: Mapbox Satellite w/ Labels,,POINT(-97.77028284374849 30.641495578561006),50,,Barren
129,18441,804480509,-97.77028284374849,30.641585409839422,jbspiritous@gmail.com,false,2026-03-10 04:32,209.7 secs,CEO: Mapbox Satellite w/ Labels,,POINT(-97.77028284374849 30.641585409839422),50,,Trees
129,18442,804480510,-97.77028284374849,30.641675241034378,jbspiritous@gmail.com,false,2026-03-10 04:32,209.7 secs,CEO: Mapbox Satellite w/ Labels,,POINT(-97.77028284374849 30.641675241034378),50,,Barren
129,18443,804480511,-97.77017843402662,30.640866757276143,jbspiritous@gmail.com,false,2026-03-10 04:32,209.7 secs,CEO: Mapbox Satellite w/ Labels,,POINT(-97.77017843402662 30.640866757276143),50,,Barren
129,18444,804480512,-97.77017843402662,30.64095658913857,jbspiritous@gmail.com,false,2026-03-10 04:32,209.7 secs,CEO: Mapbox Satellite w/ Labels,,POINT(-97.77017843402662 30.64095658913857),50,,Barren
129,18445,804480513,-97.77017843402662,30.641046420917547,jbspiritous@gmail.com,false,2026-03-10 04:32,209.7 secs,CEO: Mapbox Satellite w/ Labels,,POINT(-97.77017843402662 30.641046420917547),50,,Trees
129,18446,804480514,-97.77017843402662,30.64113625261311,jbspiritous@gmail.com,false,2026-03-10 04:32,209.7 secs,CEO: Mapbox Satellite w/ Labels,,POINT(-97.77017843402662 30.64113625261311),50,,Barren
129,18447,804480515,-97.77017843402662,30.641226084225224,jbspiritous@gmail.com,false,2026-03-10 04:32,209.7 secs,CEO: Mapbox Satellite w/ Labels,,POINT(-97.77017843402662 30.641226084225224),50,,Trees
129,18448,804480516,-97.77017843402662,30.641315915753907,jbspiritous@gmail.com,false,2026-03-10 04:32,209.7 secs,CEO: Mapbox Satellite w/ Labels,,POINT(-97.77017843402662 30.641315915753907),50,,Trees
129,18449,804480517,-97.77017843402662,30.641405747199173,jbspiritous@gmail.com,false,2026-03-10 04:32,209.7 secs,CEO: Mapbox Satellite w/ Labels,,POINT(-97.77017843402662 30.641405747199173),50,,Trees
129,18450,804480518,-97.77017843402662,30.641495578561006,jbspiritous@gmail.com,false,2026-03-10 04:32,209.7 secs,CEO: Mapbox Satellite w/ Labels,,POINT(-97.77017843402662 30.641495578561006),50,,Barren
129,18451,804480519,-97.77017843402662,30.641585409839422,jbspiritous@gmail.com,false,2026-03-10 04:32,209.7 secs,CEO: Mapbox Satellite w/ Labels,,POINT(-97.77017843402662 30.641585409839422),50,,Barren
129,18452,804480520,-97.77017843402662,30.641675241034378,jbspiritous@gmail.com,false,2026-03-10 04:32,209.7 secs,CEO: Mapbox Satellite w/ Labels,,POINT(-97.77017843402662 30.641675241034378),50,,Barren
129,18453,804480521,-97.77007402430472,30.640866757276143,jbspiritous@gmail.com,false,2026-03-10 04:32,209.7 secs,CEO: Mapbox Satellite w/ Labels,,POINT(-97.77007402430472 30.640866757276143),50,,Barren
129,18454,804480522,-97.77007402430472,30.64095658913857,jbspiritous@gmail.com,false,2026-03-10 04:32,209.7 secs,CEO: Mapbox Satellite w/ Labels,,POINT(-97.77007402430472 30.64095658913857),50,,Barren
129,18455,804480523,-97.77007402430472,30.641046420917547,jbspiritous@gmail.com,false,2026-03-10 04:32,209.7 secs,CEO: Mapbox Satellite w/ Labels,,POINT(-97.77007402430472 30.641046420917547),50,,Barren
129,18456,804480524,-97.77007402430472,30.64113625261311,jbspiritous@gmail.com,false,2026-03-10 04:32,209.7 secs,CEO: Mapbox Satellite w/ Labels,,POINT(-97.77007402430472 30.64113625261311),50,,Barren
129,18457,804480525,-97.77007402430472,30.641226084225224,jbspiritous@gmail.com,false,2026-03-10 04:32,209.7 secs,CEO: Mapbox Satellite w/ Labels,,POINT(-97.77007402430472 30.641226084225224),50,,Trees
129,18458,804480526,-97.77007402430472,30.641315915753907,jbspiritous@gmail.com,false,2026-03-10 04:32,209.7 secs,CEO: Mapbox Satellite w/ Labels,,POINT(-97.77007402430472 30.641315915753907),50,,Trees
129,18459,804480527,-97.77007402430472,30.641405747199173,jbspiritous@gmail.com,false,2026-03-10 04:32,209.7 secs,CEO: Mapbox Satellite w/ Labels,,POINT(-97.77007402430472 30.641405747199173),50,,Trees
129,18460,804480528,-97.77007402430472,30.641495578561006,jbspiritous@gmail.com,false,2026-03-10 04:32,209.7 secs,CEO: Mapbox Satellite w/ Labels,,POINT(-97.77007402430472 30.641495578561006),50,,Barren
129,18461,804480529,-97.77007402430472,30.641585409839422,jbspiritous@gmail.com,false,2026-03-10 04:32,209.7 secs,CEO: Mapbox Satellite w/ Labels,,POINT(-97.77007402430472 30.641585409839422),50,,Barren
129,18462,804480530,-97.77007402430472,30.641675241034378,jbspiritous@gmail.com,false,2026-03-10 04:32,209.7 secs,CEO: Mapbox Satellite w/ Labels,,POINT(-97.77007402430472 30.641675241034378),50,,Barren
129,18463,804480531,-97.76996961458283,30.640866757276143,jbspiritous@gmail.com,false,2026-03-10 04:32,209.7 secs,CEO: Mapbox Satellite w/ Labels,,POINT(-97.76996961458283 30.640866757276143),50,,Trees
129,18464,804480532,-97.76996961458283,30.64095658913857,jbspiritous@gmail.com,false,2026-03-10 04:32,209.7 secs,CEO: Mapbox Satellite w/ Labels,,POINT(-97.76996961458283 30.64095658913857),50,,Barren
129,18465,804480533,-97.76996961458283,30.641046420917547,jbspiritous@gmail.com,false,2026-03-10 04:32,209.7 secs,CEO: Mapbox Satellite w/ Labels,,POINT(-97.76996961458283 30.641046420917547),50,,Trees
129,18466,804480534,-97.76996961458283,30.64113625261311,jbspiritous@gmail.com,false,2026-03-10 04:32,209.7 secs,CEO: Mapbox Satellite w/ Labels,,POINT(-97.76996961458283 30.64113625261311),50,,Trees
129,18467,804480535,-97.76996961458283,30.641226084225224,jbspiritous@gmail.com,false,2026-03-10 04:32,209.7 secs,CEO: Mapbox Satellite w/ Labels,,POINT(-97.76996961458283 30.641226084225224),50,,Barren
129,18468,804480536,-97.76996961458283,30.641315915753907,jbspiritous@gmail.com,false,2026-03-10 04:32,209.7 secs,CEO: Mapbox Satellite w/ Labels,,POINT(-97.76996961458283 30.641315915753907),50,,Barren
129,18469,804480537,-97.76996961458283,30.641405747199173,jbspiritous@gmail.com,false,2026-03-10 04:32,209.7 secs,CEO: Mapbox Satellite w/ Labels,,POINT(-97.76996961458283 30.641405747199173),50,,Barren
129,18470,804480538,-97.76996961458283,30.641495578561006,jbspiritous@gmail.com,false,2026-03-10 04:32,209.7 secs,CEO: Mapbox Satellite w/ Labels,,POINT(-97.76996961458283 30.641495578561006),50,,Barren
129,18471,804480539,-97.76996961458283,30.641585409839422,jbspiritous@gmail.com,false,2026-03-10 04:32,209.7 secs,CEO: Mapbox Satellite w/ Labels,,POINT(-97.76996961458283 30.641585409839422),50,,Barren
129,18472,804480540,-97.76996961458283,30.641675241034378,jbspiritous@gmail.com,false,2026-03-10 04:32,209.7 secs,CEO: Mapbox Satellite w/ Labels,,POINT(-97.76996961458283 30.641675241034378),50,,Barren
129,18473,804480541,-97.76986520486095,30.640866757276143,jbspiritous@gmail.com,false,2026-03-10 04:32,209.7 secs,CEO: Mapbox Satellite w/ Labels,,POINT(-97.76986520486095 30.640866757276143),50,,Trees
129,18474,804480542,-97.76986520486095,30.64095658913857,jbspiritous@gmail.com,false,2026-03-10 04:32,209.7 secs,CEO: Mapbox Satellite w/ Labels,,POINT(-97.76986520486095 30.64095658913857),50,,Trees
129,18475,804480543,-97.76986520486095,30.641046420917547,jbspiritous@gmail.com,false,2026-03-10 04:32,209.7 secs,CEO: Mapbox Satellite w/ Labels,,POINT(-97.76986520486095 30.641046420917547),50,,Trees
129,18476,804480544,-97.76986520486095,30.64113625261311,jbspiritous@gmail.com,false,2026-03-10 04:32,209.7 secs,CEO: Mapbox Satellite w/ Labels,,POINT(-97.76986520486095 30.64113625261311),50,,Trees
129,18477,804480545,-97.76986520486095,30.641226084225224,jbspiritous@gmail.com,false,2026-03-10 04:32,209.7 secs,CEO: Mapbox Satellite w/ Labels,,POINT(-97.76986520486095 30.641226084225224),50,,Trees
129,18478,804480546,-97.76986520486095,30.641315915753907,jbspiritous@gmail.com,false,2026-03-10 04:32,209.7 secs,CEO: Mapbox Satellite w/ Labels,,POINT(-97.76986520486095 30.641315915753907),50,,Trees
129,18479,804480547,-97.76986520486095,30.641405747199173,jbspiritous@gmail.com,false,2026-03-10 04:32,209.7 secs,CEO: Mapbox Satellite w/ Labels,,POINT(-97.76986520486095 30.641405747199173),50,,Trees
129,18480,804480548,-97.76986520486095,30.641495578561006,jbspiritous@gmail.com,false,2026-03-10 04:32,209.7 secs,CEO: Mapbox Satellite w/ Labels,,POINT(-97.76986520486095 30.641495578561006),50,,Barren
129,18481,804480549,-97.76986520486095,30.641585409839422,jbspiritous@gmail.com,false,2026-03-10 04:32,209.7 secs,CEO: Mapbox Satellite w/ Labels,,POINT(-97.76986520486095 30.641585409839422),50,,Barren
129,18482,804480550,-97.76986520486095,30.641675241034378,jbspiritous@gmail.com,false,2026-03-10 04:32,209.7 secs,CEO: Mapbox Satellite w/ Labels,,POINT(-97.76986520486095 30.641675241034378),50,,Barren
129,18483,804480551,-97.76976079513905,30.640866757276143,jbspiritous@gmail.com,false,2026-03-10 04:32,209.7 secs,CEO: Mapbox Satellite w/ Labels,,POINT(-97.76976079513905 30.640866757276143),50,,Trees
129,18484,804480552,-97.76976079513905,30.64095658913857,jbspiritous@gmail.com,false,2026-03-10 04:32,209.7 secs,CEO: Mapbox Satellite w/ Labels,,POINT(-97.76976079513905 30.64095658913857),50,,Trees
129,18485,804480553,-97.76976079513905,30.641046420917547,jbspiritous@gmail.com,false,2026-03-10 04:32,209.7 secs,CEO: Mapbox Satellite w/ Labels,,POINT(-97.76976079513905 30.641046420917547),50,,Trees
129,18486,804480554,-97.76976079513905,30.64113625261311,jbspiritous@gmail.com,false,2026-03-10 04:32,209.7 secs,CEO: Mapbox Satellite w/ Labels,,POINT(-97.76976079513905 30.64113625261311),50,,Barren
129,18487,804480555,-97.76976079513905,30.641226084225224,jbspiritous@gmail.com,false,2026-03-10 04:32,209.7 secs,CEO: Mapbox Satellite w/ Labels,,POINT(-97.76976079513905 30.641226084225224),50,,Trees
129,18488,804480556,-97.76976079513905,30.641315915753907,jbspiritous@gmail.com,false,2026-03-10 04:32,209.7 secs,CEO: Mapbox Satellite w/ Labels,,POINT(-97.76976079513905 30.641315915753907),50,,Trees
129,18489,804480557,-97.76976079513905,30.641405747199173,jbspiritous@gmail.com,false,2026-03-10 04:32,209.7 secs,CEO: Mapbox Satellite w/ Labels,,POINT(-97.76976079513905 30.641405747199173),50,,Barren
129,18490,804480558,-97.76976079513905,30.641495578561006,jbspiritous@gmail.com,false,2026-03-10 04:32,209.7 secs,CEO: Mapbox Satellite w/ Labels,,POINT(-97.76976079513905 30.641495578561006),50,,Barren
129,18491,804480559,-97.76976079513905,30.641585409839422,jbspiritous@gmail.com,false,2026-03-10 04:32,209.7 secs,CEO: Mapbox Satellite w/ Labels,,POINT(-97.76976079513905 30.641585409839422),50,,Barren
129,18492,804480560,-97.76976079513905,30.641675241034378,jbspiritous@gmail.com,false,2026-03-10 04:32,209.7 secs,CEO: Mapbox Satellite w/ Labels,,POINT(-97.76976079513905 30.641675241034378),50,,Barren
129,18493,804480561,-97.76965638541716,30.640866757276143,jbspiritous@gmail.com,false,2026-03-10 04:32,209.7 secs,CEO: Mapbox Satellite w/ Labels,,POINT(-97.76965638541716 30.640866757276143),50,,Trees
129,18494,804480562,-97.76965638541716,30.64095658913857,jbspiritous@gmail.com,false,2026-03-10 04:32,209.7 secs,CEO: Mapbox Satellite w/ Labels,,POINT(-97.76965638541716 30.64095658913857),50,,Trees
129,18495,804480563,-97.76965638541716,30.641046420917547,jbspiritous@gmail.com,false,2026-03-10 04:32,209.7 secs,CEO: Mapbox Satellite w/ Labels,,POINT(-97.76965638541716 30.641046420917547),50,,Trees
129,18496,804480564,-97.76965638541716,30.64113625261311,jbspiritous@gmail.com,false,2026-03-10 04:32,209.7 secs,CEO: Mapbox Satellite w/ Labels,,POINT(-97.76965638541716 30.64113625261311),50,,Trees
129,18497,804480565,-97.76965638541716,30.641226084225224,jbspiritous@gmail.com,false,2026-03-10 04:32,209.7 secs,CEO: Mapbox Satellite w/ Labels,,POINT(-97.76965638541716 30.641226084225224),50,,Trees
129,18498,804480566,-97.76965638541716,30.641315915753907,jbspiritous@gmail.com,false,2026-03-10 04:32,209.7 secs,CEO: Mapbox Satellite w/ Labels,,POINT(-97.76965638541716 30.641315915753907),50,,Trees
129,18499,804480567,-97.76965638541716,30.641405747199173,jbspiritous@gmail.com,false,2026-03-10 04:32,209.7 secs,CEO: Mapbox Satellite w/ Labels,,POINT(-97.76965638541716 30.641405747199173),50,,Barren
129,18500,804480568,-97.76965638541716,30.641495578561006,jbspiritous@gmail.com,false,2026-03-10 04:32,209.7 secs,CEO: Mapbox Satellite w/ Labels,,POINT(-97.76965638541716 30.641495578561006),50,,Barren
129,18501,804480569,-97.76965638541716,30.641585409839422,jbspiritous@gmail.com,false,2026-03-10 04:32,209.7 secs,CEO: Mapbox Satellite w/ Labels,,POINT(-97.76965638541716 30.641585409839422),50,,Barren
129,18502,804480570,-97.76965638541716,30.641675241034378,jbspiritous@gmail.com,false,2026-03-10 04:32,209.7 secs,CEO: Mapbox Satellite w/ Labels,,POINT(-97.76965638541716 30.641675241034378),50,,Trees
129,18503,804480571,-97.76955197569528,30.640866757276143,jbspiritous@gmail.com,false,2026-03-10 04:32,209.7 secs,CEO: Mapbox Satellite w/ Labels,,POINT(-97.76955197569528 30.640866757276143),50,,Barren
129,18504,804480572,-97.76955197569528,30.64095658913857,jbspiritous@gmail.com,false,2026-03-10 04:32,209.7 secs,CEO: Mapbox Satellite w/ Labels,,POINT(-97.76955197569528 30.64095658913857),50,,Trees
129,18505,804480573,-97.76955197569528,30.641046420917547,jbspiritous@gmail.com,false,2026-03-10 04:32,209.7 secs,CEO: Mapbox Satellite w/ Labels,,POINT(-97.76955197569528 30.641046420917547),50,,Trees
129,18506,804480574,-97.76955197569528,30.64113625261311,jbspiritous@gmail.com,false,2026-03-10 04:32,209.7 secs,CEO: Mapbox Satellite w/ Labels,,POINT(-97.76955197569528 30.64113625261311),50,,Trees
129,18507,804480575,-97.76955197569528,30.641226084225224,jbspiritous@gmail.com,false,2026-03-10 04:32,209.7 secs,CEO: Mapbox Satellite w/ Labels,,POINT(-97.76955197569528 30.641226084225224),50,,Trees
129,18508,804480576,-97.76955197569528,30.641315915753907,jbspiritous@gmail.com,false,2026-03-10 04:32,209.7 secs,CEO: Mapbox Satellite w/ Labels,,POINT(-97.76955197569528 30.641315915753907),50,,Trees
129,18509,804480577,-97.76955197569528,30.641405747199173,jbspiritous@gmail.com,false,2026-03-10 04:32,209.7 secs,CEO: Mapbox Satellite w/ Labels,,POINT(-97.76955197569528 30.641405747199173),50,,Trees
129,18510,804480578,-97.76955197569528,30.641495578561006,jbspiritous@gmail.com,false,2026-03-10 04:32,209.7 secs,CEO: Mapbox Satellite w/ Labels,,POINT(-97.76955197569528 30.641495578561006),50,,Barren
129,18511,804480579,-97.76955197569528,30.641585409839422,jbspiritous@gmail.com,false,2026-03-10 04:32,209.7 secs,CEO: Mapbox Satellite w/ Labels,,POINT(-97.76955197569528 30.641585409839422),50,,Trees
129,18512,804480580,-97.76955197569528,30.641675241034378,jbspiritous@gmail.com,false,2026-03-10 04:32,209.7 secs,CEO: Mapbox Satellite w/ Labels,,POINT(-97.76955197569528 30.641675241034378),50,,Trees
129,18513,804480581,-97.76944756597338,30.640866757276143,jbspiritous@gmail.com,false,2026-03-10 04:32,209.7 secs,CEO: Mapbox Satellite w/ Labels,,POINT(-97.76944756597338 30.640866757276143),50,,Trees
129,18514,804480582,-97.76944756597338,30.64095658913857,jbspiritous@gmail.com,false,2026-03-10 04:32,209.7 secs,CEO: Mapbox Satellite w/ Labels,,POINT(-97.76944756597338 30.64095658913857),50,,Trees
129,18515,804480583,-97.76944756597338,30.641046420917547,jbspiritous@gmail.com,false,2026-03-10 04:32,209.7 secs,CEO: Mapbox Satellite w/ Labels,,POINT(-97.76944756597338 30.641046420917547),50,,Trees
129,18516,804480584,-97.76944756597338,30.64113625261311,jbspiritous@gmail.com,false,2026-03-10 04:32,209.7 secs,CEO: Mapbox Satellite w/ Labels,,POINT(-97.76944756597338 30.64113625261311),50,,Trees
129,18517,804480585,-97.76944756597338,30.641226084225224,jbspiritous@gmail.com,false,2026-03-10 04:32,209.7 secs,CEO: Mapbox Satellite w/ Labels,,POINT(-97.76944756597338 30.641226084225224),50,,Barren
129,18518,804480586,-97.76944756597338,30.641315915753907,jbspiritous@gmail.com,false,2026-03-10 04:32,209.7 secs,CEO: Mapbox Satellite w/ Labels,,POINT(-97.76944756597338 30.641315915753907),50,,Barren
129,18519,804480587,-97.76944756597338,30.641405747199173,jbspiritous@gmail.com,false,2026-03-10 04:32,209.7 secs,CEO: Mapbox Satellite w/ Labels,,POINT(-97.76944756597338 30.641405747199173),50,,Barren
129,18520,804480588,-97.76944756597338,30.641495578561006,jbspiritous@gmail.com,false,2026-03-10 04:32,209.7 secs,CEO: Mapbox Satellite w/ Labels,,POINT(-97.76944756597338 30.641495578561006),50,,Barren
129,18521,804480589,-97.76944756597338,30.641585409839422,jbspiritous@gmail.com,false,2026-03-10 04:32,209.7 secs,CEO: Mapbox Satellite w/ Labels,,POINT(-97.76944756597338 30.641585409839422),50,,Trees
129,18522,804480590,-97.76944756597338,30.641675241034378,jbspiritous@gmail.com,false,2026-03-10 04:32,209.7 secs,CEO: Mapbox Satellite w/ Labels,,POINT(-97.76944756597338 30.641675241034378),50,,Trees
129,18523,804480591,-97.76934315625151,30.640866757276143,jbspiritous@gmail.com,false,2026-03-10 04:32,209.7 secs,CEO: Mapbox Satellite w/ Labels,,POINT(-97.76934315625151 30.640866757276143),50,,Trees
129,18524,804480592,-97.76934315625151,30.64095658913857,jbspiritous@gmail.com,false,2026-03-10 04:32,209.7 secs,CEO: Mapbox Satellite w/ Labels,,POINT(-97.76934315625151 30.64095658913857),50,,Trees
129,18525,804480593,-97.76934315625151,30.641046420917547,jbspiritous@gmail.com,false,2026-03-10 04:32,209.7 secs,CEO: Mapbox Satellite w/ Labels,,POINT(-97.76934315625151 30.641046420917547),50,,Trees
129,18526,804480594,-97.76934315625151,30.64113625261311,jbspiritous@gmail.com,false,2026-03-10 04:32,209.7 secs,CEO: Mapbox Satellite w/ Labels,,POINT(-97.76934315625151 30.64113625261311),50,,Trees
129,18527,804480595,-97.76934315625151,30.641226084225224,jbspiritous@gmail.com,false,2026-03-10 04:32,209.7 secs,CEO: Mapbox Satellite w/ Labels,,POINT(-97.76934315625151 30.641226084225224),50,,Barren
129,18528,804480596,-97.76934315625151,30.641315915753907,jbspiritous@gmail.com,false,2026-03-10 04:32,209.7 secs,CEO: Mapbox Satellite w/ Labels,,POINT(-97.76934315625151 30.641315915753907),50,,Barren
129,18529,804480597,-97.76934315625151,30.641405747199173,jbspiritous@gmail.com,false,2026-03-10 04:32,209.7 secs,CEO: Mapbox Satellite w/ Labels,,POINT(-97.76934315625151 30.641405747199173),50,,Barren
129,18530,804480598,-97.76934315625151,30.641495578561006,jbspiritous@gmail.com,false,2026-03-10 04:32,209.7 secs,CEO: Mapbox Satellite w/ Labels,,POINT(-97.76934315625151 30.641495578561006),50,,Barren
129,18531,804480599,-97.76934315625151,30.641585409839422,jbspiritous@gmail.com,false,2026-03-10 04:32,209.7 secs,CEO: Mapbox Satellite w/ Labels,,POINT(-97.76934315625151 30.641585409839422),50,,Barren
129,18532,804480600,-97.76934315625151,30.641675241034378,jbspiritous@gmail.com,false,2026-03-10 04:32,209.7 secs,CEO: Mapbox Satellite w/ Labels,,POINT(-97.76934315625151 30.641675241034378),50,,Trees
130,18577,804480601,-97.77028286559087,30.645362757276004,jbspiritous@gmail.com,false,2026-03-10 04:41,524.1 secs,CEO: Mapbox Satellite w/ Labels,,POINT(-97.77028286559087 30.645362757276004),50,,Trees
130,18578,804480602,-97.77028286559087,30.645452589138472,jbspiritous@gmail.com,false,2026-03-10 04:41,524.1 secs,CEO: Mapbox Satellite w/ Labels,,POINT(-97.77028286559087 30.645452589138472),50,,Trees
130,18579,804480603,-97.77028286559087,30.645542420917522,jbspiritous@gmail.com,false,2026-03-10 04:41,524.1 secs,CEO: Mapbox Satellite w/ Labels,,POINT(-97.77028286559087 30.645542420917522),50,,Trees
130,18580,804480604,-97.77028286559087,30.645632252613083,jbspiritous@gmail.com,false,2026-03-10 04:41,524.1 secs,CEO: Mapbox Satellite w/ Labels,,POINT(-97.77028286559087 30.645632252613083),50,,Trees
130,18581,804480605,-97.77028286559087,30.645722084225213,jbspiritous@gmail.com,false,2026-03-10 04:41,524.1 secs,CEO: Mapbox Satellite w/ Labels,,POINT(-97.77028286559087 30.645722084225213),50,,Trees
130,18582,804480606,-97.77028286559087,30.645811915753924,jbspiritous@gmail.com,false,2026-03-10 04:41,524.1 secs,CEO: Mapbox Satellite w/ Labels,,POINT(-97.77028286559087 30.645811915753924),50,,Trees
130,18583,804480607,-97.77028286559087,30.64590174719919,jbspiritous@gmail.com,false,2026-03-10 04:41,524.1 secs,CEO: Mapbox Satellite w/ Labels,,POINT(-97.77028286559087 30.64590174719919),50,,Water
130,18584,804480608,-97.77028286559087,30.645991578560967,jbspiritous@gmail.com,false,2026-03-10 04:41,524.1 secs,CEO: Mapbox Satellite w/ Labels,,POINT(-97.77028286559087 30.645991578560967),50,,Water
130,18585,804480609,-97.77028286559087,30.64608140983934,jbspiritous@gmail.com,false,2026-03-10 04:41,524.1 secs,CEO: Mapbox Satellite w/ Labels,,POINT(-97.77028286559087 30.64608140983934),50,,Water
130,18586,804480610,-97.77028286559087,30.64617124103424,jbspiritous@gmail.com,false,2026-03-10 04:41,524.1 secs,CEO: Mapbox Satellite w/ Labels,,POINT(-97.77028286559087 30.64617124103424),50,,Water
130,18587,804480611,-97.77017845101513,30.645362757276004,jbspiritous@gmail.com,false,2026-03-10 04:41,524.1 secs,CEO: Mapbox Satellite w/ Labels,,POINT(-97.77017845101513 30.645362757276004),50,,Trees
130,18588,804480612,-97.77017845101513,30.645452589138472,jbspiritous@gmail.com,false,2026-03-10 04:41,524.1 secs,CEO: Mapbox Satellite w/ Labels,,POINT(-97.77017845101513 30.645452589138472),50,,Grasses
130,18589,804480613,-97.77017845101513,30.645542420917522,jbspiritous@gmail.com,false,2026-03-10 04:41,524.1 secs,CEO: Mapbox Satellite w/ Labels,,POINT(-97.77017845101513 30.645542420917522),50,,Trees
130,18590,804480614,-97.77017845101513,30.645632252613083,jbspiritous@gmail.com,false,2026-03-10 04:41,524.1 secs,CEO: Mapbox Satellite w/ Labels,,POINT(-97.77017845101513 30.645632252613083),50,,Trees
130,18591,804480615,-97.77017845101513,30.645722084225213,jbspiritous@gmail.com,false,2026-03-10 04:41,524.1 secs,CEO: Mapbox Satellite w/ Labels,,POINT(-97.77017845101513 30.645722084225213),50,,Trees
130,18592,804480616,-97.77017845101513,30.645811915753924,jbspiritous@gmail.com,false,2026-03-10 04:41,524.1 secs,CEO: Mapbox Satellite w/ Labels,,POINT(-97.77017845101513 30.645811915753924),50,,Trees
130,18593,804480617,-97.77017845101513,30.64590174719919,jbspiritous@gmail.com,false,2026-03-10 04:41,524.1 secs,CEO: Mapbox Satellite w/ Labels,,POINT(-97.77017845101513 30.64590174719919),50,,Trees
130,18594,804480618,-97.77017845101513,30.645991578560967,jbspiritous@gmail.com,false,2026-03-10 04:41,524.1 secs,CEO: Mapbox Satellite w/ Labels,,POINT(-97.77017845101513 30.645991578560967),50,,Water
130,18595,804480619,-97.77017845101513,30.64608140983934,jbspiritous@gmail.com,false,2026-03-10 04:41,524.1 secs,CEO: Mapbox Satellite w/ Labels,,POINT(-97.77017845101513 30.64608140983934),50,,Water
130,18596,804480620,-97.77017845101513,30.64617124103424,jbspiritous@gmail.com,false,2026-03-10 04:41,524.1 secs,CEO: Mapbox Satellite w/ Labels,,POINT(-97.77017845101513 30.64617124103424),50,,Water
130,18597,804480621,-97.77007403643937,30.645362757276004,jbspiritous@gmail.com,false,2026-03-10 04:41,524.1 secs,CEO: Mapbox Satellite w/ Labels,,POINT(-97.77007403643937 30.645362757276004),50,,Trees
130,18598,804480622,-97.77007403643937,30.645452589138472,jbspiritous@gmail.com,false,2026-03-10 04:41,524.1 secs,CEO: Mapbox Satellite w/ Labels,,POINT(-97.77007403643937 30.645452589138472),50,,Trees
130,18599,804480623,-97.77007403643937,30.645542420917522,jbspiritous@gmail.com,false,2026-03-10 04:41,524.1 secs,CEO: Mapbox Satellite w/ Labels,,POINT(-97.77007403643937 30.645542420917522),50,,Trees
130,18600,804480624,-97.77007403643937,30.645632252613083,jbspiritous@gmail.com,false,2026-03-10 04:41,524.1 secs,CEO: Mapbox Satellite w/ Labels,,POINT(-97.77007403643937 30.645632252613083),50,,Trees
130,18601,804480625,-97.77007403643937,30.645722084225213,jbspiritous@gmail.com,false,2026-03-10 04:41,524.1 secs,CEO: Mapbox Satellite w/ Labels,,POINT(-97.77007403643937 30.645722084225213),50,,Trees
130,18602,804480626,-97.77007403643937,30.645811915753924,jbspiritous@gmail.com,false,2026-03-10 04:41,524.1 secs,CEO: Mapbox Satellite w/ Labels,,POINT(-97.77007403643937 30.645811915753924),50,,Trees
130,18603,804480627,-97.77007403643937,30.64590174719919,jbspiritous@gmail.com,false,2026-03-10 04:41,524.1 secs,CEO: Mapbox Satellite w/ Labels,,POINT(-97.77007403643937 30.64590174719919),50,,Trees
130,18604,804480628,-97.77007403643937,30.645991578560967,jbspiritous@gmail.com,false,2026-03-10 04:41,524.1 secs,CEO: Mapbox Satellite w/ Labels,,POINT(-97.77007403643937 30.645991578560967),50,,Trees
130,18605,804480629,-97.77007403643937,30.64608140983934,jbspiritous@gmail.com,false,2026-03-10 04:41,524.1 secs,CEO: Mapbox Satellite w/ Labels,,POINT(-97.77007403643937 30.64608140983934),50,,Trees
130,18606,804480630,-97.77007403643937,30.64617124103424,jbspiritous@gmail.com,false,2026-03-10 04:41,524.1 secs,CEO: Mapbox Satellite w/ Labels,,POINT(-97.77007403643937 30.64617124103424),50,,Grasses
130,18607,804480631,-97.76996962186362,30.645362757276004,jbspiritous@gmail.com,false,2026-03-10 04:41,524.1 secs,CEO: Mapbox Satellite w/ Labels,,POINT(-97.76996962186362 30.645362757276004),50,,Trees
130,18608,804480632,-97.76996962186362,30.645452589138472,jbspiritous@gmail.com,false,2026-03-10 04:41,524.1 secs,CEO: Mapbox Satellite w/ Labels,,POINT(-97.76996962186362 30.645452589138472),50,,Cropland
130,18609,804480633,-97.76996962186362,30.645542420917522,jbspiritous@gmail.com,false,2026-03-10 04:41,524.1 secs,CEO: Mapbox Satellite w/ Labels,,POINT(-97.76996962186362 30.645542420917522),50,,Cropland
130,18610,804480634,-97.76996962186362,30.645632252613083,jbspiritous@gmail.com,false,2026-03-10 04:41,524.1 secs,CEO: Mapbox Satellite w/ Labels,,POINT(-97.76996962186362 30.645632252613083),50,,Cropland
130,18611,804480635,-97.76996962186362,30.645722084225213,jbspiritous@gmail.com,false,2026-03-10 04:41,524.1 secs,CEO: Mapbox Satellite w/ Labels,,POINT(-97.76996962186362 30.645722084225213),50,,Cropland
130,18612,804480636,-97.76996962186362,30.645811915753924,jbspiritous@gmail.com,false,2026-03-10 04:41,524.1 secs,CEO: Mapbox Satellite w/ Labels,,POINT(-97.76996962186362 30.645811915753924),50,,Cropland
130,18613,804480637,-97.76996962186362,30.64590174719919,jbspiritous@gmail.com,false,2026-03-10 04:41,524.1 secs,CEO: Mapbox Satellite w/ Labels,,POINT(-97.76996962186362 30.64590174719919),50,,Cropland
130,18614,804480638,-97.76996962186362,30.645991578560967,jbspiritous@gmail.com,false,2026-03-10 04:41,524.1 secs,CEO: Mapbox Satellite w/ Labels,,POINT(-97.76996962186362 30.645991578560967),50,,Cropland
130,18615,804480639,-97.76996962186362,30.64608140983934,jbspiritous@gmail.com,false,2026-03-10 04:41,524.1 secs,CEO: Mapbox Satellite w/ Labels,,POINT(-97.76996962186362 30.64608140983934),50,,Trees
130,18616,804480640,-97.76996962186362,30.64617124103424,jbspiritous@gmail.com,false,2026-03-10 04:41,524.1 secs,CEO: Mapbox Satellite w/ Labels,,POINT(-97.76996962186362 30.64617124103424),50,,Grasses
130,18617,804480641,-97.76986520728786,30.645362757276004,jbspiritous@gmail.com,false,2026-03-10 04:41,524.1 secs,CEO: Mapbox Satellite w/ Labels,,POINT(-97.76986520728786 30.645362757276004),50,,Trees
130,18618,804480642,-97.76986520728786,30.645452589138472,jbspiritous@gmail.com,false,2026-03-10 04:41,524.1 secs,CEO: Mapbox Satellite w/ Labels,,POINT(-97.76986520728786 30.645452589138472),50,,Trees
130,18619,804480643,-97.76986520728786,30.645542420917522,jbspiritous@gmail.com,false,2026-03-10 04:41,524.1 secs,CEO: Mapbox Satellite w/ Labels,,POINT(-97.76986520728786 30.645542420917522),50,,Cropland
130,18620,804480644,-97.76986520728786,30.645632252613083,jbspiritous@gmail.com,false,2026-03-10 04:41,524.1 secs,CEO: Mapbox Satellite w/ Labels,,POINT(-97.76986520728786 30.645632252613083),50,,Cropland
130,18621,804480645,-97.76986520728786,30.645722084225213,jbspiritous@gmail.com,false,2026-03-10 04:41,524.1 secs,CEO: Mapbox Satellite w/ Labels,,POINT(-97.76986520728786 30.645722084225213),50,,Cropland
130,18622,804480646,-97.76986520728786,30.645811915753924,jbspiritous@gmail.com,false,2026-03-10 04:41,524.1 secs,CEO: Mapbox Satellite w/ Labels,,POINT(-97.76986520728786 30.645811915753924),50,,Cropland
130,18623,804480647,-97.76986520728786,30.64590174719919,jbspiritous@gmail.com,false,2026-03-10 04:41,524.1 secs,CEO: Mapbox Satellite w/ Labels,,POINT(-97.76986520728786 30.64590174719919),50,,Cropland
130,18624,804480648,-97.76986520728786,30.645991578560967,jbspiritous@gmail.com,false,2026-03-10 04:41,524.1 secs,CEO: Mapbox Satellite w/ Labels,,POINT(-97.76986520728786 30.645991578560967),50,,Cropland
130,18625,804480649,-97.76986520728786,30.64608140983934,jbspiritous@gmail.com,false,2026-03-10 04:41,524.1 secs,CEO: Mapbox Satellite w/ Labels,,POINT(-97.76986520728786 30.64608140983934),50,,Built-up structures
130,18626,804480650,-97.76986520728786,30.64617124103424,jbspiritous@gmail.com,false,2026-03-10 04:41,524.1 secs,CEO: Mapbox Satellite w/ Labels,,POINT(-97.76986520728786 30.64617124103424),50,,Built-up structures
130,18627,804480651,-97.76976079271213,30.645362757276004,jbspiritous@gmail.com,false,2026-03-10 04:41,524.1 secs,CEO: Mapbox Satellite w/ Labels,,POINT(-97.76976079271213 30.645362757276004),50,,Cropland
130,18628,804480652,-97.76976079271213,30.645452589138472,jbspiritous@gmail.com,false,2026-03-10 04:41,524.1 secs,CEO: Mapbox Satellite w/ Labels,,POINT(-97.76976079271213 30.645452589138472),50,,Trees
130,18629,804480653,-97.76976079271213,30.645542420917522,jbspiritous@gmail.com,false,2026-03-10 04:41,524.1 secs,CEO: Mapbox Satellite w/ Labels,,POINT(-97.76976079271213 30.645542420917522),50,,Cropland
130,18630,804480654,-97.76976079271213,30.645632252613083,jbspiritous@gmail.com,false,2026-03-10 04:41,524.1 secs,CEO: Mapbox Satellite w/ Labels,,POINT(-97.76976079271213 30.645632252613083),50,,Cropland
130,18631,804480655,-97.76976079271213,30.645722084225213,jbspiritous@gmail.com,false,2026-03-10 04:41,524.1 secs,CEO: Mapbox Satellite w/ Labels,,POINT(-97.76976079271213 30.645722084225213),50,,Cropland
130,18632,804480656,-97.76976079271213,30.645811915753924,jbspiritous@gmail.com,false,2026-03-10 04:41,524.1 secs,CEO: Mapbox Satellite w/ Labels,,POINT(-97.76976079271213 30.645811915753924),50,,Cropland
130,18633,804480657,-97.76976079271213,30.64590174719919,jbspiritous@gmail.com,false,2026-03-10 04:41,524.1 secs,CEO: Mapbox Satellite w/ Labels,,POINT(-97.76976079271213 30.64590174719919),50,,Cropland
130,18634,804480658,-97.76976079271213,30.645991578560967,jbspiritous@gmail.com,false,2026-03-10 04:41,524.1 secs,CEO: Mapbox Satellite w/ Labels,,POINT(-97.76976079271213 30.645991578560967),50,,Cropland
130,18635,804480659,-97.76976079271213,30.64608140983934,jbspiritous@gmail.com,false,2026-03-10 04:41,524.1 secs,CEO: Mapbox Satellite w/ Labels,,POINT(-97.76976079271213 30.64608140983934),50,,Cropland
130,18636,804480660,-97.76976079271213,30.64617124103424,jbspiritous@gmail.com,false,2026-03-10 04:41,524.1 secs,CEO: Mapbox Satellite w/ Labels,,POINT(-97.76976079271213 30.64617124103424),50,,Cropland
130,18637,804480661,-97.76965637813637,30.645362757276004,jbspiritous@gmail.com,false,2026-03-10 04:41,524.1 secs,CEO: Mapbox Satellite w/ Labels,,POINT(-97.76965637813637 30.645362757276004),50,,Trees
130,18638,804480662,-97.76965637813637,30.645452589138472,jbspiritous@gmail.com,false,2026-03-10 04:41,524.1 secs,CEO: Mapbox Satellite w/ Labels,,POINT(-97.76965637813637 30.645452589138472),50,,Trees
130,18639,804480663,-97.76965637813637,30.645542420917522,jbspiritous@gmail.com,false,2026-03-10 04:41,524.1 secs,CEO: Mapbox Satellite w/ Labels,,POINT(-97.76965637813637 30.645542420917522),50,,Trees
130,18640,804480664,-97.76965637813637,30.645632252613083,jbspiritous@gmail.com,false,2026-03-10 04:41,524.1 secs,CEO: Mapbox Satellite w/ Labels,,POINT(-97.76965637813637 30.645632252613083),50,,Trees
130,18641,804480665,-97.76965637813637,30.645722084225213,jbspiritous@gmail.com,false,2026-03-10 04:41,524.1 secs,CEO: Mapbox Satellite w/ Labels,,POINT(-97.76965637813637 30.645722084225213),50,,Cropland
130,18642,804480666,-97.76965637813637,30.645811915753924,jbspiritous@gmail.com,false,2026-03-10 04:41,524.1 secs,CEO: Mapbox Satellite w/ Labels,,POINT(-97.76965637813637 30.645811915753924),50,,Trees
130,18643,804480667,-97.76965637813637,30.64590174719919,jbspiritous@gmail.com,false,2026-03-10 04:41,524.1 secs,CEO: Mapbox Satellite w/ Labels,,POINT(-97.76965637813637 30.64590174719919),50,,Trees
130,18644,804480668,-97.76965637813637,30.645991578560967,jbspiritous@gmail.com,false,2026-03-10 04:41,524.1 secs,CEO: Mapbox Satellite w/ Labels,,POINT(-97.76965637813637 30.645991578560967),50,,Cropland
130,18645,804480669,-97.76965637813637,30.64608140983934,jbspiritous@gmail.com,false,2026-03-10 04:41,524.1 secs,CEO: Mapbox Satellite w/ Labels,,POINT(-97.76965637813637 30.64608140983934),50,,Cropland
130,18646,804480670,-97.76965637813637,30.64617124103424,jbspiritous@gmail.com,false,2026-03-10 04:41,524.1 secs,CEO: Mapbox Satellite w/ Labels,,POINT(-97.76965637813637 30.64617124103424),50,,Cropland
130,18647,804480671,-97.76955196356063,30.645362757276004,jbspiritous@gmail.com,false,2026-03-10 04:41,524.1 secs,CEO: Mapbox Satellite w/ Labels,,POINT(-97.76955196356063 30.645362757276004),50,,Trees
130,18648,804480672,-97.76955196356063,30.645452589138472,jbspiritous@gmail.com,false,2026-03-10 04:41,524.1 secs,CEO: Mapbox Satellite w/ Labels,,POINT(-97.76955196356063 30.645452589138472),50,,Trees
130,18649,804480673,-97.76955196356063,30.645542420917522,jbspiritous@gmail.com,false,2026-03-10 04:41,524.1 secs,CEO: Mapbox Satellite w/ Labels,,POINT(-97.76955196356063 30.645542420917522),50,,Cropland
130,18650,804480674,-97.76955196356063,30.645632252613083,jbspiritous@gmail.com,false,2026-03-10 04:41,524.1 secs,CEO: Mapbox Satellite w/ Labels,,POINT(-97.76955196356063 30.645632252613083),50,,Cropland
130,18651,804480675,-97.76955196356063,30.645722084225213,jbspiritous@gmail.com,false,2026-03-10 04:41,524.1 secs,CEO: Mapbox Satellite w/ Labels,,POINT(-97.76955196356063 30.645722084225213),50,,Cropland
130,18652,804480676,-97.76955196356063,30.645811915753924,jbspiritous@gmail.com,false,2026-03-10 04:41,524.1 secs,CEO: Mapbox Satellite w/ Labels,,POINT(-97.76955196356063 30.645811915753924),50,,Cropland
130,18653,804480677,-97.76955196356063,30.64590174719919,jbspiritous@gmail.com,false,2026-03-10 04:41,524.1 secs,CEO: Mapbox Satellite w/ Labels,,POINT(-97.76955196356063 30.64590174719919),50,,Cropland
130,18654,804480678,-97.76955196356063,30.645991578560967,jbspiritous@gmail.com,false,2026-03-10 04:41,524.1 secs,CEO: Mapbox Satellite w/ Labels,,POINT(-97.76955196356063 30.645991578560967),50,,Cropland
130,18655,804480679,-97.76955196356063,30.64608140983934,jbspiritous@gmail.com,false,2026-03-10 04:41,524.1 secs,CEO: Mapbox Satellite w/ Labels,,POINT(-97.76955196356063 30.64608140983934),50,,Cropland
130,18656,804480680,-97.76955196356063,30.64617124103424,jbspiritous@gmail.com,false,2026-03-10 04:41,524.1 secs,CEO: Mapbox Satellite w/ Labels,,POINT(-97.76955196356063 30.64617124103424),50,,Trees
130,18657,804480681,-97.76944754898487,30.645362757276004,jbspiritous@gmail.com,false,2026-03-10 04:41,524.1 secs,CEO: Mapbox Satellite w/ Labels,,POINT(-97.76944754898487 30.645362757276004),50,,Cropland
130,18658,804480682,-97.76944754898487,30.645452589138472,jbspiritous@gmail.com,false,2026-03-10 04:41,524.1 secs,CEO: Mapbox Satellite w/ Labels,,POINT(-97.76944754898487 30.645452589138472),50,,Trees
130,18659,804480683,-97.76944754898487,30.645542420917522,jbspiritous@gmail.com,false,2026-03-10 04:41,524.1 secs,CEO: Mapbox Satellite w/ Labels,,POINT(-97.76944754898487 30.645542420917522),50,,Cropland
130,18660,804480684,-97.76944754898487,30.645632252613083,jbspiritous@gmail.com,false,2026-03-10 04:41,524.1 secs,CEO: Mapbox Satellite w/ Labels,,POINT(-97.76944754898487 30.645632252613083),50,,Built-up
130,18661,804480685,-97.76944754898487,30.645722084225213,jbspiritous@gmail.com,false,2026-03-10 04:41,524.1 secs,CEO: Mapbox Satellite w/ Labels,,POINT(-97.76944754898487 30.645722084225213),50,,Built-up
130,18662,804480686,-97.76944754898487,30.645811915753924,jbspiritous@gmail.com,false,2026-03-10 04:41,524.1 secs,CEO: Mapbox Satellite w/ Labels,,POINT(-97.76944754898487 30.645811915753924),50,,Built-up
130,18663,804480687,-97.76944754898487,30.64590174719919,jbspiritous@gmail.com,false,2026-03-10 04:41,524.1 secs,CEO: Mapbox Satellite w/ Labels,,POINT(-97.76944754898487 30.64590174719919),50,,Cropland
130,18664,804480688,-97.76944754898487,30.645991578560967,jbspiritous@gmail.com,false,2026-03-10 04:41,524.1 secs,CEO: Mapbox Satellite w/ Labels,,POINT(-97.76944754898487 30.645991578560967),50,,Cropland
130,18665,804480689,-97.76944754898487,30.64608140983934,jbspiritous@gmail.com,false,2026-03-10 04:41,524.1 secs,CEO: Mapbox Satellite w/ Labels,,POINT(-97.76944754898487 30.64608140983934),50,,Cropland
130,18666,804480690,-97.76944754898487,30.64617124103424,jbspiritous@gmail.com,false,2026-03-10 04:41,524.1 secs,CEO: Mapbox Satellite w/ Labels,,POINT(-97.76944754898487 30.64617124103424),50,,Cropland
130,18667,804480691,-97.76934313440913,30.645362757276004,jbspiritous@gmail.com,false,2026-03-10 04:41,524.1 secs,CEO: Mapbox Satellite w/ Labels,,POINT(-97.76934313440913 30.645362757276004),50,,Built-up
130,18668,804480692,-97.76934313440913,30.645452589138472,jbspiritous@gmail.com,false,2026-03-10 04:41,524.1 secs,CEO: Mapbox Satellite w/ Labels,,POINT(-97.76934313440913 30.645452589138472),50,,Built-up
130,18669,804480693,-97.76934313440913,30.645542420917522,jbspiritous@gmail.com,false,2026-03-10 04:41,524.1 secs,CEO: Mapbox Satellite w/ Labels,,POINT(-97.76934313440913 30.645542420917522),50,,Cropland
130,18670,804480694,-97.76934313440913,30.645632252613083,jbspiritous@gmail.com,false,2026-03-10 04:41,524.1 secs,CEO: Mapbox Satellite w/ Labels,,POINT(-97.76934313440913 30.645632252613083),50,,Cropland
130,18671,804480695,-97.76934313440913,30.645722084225213,jbspiritous@gmail.com,false,2026-03-10 04:41,524.1 secs,CEO: Mapbox Satellite w/ Labels,,POINT(-97.76934313440913 30.645722084225213),50,,Trees
130,18672,804480696,-97.76934313440913,30.645811915753924,jbspiritous@gmail.com,false,2026-03-10 04:41,524.1 secs,CEO: Mapbox Satellite w/ Labels,,POINT(-97.76934313440913 30.645811915753924),50,,Trees
130,18673,804480697,-97.76934313440913,30.64590174719919,jbspiritous@gmail.com,false,2026-03-10 04:41,524.1 secs,CEO: Mapbox Satellite w/ Labels,,POINT(-97.76934313440913 30.64590174719919),50,,Trees
130,18674,804480698,-97.76934313440913,30.645991578560967,jbspiritous@gmail.com,false,2026-03-10 04:41,524.1 secs,CEO: Mapbox Satellite w/ Labels,,POINT(-97.76934313440913 30.645991578560967),50,,Built-up
130,18675,804480699,-97.76934313440913,30.64608140983934,jbspiritous@gmail.com,false,2026-03-10 04:41,524.1 secs,CEO: Mapbox Satellite w/ Labels,,POINT(-97.76934313440913 30.64608140983934),50,,Built-up
130,18676,804480700,-97.76934313440913,30.64617124103424,jbspiritous@gmail.com,false,2026-03-10 04:41,524.1 secs,CEO: Mapbox Satellite w/ Labels,,POINT(-97.76934313440913 30.64617124103424),50,,Trees
131,18721,804480701,-97.76505775641368,30.62287975727672,jbspiritous@gmail.com,false,2026-03-10 04:49,470.2 secs,CEO: Mapbox Satellite w/ Labels,,POINT(-97.76505775641368 30.62287975727672),50,,Grasses
131,18722,804480702,-97.76505775641368,30.622969589138904,jbspiritous@gmail.com,false,2026-03-10 04:49,470.2 secs,CEO: Mapbox Satellite w/ Labels,,POINT(-97.76505775641368 30.622969589138904),50,,Grasses
131,18723,804480703,-97.76505775641368,30.6230594209177,jbspiritous@gmail.com,false,2026-03-10 04:49,470.2 secs,CEO: Mapbox Satellite w/ Labels,,POINT(-97.76505775641368 30.6230594209177),50,,Grasses
131,18724,804480704,-97.76505775641368,30.623149252613146,jbspiritous@gmail.com,false,2026-03-10 04:49,470.2 secs,CEO: Mapbox Satellite w/ Labels,,POINT(-97.76505775641368 30.623149252613146),50,,Grasses
131,18725,804480705,-97.76505775641368,30.62323908422519,jbspiritous@gmail.com,false,2026-03-10 04:49,470.2 secs,CEO: Mapbox Satellite w/ Labels,,POINT(-97.76505775641368 30.62323908422519),50,,Trees
131,18726,804480706,-97.76505775641368,30.623328915753916,jbspiritous@gmail.com,false,2026-03-10 04:49,470.2 secs,CEO: Mapbox Satellite w/ Labels,,POINT(-97.76505775641368 30.623328915753916),50,,Trees
131,18727,804480707,-97.76505775641368,30.62341874719921,jbspiritous@gmail.com,false,2026-03-10 04:49,470.2 secs,CEO: Mapbox Satellite w/ Labels,,POINT(-97.76505775641368 30.62341874719921),50,,Trees
131,18728,804480708,-97.76505775641368,30.623508578561186,jbspiritous@gmail.com,false,2026-03-10 04:49,470.2 secs,CEO: Mapbox Satellite w/ Labels,,POINT(-97.76505775641368 30.623508578561186),50,,Grasses
131,18729,804480709,-97.76505775641368,30.623598409839772,jbspiritous@gmail.com,false,2026-03-10 04:49,470.2 secs,CEO: Mapbox Satellite w/ Labels,,POINT(-97.76505775641368 30.623598409839772),50,,Grasses
131,18730,804480710,-97.76505775641368,30.623688241034955,jbspiritous@gmail.com,false,2026-03-10 04:49,470.2 secs,CEO: Mapbox Satellite w/ Labels,,POINT(-97.76505775641368 30.623688241034955),50,,Grasses
131,18731,804480711,-97.76495336609953,30.62287975727672,jbspiritous@gmail.com,false,2026-03-10 04:49,470.2 secs,CEO: Mapbox Satellite w/ Labels,,POINT(-97.76495336609953 30.62287975727672),50,,Grasses
131,18732,804480712,-97.76495336609953,30.622969589138904,jbspiritous@gmail.com,false,2026-03-10 04:49,470.2 secs,CEO: Mapbox Satellite w/ Labels,,POINT(-97.76495336609953 30.622969589138904),50,,Grasses
131,18733,804480713,-97.76495336609953,30.6230594209177,jbspiritous@gmail.com,false,2026-03-10 04:49,470.2 secs,CEO: Mapbox Satellite w/ Labels,,POINT(-97.76495336609953 30.6230594209177),50,,Grasses
131,18734,804480714,-97.76495336609953,30.623149252613146,jbspiritous@gmail.com,false,2026-03-10 04:49,470.2 secs,CEO: Mapbox Satellite w/ Labels,,POINT(-97.76495336609953 30.623149252613146),50,,Grasses
131,18735,804480715,-97.76495336609953,30.62323908422519,jbspiritous@gmail.com,false,2026-03-10 04:49,470.2 secs,CEO: Mapbox Satellite w/ Labels,,POINT(-97.76495336609953 30.62323908422519),50,,Trees
131,18736,804480716,-97.76495336609953,30.623328915753916,jbspiritous@gmail.com,false,2026-03-10 04:49,470.2 secs,CEO: Mapbox Satellite w/ Labels,,POINT(-97.76495336609953 30.623328915753916),50,,Trees
131,18737,804480717,-97.76495336609953,30.62341874719921,jbspiritous@gmail.com,false,2026-03-10 04:49,470.2 secs,CEO: Mapbox Satellite w/ Labels,,POINT(-97.76495336609953 30.62341874719921),50,,Trees
131,18738,804480718,-97.76495336609953,30.623508578561186,jbspiritous@gmail.com,false,2026-03-10 04:49,470.2 secs,CEO: Mapbox Satellite w/ Labels,,POINT(-97.76495336609953 30.623508578561186),50,,Trees
131,18739,804480719,-97.76495336609953,30.623598409839772,jbspiritous@gmail.com,false,2026-03-10 04:49,470.2 secs,CEO: Mapbox Satellite w/ Labels,,POINT(-97.76495336609953 30.623598409839772),50,,Grasses
131,18740,804480720,-97.76495336609953,30.623688241034955,jbspiritous@gmail.com,false,2026-03-10 04:49,470.2 secs,CEO: Mapbox Satellite w/ Labels,,POINT(-97.76495336609953 30.623688241034955),50,,Grasses
131,18741,804480721,-97.76484897578537,30.62287975727672,jbspiritous@gmail.com,false,2026-03-10 04:49,470.2 secs,CEO: Mapbox Satellite w/ Labels,,POINT(-97.76484897578537 30.62287975727672),50,,Grasses
131,18742,804480722,-97.76484897578537,30.622969589138904,jbspiritous@gmail.com,false,2026-03-10 04:49,470.2 secs,CEO: Mapbox Satellite w/ Labels,,POINT(-97.76484897578537 30.622969589138904),50,,Grasses
131,18743,804480723,-97.76484897578537,30.6230594209177,jbspiritous@gmail.com,false,2026-03-10 04:49,470.2 secs,CEO: Mapbox Satellite w/ Labels,,POINT(-97.76484897578537 30.6230594209177),50,,Grasses
131,18744,804480724,-97.76484897578537,30.623149252613146,jbspiritous@gmail.com,false,2026-03-10 04:49,470.2 secs,CEO: Mapbox Satellite w/ Labels,,POINT(-97.76484897578537 30.623149252613146),50,,Grasses
131,18745,804480725,-97.76484897578537,30.62323908422519,jbspiritous@gmail.com,false,2026-03-10 04:49,470.2 secs,CEO: Mapbox Satellite w/ Labels,,POINT(-97.76484897578537 30.62323908422519),50,,Trees
131,18746,804480726,-97.76484897578537,30.623328915753916,jbspiritous@gmail.com,false,2026-03-10 04:49,470.2 secs,CEO: Mapbox Satellite w/ Labels,,POINT(-97.76484897578537 30.623328915753916),50,,Trees
131,18747,804480727,-97.76484897578537,30.62341874719921,jbspiritous@gmail.com,false,2026-03-10 04:49,470.2 secs,CEO: Mapbox Satellite w/ Labels,,POINT(-97.76484897578537 30.62341874719921),50,,Trees
131,18748,804480728,-97.76484897578537,30.623508578561186,jbspiritous@gmail.com,false,2026-03-10 04:49,470.2 secs,CEO: Mapbox Satellite w/ Labels,,POINT(-97.76484897578537 30.623508578561186),50,,Trees
131,18749,804480729,-97.76484897578537,30.623598409839772,jbspiritous@gmail.com,false,2026-03-10 04:49,470.2 secs,CEO: Mapbox Satellite w/ Labels,,POINT(-97.76484897578537 30.623598409839772),50,,Grasses
131,18750,804480730,-97.76484897578537,30.623688241034955,jbspiritous@gmail.com,false,2026-03-10 04:49,470.2 secs,CEO: Mapbox Satellite w/ Labels,,POINT(-97.76484897578537 30.623688241034955),50,,Trees
131,18751,804480731,-97.76474458547123,30.62287975727672,jbspiritous@gmail.com,false,2026-03-10 04:49,470.2 secs,CEO: Mapbox Satellite w/ Labels,,POINT(-97.76474458547123 30.62287975727672),50,,Grasses
131,18752,804480732,-97.76474458547123,30.622969589138904,jbspiritous@gmail.com,false,2026-03-10 04:49,470.2 secs,CEO: Mapbox Satellite w/ Labels,,POINT(-97.76474458547123 30.622969589138904),50,,Grasses
131,18753,804480733,-97.76474458547123,30.6230594209177,jbspiritous@gmail.com,false,2026-03-10 04:49,470.2 secs,CEO: Mapbox Satellite w/ Labels,,POINT(-97.76474458547123 30.6230594209177),50,,Grasses
131,18754,804480734,-97.76474458547123,30.623149252613146,jbspiritous@gmail.com,false,2026-03-10 04:49,470.2 secs,CEO: Mapbox Satellite w/ Labels,,POINT(-97.76474458547123 30.623149252613146),50,,Grasses
131,18755,804480735,-97.76474458547123,30.62323908422519,jbspiritous@gmail.com,false,2026-03-10 04:49,470.2 secs,CEO: Mapbox Satellite w/ Labels,,POINT(-97.76474458547123 30.62323908422519),50,,Trees
131,18756,804480736,-97.76474458547123,30.623328915753916,jbspiritous@gmail.com,false,2026-03-10 04:49,470.2 secs,CEO: Mapbox Satellite w/ Labels,,POINT(-97.76474458547123 30.623328915753916),50,,Trees
131,18757,804480737,-97.76474458547123,30.62341874719921,jbspiritous@gmail.com,false,2026-03-10 04:49,470.2 secs,CEO: Mapbox Satellite w/ Labels,,POINT(-97.76474458547123 30.62341874719921),50,,Trees
131,18758,804480738,-97.76474458547123,30.623508578561186,jbspiritous@gmail.com,false,2026-03-10 04:49,470.2 secs,CEO: Mapbox Satellite w/ Labels,,POINT(-97.76474458547123 30.623508578561186),50,,Grasses
131,18759,804480739,-97.76474458547123,30.623598409839772,jbspiritous@gmail.com,false,2026-03-10 04:49,470.2 secs,CEO: Mapbox Satellite w/ Labels,,POINT(-97.76474458547123 30.623598409839772),50,,Trees
131,18760,804480740,-97.76474458547123,30.623688241034955,jbspiritous@gmail.com,false,2026-03-10 04:49,470.2 secs,CEO: Mapbox Satellite w/ Labels,,POINT(-97.76474458547123 30.623688241034955),50,,Trees
131,18761,804480741,-97.76464019515709,30.62287975727672,jbspiritous@gmail.com,false,2026-03-10 04:49,470.2 secs,CEO: Mapbox Satellite w/ Labels,,POINT(-97.76464019515709 30.62287975727672),50,,Trees
131,18762,804480742,-97.76464019515709,30.622969589138904,jbspiritous@gmail.com,false,2026-03-10 04:49,470.2 secs,CEO: Mapbox Satellite w/ Labels,,POINT(-97.76464019515709 30.622969589138904),50,,Trees
131,18763,804480743,-97.76464019515709,30.6230594209177,jbspiritous@gmail.com,false,2026-03-10 04:49,470.2 secs,CEO: Mapbox Satellite w/ Labels,,POINT(-97.76464019515709 30.6230594209177),50,,Trees
131,18764,804480744,-97.76464019515709,30.623149252613146,jbspiritous@gmail.com,false,2026-03-10 04:49,470.2 secs,CEO: Mapbox Satellite w/ Labels,,POINT(-97.76464019515709 30.623149252613146),50,,Trees
131,18765,804480745,-97.76464019515709,30.62323908422519,jbspiritous@gmail.com,false,2026-03-10 04:49,470.2 secs,CEO: Mapbox Satellite w/ Labels,,POINT(-97.76464019515709 30.62323908422519),50,,Trees
131,18766,804480746,-97.76464019515709,30.623328915753916,jbspiritous@gmail.com,false,2026-03-10 04:49,470.2 secs,CEO: Mapbox Satellite w/ Labels,,POINT(-97.76464019515709 30.623328915753916),50,,Trees
131,18767,804480747,-97.76464019515709,30.62341874719921,jbspiritous@gmail.com,false,2026-03-10 04:49,470.2 secs,CEO: Mapbox Satellite w/ Labels,,POINT(-97.76464019515709 30.62341874719921),50,,Trees
131,18768,804480748,-97.76464019515709,30.623508578561186,jbspiritous@gmail.com,false,2026-03-10 04:49,470.2 secs,CEO: Mapbox Satellite w/ Labels,,POINT(-97.76464019515709 30.623508578561186),50,,Grasses
131,18769,804480749,-97.76464019515709,30.623598409839772,jbspiritous@gmail.com,false,2026-03-10 04:49,470.2 secs,CEO: Mapbox Satellite w/ Labels,,POINT(-97.76464019515709 30.623598409839772),50,,Grasses
131,18770,804480750,-97.76464019515709,30.623688241034955,jbspiritous@gmail.com,false,2026-03-10 04:49,470.2 secs,CEO: Mapbox Satellite w/ Labels,,POINT(-97.76464019515709 30.623688241034955),50,,Grasses
131,18771,804480751,-97.76453580484295,30.62287975727672,jbspiritous@gmail.com,false,2026-03-10 04:49,470.2 secs,CEO: Mapbox Satellite w/ Labels,,POINT(-97.76453580484295 30.62287975727672),50,,Trees
131,18772,804480752,-97.76453580484295,30.622969589138904,jbspiritous@gmail.com,false,2026-03-10 04:49,470.2 secs,CEO: Mapbox Satellite w/ Labels,,POINT(-97.76453580484295 30.622969589138904),50,,Trees
131,18773,804480753,-97.76453580484295,30.6230594209177,jbspiritous@gmail.com,false,2026-03-10 04:49,470.2 secs,CEO: Mapbox Satellite w/ Labels,,POINT(-97.76453580484295 30.6230594209177),50,,Trees
131,18774,804480754,-97.76453580484295,30.623149252613146,jbspiritous@gmail.com,false,2026-03-10 04:49,470.2 secs,CEO: Mapbox Satellite w/ Labels,,POINT(-97.76453580484295 30.623149252613146),50,,Trees
131,18775,804480755,-97.76453580484295,30.62323908422519,jbspiritous@gmail.com,false,2026-03-10 04:49,470.2 secs,CEO: Mapbox Satellite w/ Labels,,POINT(-97.76453580484295 30.62323908422519),50,,Trees
131,18776,804480756,-97.76453580484295,30.623328915753916,jbspiritous@gmail.com,false,2026-03-10 04:49,470.2 secs,CEO: Mapbox Satellite w/ Labels,,POINT(-97.76453580484295 30.623328915753916),50,,Trees
131,18777,804480757,-97.76453580484295,30.62341874719921,jbspiritous@gmail.com,false,2026-03-10 04:49,470.2 secs,CEO: Mapbox Satellite w/ Labels,,POINT(-97.76453580484295 30.62341874719921),50,,Trees
131,18778,804480758,-97.76453580484295,30.623508578561186,jbspiritous@gmail.com,false,2026-03-10 04:49,470.2 secs,CEO: Mapbox Satellite w/ Labels,,POINT(-97.76453580484295 30.623508578561186),50,,Trees
131,18779,804480759,-97.76453580484295,30.623598409839772,jbspiritous@gmail.com,false,2026-03-10 04:49,470.2 secs,CEO: Mapbox Satellite w/ Labels,,POINT(-97.76453580484295 30.623598409839772),50,,Trees
131,18780,804480760,-97.76453580484295,30.623688241034955,jbspiritous@gmail.com,false,2026-03-10 04:49,470.2 secs,CEO: Mapbox Satellite w/ Labels,,POINT(-97.76453580484295 30.623688241034955),50,,Grasses
131,18781,804480761,-97.76443141452879,30.62287975727672,jbspiritous@gmail.com,false,2026-03-10 04:49,470.2 secs,CEO: Mapbox Satellite w/ Labels,,POINT(-97.76443141452879 30.62287975727672),50,,Trees
131,18782,804480762,-97.76443141452879,30.622969589138904,jbspiritous@gmail.com,false,2026-03-10 04:49,470.2 secs,CEO: Mapbox Satellite w/ Labels,,POINT(-97.76443141452879 30.622969589138904),50,,Trees
131,18783,804480763,-97.76443141452879,30.6230594209177,jbspiritous@gmail.com,false,2026-03-10 04:49,470.2 secs,CEO: Mapbox Satellite w/ Labels,,POINT(-97.76443141452879 30.6230594209177),50,,Trees
131,18784,804480764,-97.76443141452879,30.623149252613146,jbspiritous@gmail.com,false,2026-03-10 04:49,470.2 secs,CEO: Mapbox Satellite w/ Labels,,POINT(-97.76443141452879 30.623149252613146),50,,Trees
131,18785,804480765,-97.76443141452879,30.62323908422519,jbspiritous@gmail.com,false,2026-03-10 04:49,470.2 secs,CEO: Mapbox Satellite w/ Labels,,POINT(-97.76443141452879 30.62323908422519),50,,Trees
131,18786,804480766,-97.76443141452879,30.623328915753916,jbspiritous@gmail.com,false,2026-03-10 04:49,470.2 secs,CEO: Mapbox Satellite w/ Labels,,POINT(-97.76443141452879 30.623328915753916),50,,Trees
131,18787,804480767,-97.76443141452879,30.62341874719921,jbspiritous@gmail.com,false,2026-03-10 04:49,470.2 secs,CEO: Mapbox Satellite w/ Labels,,POINT(-97.76443141452879 30.62341874719921),50,,Trees
131,18788,804480768,-97.76443141452879,30.623508578561186,jbspiritous@gmail.com,false,2026-03-10 04:49,470.2 secs,CEO: Mapbox Satellite w/ Labels,,POINT(-97.76443141452879 30.623508578561186),50,,Trees
131,18789,804480769,-97.76443141452879,30.623598409839772,jbspiritous@gmail.com,false,2026-03-10 04:49,470.2 secs,CEO: Mapbox Satellite w/ Labels,,POINT(-97.76443141452879 30.623598409839772),50,,Trees
131,18790,804480770,-97.76443141452879,30.623688241034955,jbspiritous@gmail.com,false,2026-03-10 04:49,470.2 secs,CEO: Mapbox Satellite w/ Labels,,POINT(-97.76443141452879 30.623688241034955),50,,Trees
131,18791,804480771,-97.76432702421465,30.62287975727672,jbspiritous@gmail.com,false,2026-03-10 04:49,470.2 secs,CEO: Mapbox Satellite w/ Labels,,POINT(-97.76432702421465 30.62287975727672),50,,Grasses
131,18792,804480772,-97.76432702421465,30.622969589138904,jbspiritous@gmail.com,false,2026-03-10 04:49,470.2 secs,CEO: Mapbox Satellite w/ Labels,,POINT(-97.76432702421465 30.622969589138904),50,,Grasses
131,18793,804480773,-97.76432702421465,30.6230594209177,jbspiritous@gmail.com,false,2026-03-10 04:49,470.2 secs,CEO: Mapbox Satellite w/ Labels,,POINT(-97.76432702421465 30.6230594209177),50,,Grasses
131,18794,804480774,-97.76432702421465,30.623149252613146,jbspiritous@gmail.com,false,2026-03-10 04:49,470.2 secs,CEO: Mapbox Satellite w/ Labels,,POINT(-97.76432702421465 30.623149252613146),50,,Grasses
131,18795,804480775,-97.76432702421465,30.62323908422519,jbspiritous@gmail.com,false,2026-03-10 04:49,470.2 secs,CEO: Mapbox Satellite w/ Labels,,POINT(-97.76432702421465 30.62323908422519),50,,Grasses
131,18796,804480776,-97.76432702421465,30.623328915753916,jbspiritous@gmail.com,false,2026-03-10 04:49,470.2 secs,CEO: Mapbox Satellite w/ Labels,,POINT(-97.76432702421465 30.623328915753916),50,,Grasses
131,18797,804480777,-97.76432702421465,30.62341874719921,jbspiritous@gmail.com,false,2026-03-10 04:49,470.2 secs,CEO: Mapbox Satellite w/ Labels,,POINT(-97.76432702421465 30.62341874719921),50,,Grasses
131,18798,804480778,-97.76432702421465,30.623508578561186,jbspiritous@gmail.com,false,2026-03-10 04:49,470.2 secs,CEO: Mapbox Satellite w/ Labels,,POINT(-97.76432702421465 30.623508578561186),50,,Grasses
131,18799,804480779,-97.76432702421465,30.623598409839772,jbspiritous@gmail.com,false,2026-03-10 04:49,470.2 secs,CEO: Mapbox Satellite w/ Labels,,POINT(-97.76432702421465 30.623598409839772),50,,Trees
131,18800,804480780,-97.76432702421465,30.623688241034955,jbspiritous@gmail.com,false,2026-03-10 04:49,470.2 secs,CEO: Mapbox Satellite w/ Labels,,POINT(-97.76432702421465 30.623688241034955),50,,Trees
131,18801,804480781,-97.7642226339005,30.62287975727672,jbspiritous@gmail.com,false,2026-03-10 04:49,470.2 secs,CEO: Mapbox Satellite w/ Labels,,POINT(-97.7642226339005 30.62287975727672),50,,Grasses
131,18802,804480782,-97.7642226339005,30.622969589138904,jbspiritous@gmail.com,false,2026-03-10 04:49,470.2 secs,CEO: Mapbox Satellite w/ Labels,,POINT(-97.7642226339005 30.622969589138904),50,,Grasses
131,18803,804480783,-97.7642226339005,30.6230594209177,jbspiritous@gmail.com,false,2026-03-10 04:49,470.2 secs,CEO: Mapbox Satellite w/ Labels,,POINT(-97.7642226339005 30.6230594209177),50,,Grasses
131,18804,804480784,-97.7642226339005,30.623149252613146,jbspiritous@gmail.com,false,2026-03-10 04:49,470.2 secs,CEO: Mapbox Satellite w/ Labels,,POINT(-97.7642226339005 30.623149252613146),50,,Grasses
131,18805,804480785,-97.7642226339005,30.62323908422519,jbspiritous@gmail.com,false,2026-03-10 04:49,470.2 secs,CEO: Mapbox Satellite w/ Labels,,POINT(-97.7642226339005 30.62323908422519),50,,Grasses
131,18806,804480786,-97.7642226339005,30.623328915753916,jbspiritous@gmail.com,false,2026-03-10 04:49,470.2 secs,CEO: Mapbox Satellite w/ Labels,,POINT(-97.7642226339005 30.623328915753916),50,,Grasses
131,18807,804480787,-97.7642226339005,30.62341874719921,jbspiritous@gmail.com,false,2026-03-10 04:49,470.2 secs,CEO: Mapbox Satellite w/ Labels,,POINT(-97.7642226339005 30.62341874719921),50,,Grasses
131,18808,804480788,-97.7642226339005,30.623508578561186,jbspiritous@gmail.com,false,2026-03-10 04:49,470.2 secs,CEO: Mapbox Satellite w/ Labels,,POINT(-97.7642226339005 30.623508578561186),50,,Grasses
131,18809,804480789,-97.7642226339005,30.623598409839772,jbspiritous@gmail.com,false,2026-03-10 04:49,470.2 secs,CEO: Mapbox Satellite w/ Labels,,POINT(-97.7642226339005 30.623598409839772),50,,Grasses
131,18810,804480790,-97.7642226339005,30.623688241034955,jbspiritous@gmail.com,false,2026-03-10 04:49,470.2 secs,CEO: Mapbox Satellite w/ Labels,,POINT(-97.7642226339005 30.623688241034955),50,,Trees
131,18811,804480791,-97.76411824358637,30.62287975727672,jbspiritous@gmail.com,false,2026-03-10 04:49,470.2 secs,CEO: Mapbox Satellite w/ Labels,,POINT(-97.76411824358637 30.62287975727672),50,,Grasses
131,18812,804480792,-97.76411824358637,30.622969589138904,jbspiritous@gmail.com,false,2026-03-10 04:49,470.2 secs,CEO: Mapbox Satellite w/ Labels,,POINT(-97.76411824358637 30.622969589138904),50,,Grasses
131,18813,804480793,-97.76411824358637,30.6230594209177,jbspiritous@gmail.com,false,2026-03-10 04:49,470.2 secs,CEO: Mapbox Satellite w/ Labels,,POINT(-97.76411824358637 30.6230594209177),50,,Grasses
131,18814,804480794,-97.76411824358637,30.623149252613146,jbspiritous@gmail.com,false,2026-03-10 04:49,470.2 secs,CEO: Mapbox Satellite w/ Labels,,POINT(-97.76411824358637 30.623149252613146),50,,Grasses
131,18815,804480795,-97.76411824358637,30.62323908422519,jbspiritous@gmail.com,false,2026-03-10 04:49,470.2 secs,CEO: Mapbox Satellite w/ Labels,,POINT(-97.76411824358637 30.62323908422519),50,,Grasses
131,18816,804480796,-97.76411824358637,30.623328915753916,jbspiritous@gmail.com,false,2026-03-10 04:49,470.2 secs,CEO: Mapbox Satellite w/ Labels,,POINT(-97.76411824358637 30.623328915753916),50,,Grasses
131,18817,804480797,-97.76411824358637,30.62341874719921,jbspiritous@gmail.com,false,2026-03-10 04:49,470.2 secs,CEO: Mapbox Satellite w/ Labels,,POINT(-97.76411824358637 30.62341874719921),50,,Grasses
131,18818,804480798,-97.76411824358637,30.623508578561186,jbspiritous@gmail.com,false,2026-03-10 04:49,470.2 secs,CEO: Mapbox Satellite w/ Labels,,POINT(-97.76411824358637 30.623508578561186),50,,Grasses
131,18819,804480799,-97.76411824358637,30.623598409839772,jbspiritous@gmail.com,false,2026-03-10 04:49,470.2 secs,CEO: Mapbox Satellite w/ Labels,,POINT(-97.76411824358637 30.623598409839772),50,,Grasses
131,18820,804480800,-97.76411824358637,30.623688241034955,jbspiritous@gmail.com,false,2026-03-10 04:49,470.2 secs,CEO: Mapbox Satellite w/ Labels,,POINT(-97.76411824358637 30.623688241034955),50,,Grasses
132,18865,804480801,-97.76505777824121,30.627376757276608,jbspiritous@gmail.com,false,2026-03-10 04:53,287.3 secs,CEO: Mapbox Satellite w/ Labels,,POINT(-97.76505777824121 30.627376757276608),50,,Grasses
132,18866,804480802,-97.76505777824121,30.627466589138834,jbspiritous@gmail.com,false,2026-03-10 04:53,287.3 secs,CEO: Mapbox Satellite w/ Labels,,POINT(-97.76505777824121 30.627466589138834),50,,Trees
132,18867,804480803,-97.76505777824121,30.627556420917685,jbspiritous@gmail.com,false,2026-03-10 04:53,287.3 secs,CEO: Mapbox Satellite w/ Labels,,POINT(-97.76505777824121 30.627556420917685),50,,Trees
132,18868,804480804,-97.76505777824121,30.62764625261316,jbspiritous@gmail.com,false,2026-03-10 04:53,287.3 secs,CEO: Mapbox Satellite w/ Labels,,POINT(-97.76505777824121 30.62764625261316),50,,Built-up
132,18869,804480805,-97.76505777824121,30.627736084225234,jbspiritous@gmail.com,false,2026-03-10 04:53,287.3 secs,CEO: Mapbox Satellite w/ Labels,,POINT(-97.76505777824121 30.627736084225234),50,,Built-up
132,18870,804480806,-97.76505777824121,30.62782591575393,jbspiritous@gmail.com,false,2026-03-10 04:53,287.3 secs,CEO: Mapbox Satellite w/ Labels,,POINT(-97.76505777824121 30.62782591575393),50,,Built-up structures
132,18871,804480807,-97.76505777824121,30.62791574719924,jbspiritous@gmail.com,false,2026-03-10 04:53,287.3 secs,CEO: Mapbox Satellite w/ Labels,,POINT(-97.76505777824121 30.62791574719924),50,,Built-up structures
132,18872,804480808,-97.76505777824121,30.628005578561158,jbspiritous@gmail.com,false,2026-03-10 04:53,287.3 secs,CEO: Mapbox Satellite w/ Labels,,POINT(-97.76505777824121 30.628005578561158),50,,Trees
132,18873,804480809,-97.76505777824121,30.628095409839673,jbspiritous@gmail.com,false,2026-03-10 04:53,287.3 secs,CEO: Mapbox Satellite w/ Labels,,POINT(-97.76505777824121 30.628095409839673),50,,Grasses
132,18874,804480810,-97.76505777824121,30.628185241034856,jbspiritous@gmail.com,false,2026-03-10 04:53,287.3 secs,CEO: Mapbox Satellite w/ Labels,,POINT(-97.76505777824121 30.628185241034856),50,,Trees
132,18875,804480811,-97.7649533830765,30.627376757276608,jbspiritous@gmail.com,false,2026-03-10 04:53,287.3 secs,CEO: Mapbox Satellite w/ Labels,,POINT(-97.7649533830765 30.627376757276608),50,,Trees
132,18876,804480812,-97.7649533830765,30.627466589138834,jbspiritous@gmail.com,false,2026-03-10 04:53,287.3 secs,CEO: Mapbox Satellite w/ Labels,,POINT(-97.7649533830765 30.627466589138834),50,,Trees
132,18877,804480813,-97.7649533830765,30.627556420917685,jbspiritous@gmail.com,false,2026-03-10 04:53,287.3 secs,CEO: Mapbox Satellite w/ Labels,,POINT(-97.7649533830765 30.627556420917685),50,,Trees
132,18878,804480814,-97.7649533830765,30.62764625261316,jbspiritous@gmail.com,false,2026-03-10 04:53,287.3 secs,CEO: Mapbox Satellite w/ Labels,,POINT(-97.7649533830765 30.62764625261316),50,,Trees
132,18879,804480815,-97.7649533830765,30.627736084225234,jbspiritous@gmail.com,false,2026-03-10 04:53,287.3 secs,CEO: Mapbox Satellite w/ Labels,,POINT(-97.7649533830765 30.627736084225234),50,,Built-up
132,18880,804480816,-97.7649533830765,30.62782591575393,jbspiritous@gmail.com,false,2026-03-10 04:53,287.3 secs,CEO: Mapbox Satellite w/ Labels,,POINT(-97.7649533830765 30.62782591575393),50,,Trees
132,18881,804480817,-97.7649533830765,30.62791574719924,jbspiritous@gmail.com,false,2026-03-10 04:53,287.3 secs,CEO: Mapbox Satellite w/ Labels,,POINT(-97.7649533830765 30.62791574719924),50,,Trees
132,18882,804480818,-97.7649533830765,30.628005578561158,jbspiritous@gmail.com,false,2026-03-10 04:53,287.3 secs,CEO: Mapbox Satellite w/ Labels,,POINT(-97.7649533830765 30.628005578561158),50,,Grasses
132,18883,804480819,-97.7649533830765,30.628095409839673,jbspiritous@gmail.com,false,2026-03-10 04:53,287.3 secs,CEO: Mapbox Satellite w/ Labels,,POINT(-97.7649533830765 30.628095409839673),50,,Trees
132,18884,804480820,-97.7649533830765,30.628185241034856,jbspiritous@gmail.com,false,2026-03-10 04:53,287.3 secs,CEO: Mapbox Satellite w/ Labels,,POINT(-97.7649533830765 30.628185241034856),50,,Trees
132,18885,804480821,-97.76484898791179,30.627376757276608,jbspiritous@gmail.com,false,2026-03-10 04:53,287.3 secs,CEO: Mapbox Satellite w/ Labels,,POINT(-97.76484898791179 30.627376757276608),50,,Grasses
132,18886,804480822,-97.76484898791179,30.627466589138834,jbspiritous@gmail.com,false,2026-03-10 04:53,287.3 secs,CEO: Mapbox Satellite w/ Labels,,POINT(-97.76484898791179 30.627466589138834),50,,Trees
132,18887,804480823,-97.76484898791179,30.627556420917685,jbspiritous@gmail.com,false,2026-03-10 04:53,287.3 secs,CEO: Mapbox Satellite w/ Labels,,POINT(-97.76484898791179 30.627556420917685),50,,Trees
132,18888,804480824,-97.76484898791179,30.62764625261316,jbspiritous@gmail.com,false,2026-03-10 04:53,287.3 secs,CEO: Mapbox Satellite w/ Labels,,POINT(-97.76484898791179 30.62764625261316),50,,Trees
132,18889,804480825,-97.76484898791179,30.627736084225234,jbspiritous@gmail.com,false,2026-03-10 04:53,287.3 secs,CEO: Mapbox Satellite w/ Labels,,POINT(-97.76484898791179 30.627736084225234),50,,Trees
132,18890,804480826,-97.76484898791179,30.62782591575393,jbspiritous@gmail.com,false,2026-03-10 04:53,287.3 secs,CEO: Mapbox Satellite w/ Labels,,POINT(-97.76484898791179 30.62782591575393),50,,Built-up
132,18891,804480827,-97.76484898791179,30.62791574719924,jbspiritous@gmail.com,false,2026-03-10 04:53,287.3 secs,CEO: Mapbox Satellite w/ Labels,,POINT(-97.76484898791179 30.62791574719924),50,,Grasses
132,18892,804480828,-97.76484898791179,30.628005578561158,jbspiritous@gmail.com,false,2026-03-10 04:53,287.3 secs,CEO: Mapbox Satellite w/ Labels,,POINT(-97.76484898791179 30.628005578561158),50,,Grasses
132,18893,804480829,-97.76484898791179,30.628095409839673,jbspiritous@gmail.com,false,2026-03-10 04:53,287.3 secs,CEO: Mapbox Satellite w/ Labels,,POINT(-97.76484898791179 30.628095409839673),50,,Trees
132,18894,804480830,-97.76484898791179,30.628185241034856,jbspiritous@gmail.com,false,2026-03-10 04:53,287.3 secs,CEO: Mapbox Satellite w/ Labels,,POINT(-97.76484898791179 30.628185241034856),50,,Trees
132,18895,804480831,-97.76474459274708,30.627376757276608,jbspiritous@gmail.com,false,2026-03-10 04:53,287.3 secs,CEO: Mapbox Satellite w/ Labels,,POINT(-97.76474459274708 30.627376757276608),50,,Trees
132,18896,804480832,-97.76474459274708,30.627466589138834,jbspiritous@gmail.com,false,2026-03-10 04:53,287.3 secs,CEO: Mapbox Satellite w/ Labels,,POINT(-97.76474459274708 30.627466589138834),50,,Trees
132,18897,804480833,-97.76474459274708,30.627556420917685,jbspiritous@gmail.com,false,2026-03-10 04:53,287.3 secs,CEO: Mapbox Satellite w/ Labels,,POINT(-97.76474459274708 30.627556420917685),50,,Trees
132,18898,804480834,-97.76474459274708,30.62764625261316,jbspiritous@gmail.com,false,2026-03-10 04:53,287.3 secs,CEO: Mapbox Satellite w/ Labels,,POINT(-97.76474459274708 30.62764625261316),50,,Trees
132,18899,804480835,-97.76474459274708,30.627736084225234,jbspiritous@gmail.com,false,2026-03-10 04:53,287.3 secs,CEO: Mapbox Satellite w/ Labels,,POINT(-97.76474459274708 30.627736084225234),50,,Trees
132,18900,804480836,-97.76474459274708,30.62782591575393,jbspiritous@gmail.com,false,2026-03-10 04:53,287.3 secs,CEO: Mapbox Satellite w/ Labels,,POINT(-97.76474459274708 30.62782591575393),50,,Trees
132,18901,804480837,-97.76474459274708,30.62791574719924,jbspiritous@gmail.com,false,2026-03-10 04:53,287.3 secs,CEO: Mapbox Satellite w/ Labels,,POINT(-97.76474459274708 30.62791574719924),50,,Built-up
132,18902,804480838,-97.76474459274708,30.628005578561158,jbspiritous@gmail.com,false,2026-03-10 04:53,287.3 secs,CEO: Mapbox Satellite w/ Labels,,POINT(-97.76474459274708 30.628005578561158),50,,Trees
132,18903,804480839,-97.76474459274708,30.628095409839673,jbspiritous@gmail.com,false,2026-03-10 04:53,287.3 secs,CEO: Mapbox Satellite w/ Labels,,POINT(-97.76474459274708 30.628095409839673),50,,Trees
132,18904,804480840,-97.76474459274708,30.628185241034856,jbspiritous@gmail.com,false,2026-03-10 04:53,287.3 secs,CEO: Mapbox Satellite w/ Labels,,POINT(-97.76474459274708 30.628185241034856),50,,Trees
132,18905,804480841,-97.76464019758237,30.627376757276608,jbspiritous@gmail.com,false,2026-03-10 04:53,287.3 secs,CEO: Mapbox Satellite w/ Labels,,POINT(-97.76464019758237 30.627376757276608),50,,Trees
132,18906,804480842,-97.76464019758237,30.627466589138834,jbspiritous@gmail.com,false,2026-03-10 04:53,287.3 secs,CEO: Mapbox Satellite w/ Labels,,POINT(-97.76464019758237 30.627466589138834),50,,Grasses
132,18907,804480843,-97.76464019758237,30.627556420917685,jbspiritous@gmail.com,false,2026-03-10 04:53,287.3 secs,CEO: Mapbox Satellite w/ Labels,,POINT(-97.76464019758237 30.627556420917685),50,,Grasses
132,18908,804480844,-97.76464019758237,30.62764625261316,jbspiritous@gmail.com,false,2026-03-10 04:53,287.3 secs,CEO: Mapbox Satellite w/ Labels,,POINT(-97.76464019758237 30.62764625261316),50,,Trees
132,18909,804480845,-97.76464019758237,30.627736084225234,jbspiritous@gmail.com,false,2026-03-10 04:53,287.3 secs,CEO: Mapbox Satellite w/ Labels,,POINT(-97.76464019758237 30.627736084225234),50,,Trees
132,18910,804480846,-97.76464019758237,30.62782591575393,jbspiritous@gmail.com,false,2026-03-10 04:53,287.3 secs,CEO: Mapbox Satellite w/ Labels,,POINT(-97.76464019758237 30.62782591575393),50,,Trees
132,18911,804480847,-97.76464019758237,30.62791574719924,jbspiritous@gmail.com,false,2026-03-10 04:53,287.3 secs,CEO: Mapbox Satellite w/ Labels,,POINT(-97.76464019758237 30.62791574719924),50,,Built-up
132,18912,804480848,-97.76464019758237,30.628005578561158,jbspiritous@gmail.com,false,2026-03-10 04:53,287.3 secs,CEO: Mapbox Satellite w/ Labels,,POINT(-97.76464019758237 30.628005578561158),50,,Trees
132,18913,804480849,-97.76464019758237,30.628095409839673,jbspiritous@gmail.com,false,2026-03-10 04:53,287.3 secs,CEO: Mapbox Satellite w/ Labels,,POINT(-97.76464019758237 30.628095409839673),50,,Trees
132,18914,804480850,-97.76464019758237,30.628185241034856,jbspiritous@gmail.com,false,2026-03-10 04:53,287.3 secs,CEO: Mapbox Satellite w/ Labels,,POINT(-97.76464019758237 30.628185241034856),50,,Trees
132,18915,804480851,-97.76453580241765,30.627376757276608,jbspiritous@gmail.com,false,2026-03-10 04:53,287.3 secs,CEO: Mapbox Satellite w/ Labels,,POINT(-97.76453580241765 30.627376757276608),50,,Barren
132,18916,804480852,-97.76453580241765,30.627466589138834,jbspiritous@gmail.com,false,2026-03-10 04:53,287.3 secs,CEO: Mapbox Satellite w/ Labels,,POINT(-97.76453580241765 30.627466589138834),50,,Barren
132,18917,804480853,-97.76453580241765,30.627556420917685,jbspiritous@gmail.com,false,2026-03-10 04:53,287.3 secs,CEO: Mapbox Satellite w/ Labels,,POINT(-97.76453580241765 30.627556420917685),50,,Trees
132,18918,804480854,-97.76453580241765,30.62764625261316,jbspiritous@gmail.com,false,2026-03-10 04:53,287.3 secs,CEO: Mapbox Satellite w/ Labels,,POINT(-97.76453580241765 30.62764625261316),50,,Trees
132,18919,804480855,-97.76453580241765,30.627736084225234,jbspiritous@gmail.com,false,2026-03-10 04:53,287.3 secs,CEO: Mapbox Satellite w/ Labels,,POINT(-97.76453580241765 30.627736084225234),50,,Trees
132,18920,804480856,-97.76453580241765,30.62782591575393,jbspiritous@gmail.com,false,2026-03-10 04:53,287.3 secs,CEO: Mapbox Satellite w/ Labels,,POINT(-97.76453580241765 30.62782591575393),50,,Trees
132,18921,804480857,-97.76453580241765,30.62791574719924,jbspiritous@gmail.com,false,2026-03-10 04:53,287.3 secs,CEO: Mapbox Satellite w/ Labels,,POINT(-97.76453580241765 30.62791574719924),50,,Trees
132,18922,804480858,-97.76453580241765,30.628005578561158,jbspiritous@gmail.com,false,2026-03-10 04:53,287.3 secs,CEO: Mapbox Satellite w/ Labels,,POINT(-97.76453580241765 30.628005578561158),50,,Built-up
132,18923,804480859,-97.76453580241765,30.628095409839673,jbspiritous@gmail.com,false,2026-03-10 04:53,287.3 secs,CEO: Mapbox Satellite w/ Labels,,POINT(-97.76453580241765 30.628095409839673),50,,Built-up
132,18924,804480860,-97.76453580241765,30.628185241034856,jbspiritous@gmail.com,false,2026-03-10 04:53,287.3 secs,CEO: Mapbox Satellite w/ Labels,,POINT(-97.76453580241765 30.628185241034856),50,,Trees
132,18925,804480861,-97.76443140725294,30.627376757276608,jbspiritous@gmail.com,false,2026-03-10 04:53,287.3 secs,CEO: Mapbox Satellite w/ Labels,,POINT(-97.76443140725294 30.627376757276608),50,,Barren
132,18926,804480862,-97.76443140725294,30.627466589138834,jbspiritous@gmail.com,false,2026-03-10 04:53,287.3 secs,CEO: Mapbox Satellite w/ Labels,,POINT(-97.76443140725294 30.627466589138834),50,,Barren
132,18927,804480863,-97.76443140725294,30.627556420917685,jbspiritous@gmail.com,false,2026-03-10 04:53,287.3 secs,CEO: Mapbox Satellite w/ Labels,,POINT(-97.76443140725294 30.627556420917685),50,,Grasses
132,18928,804480864,-97.76443140725294,30.62764625261316,jbspiritous@gmail.com,false,2026-03-10 04:53,287.3 secs,CEO: Mapbox Satellite w/ Labels,,POINT(-97.76443140725294 30.62764625261316),50,,Grasses
132,18929,804480865,-97.76443140725294,30.627736084225234,jbspiritous@gmail.com,false,2026-03-10 04:53,287.3 secs,CEO: Mapbox Satellite w/ Labels,,POINT(-97.76443140725294 30.627736084225234),50,,Trees
132,18930,804480866,-97.76443140725294,30.62782591575393,jbspiritous@gmail.com,false,2026-03-10 04:53,287.3 secs,CEO: Mapbox Satellite w/ Labels,,POINT(-97.76443140725294 30.62782591575393),50,,Trees
132,18931,804480867,-97.76443140725294,30.62791574719924,jbspiritous@gmail.com,false,2026-03-10 04:53,287.3 secs,CEO: Mapbox Satellite w/ Labels,,POINT(-97.76443140725294 30.62791574719924),50,,Trees
132,18932,804480868,-97.76443140725294,30.628005578561158,jbspiritous@gmail.com,false,2026-03-10 04:53,287.3 secs,CEO: Mapbox Satellite w/ Labels,,POINT(-97.76443140725294 30.628005578561158),50,,Trees
132,18933,804480869,-97.76443140725294,30.628095409839673,jbspiritous@gmail.com,false,2026-03-10 04:53,287.3 secs,CEO: Mapbox Satellite w/ Labels,,POINT(-97.76443140725294 30.628095409839673),50,,Trees
132,18934,804480870,-97.76443140725294,30.628185241034856,jbspiritous@gmail.com,false,2026-03-10 04:53,287.3 secs,CEO: Mapbox Satellite w/ Labels,,POINT(-97.76443140725294 30.628185241034856),50,,Built-up
132,18935,804480871,-97.76432701208824,30.627376757276608,jbspiritous@gmail.com,false,2026-03-10 04:53,287.3 secs,CEO: Mapbox Satellite w/ Labels,,POINT(-97.76432701208824 30.627376757276608),50,,Built-up
132,18936,804480872,-97.76432701208824,30.627466589138834,jbspiritous@gmail.com,false,2026-03-10 04:53,287.3 secs,CEO: Mapbox Satellite w/ Labels,,POINT(-97.76432701208824 30.627466589138834),50,,Built-up
132,18937,804480873,-97.76432701208824,30.627556420917685,jbspiritous@gmail.com,false,2026-03-10 04:53,287.3 secs,CEO: Mapbox Satellite w/ Labels,,POINT(-97.76432701208824 30.627556420917685),50,,Built-up
132,18938,804480874,-97.76432701208824,30.62764625261316,jbspiritous@gmail.com,false,2026-03-10 04:53,287.3 secs,CEO: Mapbox Satellite w/ Labels,,POINT(-97.76432701208824 30.62764625261316),50,,Built-up
132,18939,804480875,-97.76432701208824,30.627736084225234,jbspiritous@gmail.com,false,2026-03-10 04:53,287.3 secs,CEO: Mapbox Satellite w/ Labels,,POINT(-97.76432701208824 30.627736084225234),50,,Built-up
132,18940,804480876,-97.76432701208824,30.62782591575393,jbspiritous@gmail.com,false,2026-03-10 04:53,287.3 secs,CEO: Mapbox Satellite w/ Labels,,POINT(-97.76432701208824 30.62782591575393),50,,Built-up
132,18941,804480877,-97.76432701208824,30.62791574719924,jbspiritous@gmail.com,false,2026-03-10 04:53,287.3 secs,CEO: Mapbox Satellite w/ Labels,,POINT(-97.76432701208824 30.62791574719924),50,,Built-up
132,18942,804480878,-97.76432701208824,30.628005578561158,jbspiritous@gmail.com,false,2026-03-10 04:53,287.3 secs,CEO: Mapbox Satellite w/ Labels,,POINT(-97.76432701208824 30.628005578561158),50,,Built-up
132,18943,804480879,-97.76432701208824,30.628095409839673,jbspiritous@gmail.com,false,2026-03-10 04:53,287.3 secs,CEO: Mapbox Satellite w/ Labels,,POINT(-97.76432701208824 30.628095409839673),50,,Built-up
132,18944,804480880,-97.76432701208824,30.628185241034856,jbspiritous@gmail.com,false,2026-03-10 04:53,287.3 secs,CEO: Mapbox Satellite w/ Labels,,POINT(-97.76432701208824 30.628185241034856),50,,Built-up
132,18945,804480881,-97.76422261692352,30.627376757276608,jbspiritous@gmail.com,false,2026-03-10 04:53,287.3 secs,CEO: Mapbox Satellite w/ Labels,,POINT(-97.76422261692352 30.627376757276608),50,,Built-up
132,18946,804480882,-97.76422261692352,30.627466589138834,jbspiritous@gmail.com,false,2026-03-10 04:53,287.3 secs,CEO: Mapbox Satellite w/ Labels,,POINT(-97.76422261692352 30.627466589138834),50,,Built-up
132,18947,804480883,-97.76422261692352,30.627556420917685,jbspiritous@gmail.com,false,2026-03-10 04:53,287.3 secs,CEO: Mapbox Satellite w/ Labels,,POINT(-97.76422261692352 30.627556420917685),50,,Built-up structures
132,18948,804480884,-97.76422261692352,30.62764625261316,jbspiritous@gmail.com,false,2026-03-10 04:53,287.3 secs,CEO: Mapbox Satellite w/ Labels,,POINT(-97.76422261692352 30.62764625261316),50,,Built-up structures
132,18949,804480885,-97.76422261692352,30.627736084225234,jbspiritous@gmail.com,false,2026-03-10 04:53,287.3 secs,CEO: Mapbox Satellite w/ Labels,,POINT(-97.76422261692352 30.627736084225234),50,,Built-up structures
132,18950,804480886,-97.76422261692352,30.62782591575393,jbspiritous@gmail.com,false,2026-03-10 04:53,287.3 secs,CEO: Mapbox Satellite w/ Labels,,POINT(-97.76422261692352 30.62782591575393),50,,Grasses
132,18951,804480887,-97.76422261692352,30.62791574719924,jbspiritous@gmail.com,false,2026-03-10 04:53,287.3 secs,CEO: Mapbox Satellite w/ Labels,,POINT(-97.76422261692352 30.62791574719924),50,,Grasses
132,18952,804480888,-97.76422261692352,30.628005578561158,jbspiritous@gmail.com,false,2026-03-10 04:53,287.3 secs,CEO: Mapbox Satellite w/ Labels,,POINT(-97.76422261692352 30.628005578561158),50,,Trees
132,18953,804480889,-97.76422261692352,30.628095409839673,jbspiritous@gmail.com,false,2026-03-10 04:53,287.3 secs,CEO: Mapbox Satellite w/ Labels,,POINT(-97.76422261692352 30.628095409839673),50,,Trees
132,18954,804480890,-97.76422261692352,30.628185241034856,jbspiritous@gmail.com,false,2026-03-10 04:53,287.3 secs,CEO: Mapbox Satellite w/ Labels,,POINT(-97.76422261692352 30.628185241034856),50,,Trees
132,18955,804480891,-97.7641182217588,30.627376757276608,jbspiritous@gmail.com,false,2026-03-10 04:53,287.3 secs,CEO: Mapbox Satellite w/ Labels,,POINT(-97.7641182217588 30.627376757276608),50,,Built-up
132,18956,804480892,-97.7641182217588,30.627466589138834,jbspiritous@gmail.com,false,2026-03-10 04:53,287.3 secs,CEO: Mapbox Satellite w/ Labels,,POINT(-97.7641182217588 30.627466589138834),50,,Built-up
132,18957,804480893,-97.7641182217588,30.627556420917685,jbspiritous@gmail.com,false,2026-03-10 04:53,287.3 secs,CEO: Mapbox Satellite w/ Labels,,POINT(-97.7641182217588 30.627556420917685),50,,Grasses
132,18958,804480894,-97.7641182217588,30.62764625261316,jbspiritous@gmail.com,false,2026-03-10 04:53,287.3 secs,CEO: Mapbox Satellite w/ Labels,,POINT(-97.7641182217588 30.62764625261316),50,,Built-up structures
132,18959,804480895,-97.7641182217588,30.627736084225234,jbspiritous@gmail.com,false,2026-03-10 04:53,287.3 secs,CEO: Mapbox Satellite w/ Labels,,POINT(-97.7641182217588 30.627736084225234),50,,Built-up structures
132,18960,804480896,-97.7641182217588,30.62782591575393,jbspiritous@gmail.com,false,2026-03-10 04:53,287.3 secs,CEO: Mapbox Satellite w/ Labels,,POINT(-97.7641182217588 30.62782591575393),50,,Grasses
132,18961,804480897,-97.7641182217588,30.62791574719924,jbspiritous@gmail.com,false,2026-03-10 04:53,287.3 secs,CEO: Mapbox Satellite w/ Labels,,POINT(-97.7641182217588 30.62791574719924),50,,Grasses
132,18962,804480898,-97.7641182217588,30.628005578561158,jbspiritous@gmail.com,false,2026-03-10 04:53,287.3 secs,CEO: Mapbox Satellite w/ Labels,,POINT(-97.7641182217588 30.628005578561158),50,,Trees
132,18963,804480899,-97.7641182217588,30.628095409839673,jbspiritous@gmail.com,false,2026-03-10 04:53,287.3 secs,CEO: Mapbox Satellite w/ Labels,,POINT(-97.7641182217588 30.628095409839673),50,,Built-up structures
132,18964,804480900,-97.7641182217588,30.628185241034856,jbspiritous@gmail.com,false,2026-03-10 04:53,287.3 secs,CEO: Mapbox Satellite w/ Labels,,POINT(-97.7641182217588 30.628185241034856),50,,Built-up structures
133,19009,804480901,-97.76505780007366,30.631873757276438,jbspiritous@gmail.com,false,2026-03-10 05:01,445.5 secs,CEO: Mapbox Satellite w/ Labels,,POINT(-97.76505780007366 30.631873757276438),50,,Trees
133,19010,804480902,-97.76505780007366,30.63196358913875,jbspiritous@gmail.com,false,2026-03-10 05:01,445.5 secs,CEO: Mapbox Satellite w/ Labels,,POINT(-97.76505780007366 30.63196358913875),50,,Trees
133,19011,804480903,-97.76505780007366,30.632053420917643,jbspiritous@gmail.com,false,2026-03-10 05:01,445.5 secs,CEO: Mapbox Satellite w/ Labels,,POINT(-97.76505780007366 30.632053420917643),50,,Trees
133,19012,804480904,-97.76505780007366,30.632143252613147,jbspiritous@gmail.com,false,2026-03-10 05:01,445.5 secs,CEO: Mapbox Satellite w/ Labels,,POINT(-97.76505780007366 30.632143252613147),50,,Trees
133,19013,804480905,-97.76505780007366,30.632233084225234,jbspiritous@gmail.com,false,2026-03-10 05:01,445.5 secs,CEO: Mapbox Satellite w/ Labels,,POINT(-97.76505780007366 30.632233084225234),50,,Trees
133,19014,804480906,-97.76505780007366,30.63232291575393,jbspiritous@gmail.com,false,2026-03-10 05:01,445.5 secs,CEO: Mapbox Satellite w/ Labels,,POINT(-97.76505780007366 30.63232291575393),50,,Trees
133,19015,804480907,-97.76505780007366,30.63241274719921,jbspiritous@gmail.com,false,2026-03-10 05:01,445.5 secs,CEO: Mapbox Satellite w/ Labels,,POINT(-97.76505780007366 30.63241274719921),50,,Trees
133,19016,804480908,-97.76505780007366,30.632502578561102,jbspiritous@gmail.com,false,2026-03-10 05:01,445.5 secs,CEO: Mapbox Satellite w/ Labels,,POINT(-97.76505780007366 30.632502578561102),50,,Built-up
133,19017,804480909,-97.76505780007366,30.632592409839603,jbspiritous@gmail.com,false,2026-03-10 05:01,445.5 secs,CEO: Mapbox Satellite w/ Labels,,POINT(-97.76505780007366 30.632592409839603),50,,Built-up
133,19018,804480910,-97.76505780007366,30.6326822410347,jbspiritous@gmail.com,false,2026-03-10 05:01,445.5 secs,CEO: Mapbox Satellite w/ Labels,,POINT(-97.76505780007366 30.6326822410347),50,,Built-up
133,19019,804480911,-97.7649534000573,30.631873757276438,jbspiritous@gmail.com,false,2026-03-10 05:01,445.5 secs,CEO: Mapbox Satellite w/ Labels,,POINT(-97.7649534000573 30.631873757276438),50,,Trees
133,19020,804480912,-97.7649534000573,30.63196358913875,jbspiritous@gmail.com,false,2026-03-10 05:01,445.5 secs,CEO: Mapbox Satellite w/ Labels,,POINT(-97.7649534000573 30.63196358913875),50,,Trees
133,19021,804480913,-97.7649534000573,30.632053420917643,jbspiritous@gmail.com,false,2026-03-10 05:01,445.5 secs,CEO: Mapbox Satellite w/ Labels,,POINT(-97.7649534000573 30.632053420917643),50,,Trees
133,19022,804480914,-97.7649534000573,30.632143252613147,jbspiritous@gmail.com,false,2026-03-10 05:01,445.5 secs,CEO: Mapbox Satellite w/ Labels,,POINT(-97.7649534000573 30.632143252613147),50,,Trees
133,19023,804480915,-97.7649534000573,30.632233084225234,jbspiritous@gmail.com,false,2026-03-10 05:01,445.5 secs,CEO: Mapbox Satellite w/ Labels,,POINT(-97.7649534000573 30.632233084225234),50,,Trees
133,19024,804480916,-97.7649534000573,30.63232291575393,jbspiritous@gmail.com,false,2026-03-10 05:01,445.5 secs,CEO: Mapbox Satellite w/ Labels,,POINT(-97.7649534000573 30.63232291575393),50,,Trees
133,19025,804480917,-97.7649534000573,30.63241274719921,jbspiritous@gmail.com,false,2026-03-10 05:01,445.5 secs,CEO: Mapbox Satellite w/ Labels,,POINT(-97.7649534000573 30.63241274719921),50,,Trees
133,19026,804480918,-97.7649534000573,30.632502578561102,jbspiritous@gmail.com,false,2026-03-10 05:01,445.5 secs,CEO: Mapbox Satellite w/ Labels,,POINT(-97.7649534000573 30.632502578561102),50,,Built-up
133,19027,804480919,-97.7649534000573,30.632592409839603,jbspiritous@gmail.com,false,2026-03-10 05:01,445.5 secs,CEO: Mapbox Satellite w/ Labels,,POINT(-97.7649534000573 30.632592409839603),50,,Built-up
133,19028,804480920,-97.7649534000573,30.6326822410347,jbspiritous@gmail.com,false,2026-03-10 05:01,445.5 secs,CEO: Mapbox Satellite w/ Labels,,POINT(-97.7649534000573 30.6326822410347),50,,Built-up
133,19029,804480921,-97.76484900004091,30.631873757276438,jbspiritous@gmail.com,false,2026-03-10 05:01,445.5 secs,CEO: Mapbox Satellite w/ Labels,,POINT(-97.76484900004091 30.631873757276438),50,,Built-up
133,19030,804480922,-97.76484900004091,30.63196358913875,jbspiritous@gmail.com,false,2026-03-10 05:01,445.5 secs,CEO: Mapbox Satellite w/ Labels,,POINT(-97.76484900004091 30.63196358913875),50,,Built-up
133,19031,804480923,-97.76484900004091,30.632053420917643,jbspiritous@gmail.com,false,2026-03-10 05:01,445.5 secs,CEO: Mapbox Satellite w/ Labels,,POINT(-97.76484900004091 30.632053420917643),50,,Built-up
133,19032,804480924,-97.76484900004091,30.632143252613147,jbspiritous@gmail.com,false,2026-03-10 05:01,445.5 secs,CEO: Mapbox Satellite w/ Labels,,POINT(-97.76484900004091 30.632143252613147),50,,Built-up
133,19033,804480925,-97.76484900004091,30.632233084225234,jbspiritous@gmail.com,false,2026-03-10 05:01,445.5 secs,CEO: Mapbox Satellite w/ Labels,,POINT(-97.76484900004091 30.632233084225234),50,,Built-up
133,19034,804480926,-97.76484900004091,30.63232291575393,jbspiritous@gmail.com,false,2026-03-10 05:01,445.5 secs,CEO: Mapbox Satellite w/ Labels,,POINT(-97.76484900004091 30.63232291575393),50,,Built-up
133,19035,804480927,-97.76484900004091,30.63241274719921,jbspiritous@gmail.com,false,2026-03-10 05:01,445.5 secs,CEO: Mapbox Satellite w/ Labels,,POINT(-97.76484900004091 30.63241274719921),50,,Built-up
133,19036,804480928,-97.76484900004091,30.632502578561102,jbspiritous@gmail.com,false,2026-03-10 05:01,445.5 secs,CEO: Mapbox Satellite w/ Labels,,POINT(-97.76484900004091 30.632502578561102),50,,Built-up
133,19037,804480929,-97.76484900004091,30.632592409839603,jbspiritous@gmail.com,false,2026-03-10 05:01,445.5 secs,CEO: Mapbox Satellite w/ Labels,,POINT(-97.76484900004091 30.632592409839603),50,,Built-up
133,19038,804480930,-97.76484900004091,30.6326822410347,jbspiritous@gmail.com,false,2026-03-10 05:01,445.5 secs,CEO: Mapbox Satellite w/ Labels,,POINT(-97.76484900004091 30.6326822410347),50,,Built-up
133,19039,804480931,-97.76474460002456,30.631873757276438,jbspiritous@gmail.com,false,2026-03-10 05:01,445.5 secs,CEO: Mapbox Satellite w/ Labels,,POINT(-97.76474460002456 30.631873757276438),50,,Trees
133,19040,804480932,-97.76474460002456,30.63196358913875,jbspiritous@gmail.com,false,2026-03-10 05:01,445.5 secs,CEO: Mapbox Satellite w/ Labels,,POINT(-97.76474460002456 30.63196358913875),50,,Trees
133,19041,804480933,-97.76474460002456,30.632053420917643,jbspiritous@gmail.com,false,2026-03-10 05:01,445.5 secs,CEO: Mapbox Satellite w/ Labels,,POINT(-97.76474460002456 30.632053420917643),50,,Trees
133,19042,804480934,-97.76474460002456,30.632143252613147,jbspiritous@gmail.com,false,2026-03-10 05:01,445.5 secs,CEO: Mapbox Satellite w/ Labels,,POINT(-97.76474460002456 30.632143252613147),50,,Trees
133,19043,804480935,-97.76474460002456,30.632233084225234,jbspiritous@gmail.com,false,2026-03-10 05:01,445.5 secs,CEO: Mapbox Satellite w/ Labels,,POINT(-97.76474460002456 30.632233084225234),50,,Trees
133,19044,804480936,-97.76474460002456,30.63232291575393,jbspiritous@gmail.com,false,2026-03-10 05:01,445.5 secs,CEO: Mapbox Satellite w/ Labels,,POINT(-97.76474460002456 30.63232291575393),50,,Grasses
133,19045,804480937,-97.76474460002456,30.63241274719921,jbspiritous@gmail.com,false,2026-03-10 05:01,445.5 secs,CEO: Mapbox Satellite w/ Labels,,POINT(-97.76474460002456 30.63241274719921),50,,Grasses
133,19046,804480938,-97.76474460002456,30.632502578561102,jbspiritous@gmail.com,false,2026-03-10 05:01,445.5 secs,CEO: Mapbox Satellite w/ Labels,,POINT(-97.76474460002456 30.632502578561102),50,,Built-up
133,19047,804480939,-97.76474460002456,30.632592409839603,jbspiritous@gmail.com,false,2026-03-10 05:01,445.5 secs,CEO: Mapbox Satellite w/ Labels,,POINT(-97.76474460002456 30.632592409839603),50,,Built-up
133,19048,804480940,-97.76474460002456,30.6326822410347,jbspiritous@gmail.com,false,2026-03-10 05:01,445.5 secs,CEO: Mapbox Satellite w/ Labels,,POINT(-97.76474460002456 30.6326822410347),50,,Built-up
133,19049,804480941,-97.76464020000819,30.631873757276438,jbspiritous@gmail.com,false,2026-03-10 05:01,445.5 secs,CEO: Mapbox Satellite w/ Labels,,POINT(-97.76464020000819 30.631873757276438),50,,Trees
133,19050,804480942,-97.76464020000819,30.63196358913875,jbspiritous@gmail.com,false,2026-03-10 05:01,445.5 secs,CEO: Mapbox Satellite w/ Labels,,POINT(-97.76464020000819 30.63196358913875),50,,Grasses
133,19051,804480943,-97.76464020000819,30.632053420917643,jbspiritous@gmail.com,false,2026-03-10 05:01,445.5 secs,CEO: Mapbox Satellite w/ Labels,,POINT(-97.76464020000819 30.632053420917643),50,,Grasses
133,19052,804480944,-97.76464020000819,30.632143252613147,jbspiritous@gmail.com,false,2026-03-10 05:01,445.5 secs,CEO: Mapbox Satellite w/ Labels,,POINT(-97.76464020000819 30.632143252613147),50,,Trees
133,19053,804480945,-97.76464020000819,30.632233084225234,jbspiritous@gmail.com,false,2026-03-10 05:01,445.5 secs,CEO: Mapbox Satellite w/ Labels,,POINT(-97.76464020000819 30.632233084225234),50,,Trees
133,19054,804480946,-97.76464020000819,30.63232291575393,jbspiritous@gmail.com,false,2026-03-10 05:01,445.5 secs,CEO: Mapbox Satellite w/ Labels,,POINT(-97.76464020000819 30.63232291575393),50,,Trees
133,19055,804480947,-97.76464020000819,30.63241274719921,jbspiritous@gmail.com,false,2026-03-10 05:01,445.5 secs,CEO: Mapbox Satellite w/ Labels,,POINT(-97.76464020000819 30.63241274719921),50,,Grasses
133,19056,804480948,-97.76464020000819,30.632502578561102,jbspiritous@gmail.com,false,2026-03-10 05:01,445.5 secs,CEO: Mapbox Satellite w/ Labels,,POINT(-97.76464020000819 30.632502578561102),50,,Built-up
133,19057,804480949,-97.76464020000819,30.632592409839603,jbspiritous@gmail.com,false,2026-03-10 05:01,445.5 secs,CEO: Mapbox Satellite w/ Labels,,POINT(-97.76464020000819 30.632592409839603),50,,Built-up
133,19058,804480950,-97.76464020000819,30.6326822410347,jbspiritous@gmail.com,false,2026-03-10 05:01,445.5 secs,CEO: Mapbox Satellite w/ Labels,,POINT(-97.76464020000819 30.6326822410347),50,,Built-up
133,19059,804480951,-97.76453579999182,30.631873757276438,jbspiritous@gmail.com,false,2026-03-10 05:01,445.5 secs,CEO: Mapbox Satellite w/ Labels,,POINT(-97.76453579999182 30.631873757276438),50,,Trees
133,19060,804480952,-97.76453579999182,30.63196358913875,jbspiritous@gmail.com,false,2026-03-10 05:01,445.5 secs,CEO: Mapbox Satellite w/ Labels,,POINT(-97.76453579999182 30.63196358913875),50,,Trees
133,19061,804480953,-97.76453579999182,30.632053420917643,jbspiritous@gmail.com,false,2026-03-10 05:01,445.5 secs,CEO: Mapbox Satellite w/ Labels,,POINT(-97.76453579999182 30.632053420917643),50,,Trees
133,19062,804480954,-97.76453579999182,30.632143252613147,jbspiritous@gmail.com,false,2026-03-10 05:01,445.5 secs,CEO: Mapbox Satellite w/ Labels,,POINT(-97.76453579999182 30.632143252613147),50,,Trees
133,19063,804480955,-97.76453579999182,30.632233084225234,jbspiritous@gmail.com,false,2026-03-10 05:01,445.5 secs,CEO: Mapbox Satellite w/ Labels,,POINT(-97.76453579999182 30.632233084225234),50,,Trees
133,19064,804480956,-97.76453579999182,30.63232291575393,jbspiritous@gmail.com,false,2026-03-10 05:01,445.5 secs,CEO: Mapbox Satellite w/ Labels,,POINT(-97.76453579999182 30.63232291575393),50,,Grasses
133,19065,804480957,-97.76453579999182,30.63241274719921,jbspiritous@gmail.com,false,2026-03-10 05:01,445.5 secs,CEO: Mapbox Satellite w/ Labels,,POINT(-97.76453579999182 30.63241274719921),50,,Grasses
133,19066,804480958,-97.76453579999182,30.632502578561102,jbspiritous@gmail.com,false,2026-03-10 05:01,445.5 secs,CEO: Mapbox Satellite w/ Labels,,POINT(-97.76453579999182 30.632502578561102),50,,Built-up
133,19067,804480959,-97.76453579999182,30.632592409839603,jbspiritous@gmail.com,false,2026-03-10 05:01,445.5 secs,CEO: Mapbox Satellite w/ Labels,,POINT(-97.76453579999182 30.632592409839603),50,,Built-up
133,19068,804480960,-97.76453579999182,30.6326822410347,jbspiritous@gmail.com,false,2026-03-10 05:01,445.5 secs,CEO: Mapbox Satellite w/ Labels,,POINT(-97.76453579999182 30.6326822410347),50,,Built-up
133,19069,804480961,-97.76443139997545,30.631873757276438,jbspiritous@gmail.com,false,2026-03-10 05:01,445.5 secs,CEO: Mapbox Satellite w/ Labels,,POINT(-97.76443139997545 30.631873757276438),50,,Built-up
133,19070,804480962,-97.76443139997545,30.63196358913875,jbspiritous@gmail.com,false,2026-03-10 05:01,445.5 secs,CEO: Mapbox Satellite w/ Labels,,POINT(-97.76443139997545 30.63196358913875),50,,Built-up
133,19071,804480963,-97.76443139997545,30.632053420917643,jbspiritous@gmail.com,false,2026-03-10 05:01,445.5 secs,CEO: Mapbox Satellite w/ Labels,,POINT(-97.76443139997545 30.632053420917643),50,,Built-up
133,19072,804480964,-97.76443139997545,30.632143252613147,jbspiritous@gmail.com,false,2026-03-10 05:01,445.5 secs,CEO: Mapbox Satellite w/ Labels,,POINT(-97.76443139997545 30.632143252613147),50,,Built-up
133,19073,804480965,-97.76443139997545,30.632233084225234,jbspiritous@gmail.com,false,2026-03-10 05:01,445.5 secs,CEO: Mapbox Satellite w/ Labels,,POINT(-97.76443139997545 30.632233084225234),50,,Built-up
133,19074,804480966,-97.76443139997545,30.63232291575393,jbspiritous@gmail.com,false,2026-03-10 05:01,445.5 secs,CEO: Mapbox Satellite w/ Labels,,POINT(-97.76443139997545 30.63232291575393),50,,Built-up
133,19075,804480967,-97.76443139997545,30.63241274719921,jbspiritous@gmail.com,false,2026-03-10 05:01,445.5 secs,CEO: Mapbox Satellite w/ Labels,,POINT(-97.76443139997545 30.63241274719921),50,,Grasses
133,19076,804480968,-97.76443139997545,30.632502578561102,jbspiritous@gmail.com,false,2026-03-10 05:01,445.5 secs,CEO: Mapbox Satellite w/ Labels,,POINT(-97.76443139997545 30.632502578561102),50,,Built-up
133,19077,804480969,-97.76443139997545,30.632592409839603,jbspiritous@gmail.com,false,2026-03-10 05:01,445.5 secs,CEO: Mapbox Satellite w/ Labels,,POINT(-97.76443139997545 30.632592409839603),50,,Built-up
133,19078,804480970,-97.76443139997545,30.6326822410347,jbspiritous@gmail.com,false,2026-03-10 05:01,445.5 secs,CEO: Mapbox Satellite w/ Labels,,POINT(-97.76443139997545 30.6326822410347),50,,Built-up
133,19079,804480971,-97.76432699995908,30.631873757276438,jbspiritous@gmail.com,false,2026-03-10 05:01,445.5 secs,CEO: Mapbox Satellite w/ Labels,,POINT(-97.76432699995908 30.631873757276438),50,,Built-up structures
133,19080,804480972,-97.76432699995908,30.63196358913875,jbspiritous@gmail.com,false,2026-03-10 05:01,445.5 secs,CEO: Mapbox Satellite w/ Labels,,POINT(-97.76432699995908 30.63196358913875),50,,Built-up structures
133,19081,804480973,-97.76432699995908,30.632053420917643,jbspiritous@gmail.com,false,2026-03-10 05:01,445.5 secs,CEO: Mapbox Satellite w/ Labels,,POINT(-97.76432699995908 30.632053420917643),50,,Built-up structures
133,19082,804480974,-97.76432699995908,30.632143252613147,jbspiritous@gmail.com,false,2026-03-10 05:01,445.5 secs,CEO: Mapbox Satellite w/ Labels,,POINT(-97.76432699995908 30.632143252613147),50,,Built-up structures
133,19083,804480975,-97.76432699995908,30.632233084225234,jbspiritous@gmail.com,false,2026-03-10 05:01,445.5 secs,CEO: Mapbox Satellite w/ Labels,,POINT(-97.76432699995908 30.632233084225234),50,,Built-up structures
133,19084,804480976,-97.76432699995908,30.63232291575393,jbspiritous@gmail.com,false,2026-03-10 05:01,445.5 secs,CEO: Mapbox Satellite w/ Labels,,POINT(-97.76432699995908 30.63232291575393),50,,Built-up
133,19085,804480977,-97.76432699995908,30.63241274719921,jbspiritous@gmail.com,false,2026-03-10 05:01,445.5 secs,CEO: Mapbox Satellite w/ Labels,,POINT(-97.76432699995908 30.63241274719921),50,,Built-up
133,19086,804480978,-97.76432699995908,30.632502578561102,jbspiritous@gmail.com,false,2026-03-10 05:01,445.5 secs,CEO: Mapbox Satellite w/ Labels,,POINT(-97.76432699995908 30.632502578561102),50,,Built-up
133,19087,804480979,-97.76432699995908,30.632592409839603,jbspiritous@gmail.com,false,2026-03-10 05:01,445.5 secs,CEO: Mapbox Satellite w/ Labels,,POINT(-97.76432699995908 30.632592409839603),50,,Built-up
133,19088,804480980,-97.76432699995908,30.6326822410347,jbspiritous@gmail.com,false,2026-03-10 05:01,445.5 secs,CEO: Mapbox Satellite w/ Labels,,POINT(-97.76432699995908 30.6326822410347),50,,Built-up
133,19089,804480981,-97.76422259994271,30.631873757276438,jbspiritous@gmail.com,false,2026-03-10 05:01,445.5 secs,CEO: Mapbox Satellite w/ Labels,,POINT(-97.76422259994271 30.631873757276438),50,,Built-up structures
133,19090,804480982,-97.76422259994271,30.63196358913875,jbspiritous@gmail.com,false,2026-03-10 05:01,445.5 secs,CEO: Mapbox Satellite w/ Labels,,POINT(-97.76422259994271 30.63196358913875),50,,Built-up structures
133,19091,804480983,-97.76422259994271,30.632053420917643,jbspiritous@gmail.com,false,2026-03-10 05:01,445.5 secs,CEO: Mapbox Satellite w/ Labels,,POINT(-97.76422259994271 30.632053420917643),50,,Built-up structures
133,19092,804480984,-97.76422259994271,30.632143252613147,jbspiritous@gmail.com,false,2026-03-10 05:01,445.5 secs,CEO: Mapbox Satellite w/ Labels,,POINT(-97.76422259994271 30.632143252613147),50,,Built-up structures
133,19093,804480985,-97.76422259994271,30.632233084225234,jbspiritous@gmail.com,false,2026-03-10 05:01,445.5 secs,CEO: Mapbox Satellite w/ Labels,,POINT(-97.76422259994271 30.632233084225234),50,,Built-up structures
133,19094,804480986,-97.76422259994271,30.63232291575393,jbspiritous@gmail.com,false,2026-03-10 05:01,445.5 secs,CEO: Mapbox Satellite w/ Labels,,POINT(-97.76422259994271 30.63232291575393),50,,Built-up
133,19095,804480987,-97.76422259994271,30.63241274719921,jbspiritous@gmail.com,false,2026-03-10 05:01,445.5 secs,CEO: Mapbox Satellite w/ Labels,,POINT(-97.76422259994271 30.63241274719921),50,,Built-up
133,19096,804480988,-97.76422259994271,30.632502578561102,jbspiritous@gmail.com,false,2026-03-10 05:01,445.5 secs,CEO: Mapbox Satellite w/ Labels,,POINT(-97.76422259994271 30.632502578561102),50,,Built-up
133,19097,804480989,-97.76422259994271,30.632592409839603,jbspiritous@gmail.com,false,2026-03-10 05:01,445.5 secs,CEO: Mapbox Satellite w/ Labels,,POINT(-97.76422259994271 30.632592409839603),50,,Built-up
133,19098,804480990,-97.76422259994271,30.6326822410347,jbspiritous@gmail.com,false,2026-03-10 05:01,445.5 secs,CEO: Mapbox Satellite w/ Labels,,POINT(-97.76422259994271 30.6326822410347),50,,Built-up
133,19099,804480991,-97.76411819992634,30.631873757276438,jbspiritous@gmail.com,false,2026-03-10 05:01,445.5 secs,CEO: Mapbox Satellite w/ Labels,,POINT(-97.76411819992634 30.631873757276438),50,,Built-up structures
133,19100,804480992,-97.76411819992634,30.63196358913875,jbspiritous@gmail.com,false,2026-03-10 05:01,445.5 secs,CEO: Mapbox Satellite w/ Labels,,POINT(-97.76411819992634 30.63196358913875),50,,Built-up structures
133,19101,804480993,-97.76411819992634,30.632053420917643,jbspiritous@gmail.com,false,2026-03-10 05:01,445.5 secs,CEO: Mapbox Satellite w/ Labels,,POINT(-97.76411819992634 30.632053420917643),50,,Built-up structures
133,19102,804480994,-97.76411819992634,30.632143252613147,jbspiritous@gmail.com,false,2026-03-10 05:01,445.5 secs,CEO: Mapbox Satellite w/ Labels,,POINT(-97.76411819992634 30.632143252613147),50,,Built-up structures
133,19103,804480995,-97.76411819992634,30.632233084225234,jbspiritous@gmail.com,false,2026-03-10 05:01,445.5 secs,CEO: Mapbox Satellite w/ Labels,,POINT(-97.76411819992634 30.632233084225234),50,,Built-up structures
133,19104,804480996,-97.76411819992634,30.63232291575393,jbspiritous@gmail.com,false,2026-03-10 05:01,445.5 secs,CEO: Mapbox Satellite w/ Labels,,POINT(-97.76411819992634 30.63232291575393),50,,Built-up
133,19105,804480997,-97.76411819992634,30.63241274719921,jbspiritous@gmail.com,false,2026-03-10 05:01,445.5 secs,CEO: Mapbox Satellite w/ Labels,,POINT(-97.76411819992634 30.63241274719921),50,,Built-up
133,19106,804480998,-97.76411819992634,30.632502578561102,jbspiritous@gmail.com,false,2026-03-10 05:01,445.5 secs,CEO: Mapbox Satellite w/ Labels,,POINT(-97.76411819992634 30.632502578561102),50,,Built-up
133,19107,804480999,-97.76411819992634,30.632592409839603,jbspiritous@gmail.com,false,2026-03-10 05:01,445.5 secs,CEO: Mapbox Satellite w/ Labels,,POINT(-97.76411819992634 30.632592409839603),50,,Built-up
133,19108,804481000,-97.76411819992634,30.6326822410347,jbspiritous@gmail.com,false,2026-03-10 05:01,445.5 secs,CEO: Mapbox Satellite w/ Labels,,POINT(-97.76411819992634 30.6326822410347),50,,Built-up
134,19153,804481001,-97.7650578219062,30.636369757276285,jbspiritous@gmail.com,false,2026-03-10 05:04,188.5 secs,CEO: Mapbox Satellite w/ Labels,,POINT(-97.7650578219062 30.636369757276285),50,,Built-up
134,19154,804481002,-97.7650578219062,30.636459589138653,jbspiritous@gmail.com,false,2026-03-10 05:04,188.5 secs,CEO: Mapbox Satellite w/ Labels,,POINT(-97.7650578219062 30.636459589138653),50,,Built-up
134,19155,804481003,-97.7650578219062,30.63654942091759,jbspiritous@gmail.com,false,2026-03-10 05:04,188.5 secs,CEO: Mapbox Satellite w/ Labels,,POINT(-97.7650578219062 30.63654942091759),50,,Built-up
134,19156,804481004,-97.7650578219062,30.636639252613108,jbspiritous@gmail.com,false,2026-03-10 05:04,188.5 secs,CEO: Mapbox Satellite w/ Labels,,POINT(-97.7650578219062 30.636639252613108),50,,Built-up
134,19157,804481005,-97.7650578219062,30.636729084225237,jbspiritous@gmail.com,false,2026-03-10 05:04,188.5 secs,CEO: Mapbox Satellite w/ Labels,,POINT(-97.7650578219062 30.636729084225237),50,,Built-up
134,19158,804481006,-97.7650578219062,30.636818915753906,jbspiritous@gmail.com,false,2026-03-10 05:04,188.5 secs,CEO: Mapbox Satellite w/ Labels,,POINT(-97.7650578219062 30.636818915753906),50,,Built-up
134,19159,804481007,-97.7650578219062,30.6369087471992,jbspiritous@gmail.com,false,2026-03-10 05:04,188.5 secs,CEO: Mapbox Satellite w/ Labels,,POINT(-97.7650578219062 30.6369087471992),50,,Built-up
134,19160,804481008,-97.7650578219062,30.636998578561062,jbspiritous@gmail.com,false,2026-03-10 05:04,188.5 secs,CEO: Mapbox Satellite w/ Labels,,POINT(-97.7650578219062 30.636998578561062),50,,Built-up
134,19161,804481009,-97.7650578219062,30.637088409839492,jbspiritous@gmail.com,false,2026-03-10 05:04,188.5 secs,CEO: Mapbox Satellite w/ Labels,,POINT(-97.7650578219062 30.637088409839492),50,,Built-up
134,19162,804481010,-97.7650578219062,30.637178241034547,jbspiritous@gmail.com,false,2026-03-10 05:04,188.5 secs,CEO: Mapbox Satellite w/ Labels,,POINT(-97.7650578219062 30.637178241034547),50,,Built-up
134,19163,804481011,-97.76495341703816,30.636369757276285,jbspiritous@gmail.com,false,2026-03-10 05:04,188.5 secs,CEO: Mapbox Satellite w/ Labels,,POINT(-97.76495341703816 30.636369757276285),50,,Trees
134,19164,804481012,-97.76495341703816,30.636459589138653,jbspiritous@gmail.com,false,2026-03-10 05:04,188.5 secs,CEO: Mapbox Satellite w/ Labels,,POINT(-97.76495341703816 30.636459589138653),50,,Built-up
134,19165,804481013,-97.76495341703816,30.63654942091759,jbspiritous@gmail.com,false,2026-03-10 05:04,188.5 secs,CEO: Mapbox Satellite w/ Labels,,POINT(-97.76495341703816 30.63654942091759),50,,Built-up
134,19166,804481014,-97.76495341703816,30.636639252613108,jbspiritous@gmail.com,false,2026-03-10 05:04,188.5 secs,CEO: Mapbox Satellite w/ Labels,,POINT(-97.76495341703816 30.636639252613108),50,,Built-up
134,19167,804481015,-97.76495341703816,30.636729084225237,jbspiritous@gmail.com,false,2026-03-10 05:04,188.5 secs,CEO: Mapbox Satellite w/ Labels,,POINT(-97.76495341703816 30.636729084225237),50,,Grasses
134,19168,804481016,-97.76495341703816,30.636818915753906,jbspiritous@gmail.com,false,2026-03-10 05:04,188.5 secs,CEO: Mapbox Satellite w/ Labels,,POINT(-97.76495341703816 30.636818915753906),50,,Trees
134,19169,804481017,-97.76495341703816,30.6369087471992,jbspiritous@gmail.com,false,2026-03-10 05:04,188.5 secs,CEO: Mapbox Satellite w/ Labels,,POINT(-97.76495341703816 30.6369087471992),50,,Built-up
134,19170,804481018,-97.76495341703816,30.636998578561062,jbspiritous@gmail.com,false,2026-03-10 05:04,188.5 secs,CEO: Mapbox Satellite w/ Labels,,POINT(-97.76495341703816 30.636998578561062),50,,Built-up
134,19171,804481019,-97.76495341703816,30.637088409839492,jbspiritous@gmail.com,false,2026-03-10 05:04,188.5 secs,CEO: Mapbox Satellite w/ Labels,,POINT(-97.76495341703816 30.637088409839492),50,,Trees
134,19172,804481020,-97.76495341703816,30.637178241034547,jbspiritous@gmail.com,false,2026-03-10 05:04,188.5 secs,CEO: Mapbox Satellite w/ Labels,,POINT(-97.76495341703816 30.637178241034547),50,,Trees
134,19173,804481021,-97.76484901217012,30.636369757276285,jbspiritous@gmail.com,false,2026-03-10 05:04,188.5 secs,CEO: Mapbox Satellite w/ Labels,,POINT(-97.76484901217012 30.636369757276285),50,,Grasses
134,19174,804481022,-97.76484901217012,30.636459589138653,jbspiritous@gmail.com,false,2026-03-10 05:04,188.5 secs,CEO: Mapbox Satellite w/ Labels,,POINT(-97.76484901217012 30.636459589138653),50,,Grasses
134,19175,804481023,-97.76484901217012,30.63654942091759,jbspiritous@gmail.com,false,2026-03-10 05:04,188.5 secs,CEO: Mapbox Satellite w/ Labels,,POINT(-97.76484901217012 30.63654942091759),50,,Grasses
134,19176,804481024,-97.76484901217012,30.636639252613108,jbspiritous@gmail.com,false,2026-03-10 05:04,188.5 secs,CEO: Mapbox Satellite w/ Labels,,POINT(-97.76484901217012 30.636639252613108),50,,Grasses
134,19177,804481025,-97.76484901217012,30.636729084225237,jbspiritous@gmail.com,false,2026-03-10 05:04,188.5 secs,CEO: Mapbox Satellite w/ Labels,,POINT(-97.76484901217012 30.636729084225237),50,,Grasses
134,19178,804481026,-97.76484901217012,30.636818915753906,jbspiritous@gmail.com,false,2026-03-10 05:04,188.5 secs,CEO: Mapbox Satellite w/ Labels,,POINT(-97.76484901217012 30.636818915753906),50,,Grasses
134,19179,804481027,-97.76484901217012,30.6369087471992,jbspiritous@gmail.com,false,2026-03-10 05:04,188.5 secs,CEO: Mapbox Satellite w/ Labels,,POINT(-97.76484901217012 30.6369087471992),50,,Trees
134,19180,804481028,-97.76484901217012,30.636998578561062,jbspiritous@gmail.com,false,2026-03-10 05:04,188.5 secs,CEO: Mapbox Satellite w/ Labels,,POINT(-97.76484901217012 30.636998578561062),50,,Grasses
134,19181,804481029,-97.76484901217012,30.637088409839492,jbspiritous@gmail.com,false,2026-03-10 05:04,188.5 secs,CEO: Mapbox Satellite w/ Labels,,POINT(-97.76484901217012 30.637088409839492),50,,Grasses
134,19182,804481030,-97.76484901217012,30.637178241034547,jbspiritous@gmail.com,false,2026-03-10 05:04,188.5 secs,CEO: Mapbox Satellite w/ Labels,,POINT(-97.76484901217012 30.637178241034547),50,,Grasses
134,19183,804481031,-97.76474460730208,30.636369757276285,jbspiritous@gmail.com,false,2026-03-10 05:04,188.5 secs,CEO: Mapbox Satellite w/ Labels,,POINT(-97.76474460730208 30.636369757276285),50,,Grasses
134,19184,804481032,-97.76474460730208,30.636459589138653,jbspiritous@gmail.com,false,2026-03-10 05:04,188.5 secs,CEO: Mapbox Satellite w/ Labels,,POINT(-97.76474460730208 30.636459589138653),50,,Grasses
134,19185,804481033,-97.76474460730208,30.63654942091759,jbspiritous@gmail.com,false,2026-03-10 05:04,188.5 secs,CEO: Mapbox Satellite w/ Labels,,POINT(-97.76474460730208 30.63654942091759),50,,Grasses
134,19186,804481034,-97.76474460730208,30.636639252613108,jbspiritous@gmail.com,false,2026-03-10 05:04,188.5 secs,CEO: Mapbox Satellite w/ Labels,,POINT(-97.76474460730208 30.636639252613108),50,,Grasses
134,19187,804481035,-97.76474460730208,30.636729084225237,jbspiritous@gmail.com,false,2026-03-10 05:04,188.5 secs,CEO: Mapbox Satellite w/ Labels,,POINT(-97.76474460730208 30.636729084225237),50,,Grasses
134,19188,804481036,-97.76474460730208,30.636818915753906,jbspiritous@gmail.com,false,2026-03-10 05:04,188.5 secs,CEO: Mapbox Satellite w/ Labels,,POINT(-97.76474460730208 30.636818915753906),50,,Grasses
134,19189,804481037,-97.76474460730208,30.6369087471992,jbspiritous@gmail.com,false,2026-03-10 05:04,188.5 secs,CEO: Mapbox Satellite w/ Labels,,POINT(-97.76474460730208 30.6369087471992),50,,Trees
134,19190,804481038,-97.76474460730208,30.636998578561062,jbspiritous@gmail.com,false,2026-03-10 05:04,188.5 secs,CEO: Mapbox Satellite w/ Labels,,POINT(-97.76474460730208 30.636998578561062),50,,Grasses
134,19191,804481039,-97.76474460730208,30.637088409839492,jbspiritous@gmail.com,false,2026-03-10 05:04,188.5 secs,CEO: Mapbox Satellite w/ Labels,,POINT(-97.76474460730208 30.637088409839492),50,,Grasses
134,19192,804481040,-97.76474460730208,30.637178241034547,jbspiritous@gmail.com,false,2026-03-10 05:04,188.5 secs,CEO: Mapbox Satellite w/ Labels,,POINT(-97.76474460730208 30.637178241034547),50,,Built-up
134,19193,804481041,-97.76464020243404,30.636369757276285,jbspiritous@gmail.com,false,2026-03-10 05:04,188.5 secs,CEO: Mapbox Satellite w/ Labels,,POINT(-97.76464020243404 30.636369757276285),50,,Grasses
134,19194,804481042,-97.76464020243404,30.636459589138653,jbspiritous@gmail.com,false,2026-03-10 05:04,188.5 secs,CEO: Mapbox Satellite w/ Labels,,POINT(-97.76464020243404 30.636459589138653),50,,Grasses
134,19195,804481043,-97.76464020243404,30.63654942091759,jbspiritous@gmail.com,false,2026-03-10 05:04,188.5 secs,CEO: Mapbox Satellite w/ Labels,,POINT(-97.76464020243404 30.63654942091759),50,,Grasses
134,19196,804481044,-97.76464020243404,30.636639252613108,jbspiritous@gmail.com,false,2026-03-10 05:04,188.5 secs,CEO: Mapbox Satellite w/ Labels,,POINT(-97.76464020243404 30.636639252613108),50,,Grasses
134,19197,804481045,-97.76464020243404,30.636729084225237,jbspiritous@gmail.com,false,2026-03-10 05:04,188.5 secs,CEO: Mapbox Satellite w/ Labels,,POINT(-97.76464020243404 30.636729084225237),50,,Grasses
134,19198,804481046,-97.76464020243404,30.636818915753906,jbspiritous@gmail.com,false,2026-03-10 05:04,188.5 secs,CEO: Mapbox Satellite w/ Labels,,POINT(-97.76464020243404 30.636818915753906),50,,Grasses
134,19199,804481047,-97.76464020243404,30.6369087471992,jbspiritous@gmail.com,false,2026-03-10 05:04,188.5 secs,CEO: Mapbox Satellite w/ Labels,,POINT(-97.76464020243404 30.6369087471992),50,,Grasses
134,19200,804481048,-97.76464020243404,30.636998578561062,jbspiritous@gmail.com,false,2026-03-10 05:04,188.5 secs,CEO: Mapbox Satellite w/ Labels,,POINT(-97.76464020243404 30.636998578561062),50,,Grasses
134,19201,804481049,-97.76464020243404,30.637088409839492,jbspiritous@gmail.com,false,2026-03-10 05:04,188.5 secs,CEO: Mapbox Satellite w/ Labels,,POINT(-97.76464020243404 30.637088409839492),50,,Built-up
134,19202,804481050,-97.76464020243404,30.637178241034547,jbspiritous@gmail.com,false,2026-03-10 05:04,188.5 secs,CEO: Mapbox Satellite w/ Labels,,POINT(-97.76464020243404 30.637178241034547),50,,Trees
134,19203,804481051,-97.76453579756598,30.636369757276285,jbspiritous@gmail.com,false,2026-03-10 05:04,188.5 secs,CEO: Mapbox Satellite w/ Labels,,POINT(-97.76453579756598 30.636369757276285),50,,Grasses
134,19204,804481052,-97.76453579756598,30.636459589138653,jbspiritous@gmail.com,false,2026-03-10 05:04,188.5 secs,CEO: Mapbox Satellite w/ Labels,,POINT(-97.76453579756598 30.636459589138653),50,,Grasses
134,19205,804481053,-97.76453579756598,30.63654942091759,jbspiritous@gmail.com,false,2026-03-10 05:04,188.5 secs,CEO: Mapbox Satellite w/ Labels,,POINT(-97.76453579756598 30.63654942091759),50,,Grasses
134,19206,804481054,-97.76453579756598,30.636639252613108,jbspiritous@gmail.com,false,2026-03-10 05:04,188.5 secs,CEO: Mapbox Satellite w/ Labels,,POINT(-97.76453579756598 30.636639252613108),50,,Grasses
134,19207,804481055,-97.76453579756598,30.636729084225237,jbspiritous@gmail.com,false,2026-03-10 05:04,188.5 secs,CEO: Mapbox Satellite w/ Labels,,POINT(-97.76453579756598 30.636729084225237),50,,Grasses
134,19208,804481056,-97.76453579756598,30.636818915753906,jbspiritous@gmail.com,false,2026-03-10 05:04,188.5 secs,CEO: Mapbox Satellite w/ Labels,,POINT(-97.76453579756598 30.636818915753906),50,,Grasses
134,19209,804481057,-97.76453579756598,30.6369087471992,jbspiritous@gmail.com,false,2026-03-10 05:04,188.5 secs,CEO: Mapbox Satellite w/ Labels,,POINT(-97.76453579756598 30.6369087471992),50,,Grasses
134,19210,804481058,-97.76453579756598,30.636998578561062,jbspiritous@gmail.com,false,2026-03-10 05:04,188.5 secs,CEO: Mapbox Satellite w/ Labels,,POINT(-97.76453579756598 30.636998578561062),50,,Grasses
134,19211,804481059,-97.76453579756598,30.637088409839492,jbspiritous@gmail.com,false,2026-03-10 05:04,188.5 secs,CEO: Mapbox Satellite w/ Labels,,POINT(-97.76453579756598 30.637088409839492),50,,Grasses
134,19212,804481060,-97.76453579756598,30.637178241034547,jbspiritous@gmail.com,false,2026-03-10 05:04,188.5 secs,CEO: Mapbox Satellite w/ Labels,,POINT(-97.76453579756598 30.637178241034547),50,,Built-up
134,19213,804481061,-97.76443139269794,30.636369757276285,jbspiritous@gmail.com,false,2026-03-10 05:04,188.5 secs,CEO: Mapbox Satellite w/ Labels,,POINT(-97.76443139269794 30.636369757276285),50,,Grasses
134,19214,804481062,-97.76443139269794,30.636459589138653,jbspiritous@gmail.com,false,2026-03-10 05:04,188.5 secs,CEO: Mapbox Satellite w/ Labels,,POINT(-97.76443139269794 30.636459589138653),50,,Grasses
134,19215,804481063,-97.76443139269794,30.63654942091759,jbspiritous@gmail.com,false,2026-03-10 05:04,188.5 secs,CEO: Mapbox Satellite w/ Labels,,POINT(-97.76443139269794 30.63654942091759),50,,Grasses
134,19216,804481064,-97.76443139269794,30.636639252613108,jbspiritous@gmail.com,false,2026-03-10 05:04,188.5 secs,CEO: Mapbox Satellite w/ Labels,,POINT(-97.76443139269794 30.636639252613108),50,,Trees
134,19217,804481065,-97.76443139269794,30.636729084225237,jbspiritous@gmail.com,false,2026-03-10 05:04,188.5 secs,CEO: Mapbox Satellite w/ Labels,,POINT(-97.76443139269794 30.636729084225237),50,,Grasses
134,19218,804481066,-97.76443139269794,30.636818915753906,jbspiritous@gmail.com,false,2026-03-10 05:04,188.5 secs,CEO: Mapbox Satellite w/ Labels,,POINT(-97.76443139269794 30.636818915753906),50,,Grasses
134,19219,804481067,-97.76443139269794,30.6369087471992,jbspiritous@gmail.com,false,2026-03-10 05:04,188.5 secs,CEO: Mapbox Satellite w/ Labels,,POINT(-97.76443139269794 30.6369087471992),50,,Built-up
134,19220,804481068,-97.76443139269794,30.636998578561062,jbspiritous@gmail.com,false,2026-03-10 05:04,188.5 secs,CEO: Mapbox Satellite w/ Labels,,POINT(-97.76443139269794 30.636998578561062),50,,Grasses
134,19221,804481069,-97.76443139269794,30.637088409839492,jbspiritous@gmail.com,false,2026-03-10 05:04,188.5 secs,CEO: Mapbox Satellite w/ Labels,,POINT(-97.76443139269794 30.637088409839492),50,,Grasses
134,19222,804481070,-97.76443139269794,30.637178241034547,jbspiritous@gmail.com,false,2026-03-10 05:04,188.5 secs,CEO: Mapbox Satellite w/ Labels,,POINT(-97.76443139269794 30.637178241034547),50,,Grasses
134,19223,804481071,-97.7643269878299,30.636369757276285,jbspiritous@gmail.com,false,2026-03-10 05:04,188.5 secs,CEO: Mapbox Satellite w/ Labels,,POINT(-97.7643269878299 30.636369757276285),50,,Built-up structures
134,19224,804481072,-97.7643269878299,30.636459589138653,jbspiritous@gmail.com,false,2026-03-10 05:04,188.5 secs,CEO: Mapbox Satellite w/ Labels,,POINT(-97.7643269878299 30.636459589138653),50,,Built-up
134,19225,804481073,-97.7643269878299,30.63654942091759,jbspiritous@gmail.com,false,2026-03-10 05:04,188.5 secs,CEO: Mapbox Satellite w/ Labels,,POINT(-97.7643269878299 30.63654942091759),50,,Built-up
134,19226,804481074,-97.7643269878299,30.636639252613108,jbspiritous@gmail.com,false,2026-03-10 05:04,188.5 secs,CEO: Mapbox Satellite w/ Labels,,POINT(-97.7643269878299 30.636639252613108),50,,Built-up
134,19227,804481075,-97.7643269878299,30.636729084225237,jbspiritous@gmail.com,false,2026-03-10 05:04,188.5 secs,CEO: Mapbox Satellite w/ Labels,,POINT(-97.7643269878299 30.636729084225237),50,,Built-up
134,19228,804481076,-97.7643269878299,30.636818915753906,jbspiritous@gmail.com,false,2026-03-10 05:04,188.5 secs,CEO: Mapbox Satellite w/ Labels,,POINT(-97.7643269878299 30.636818915753906),50,,Built-up
134,19229,804481077,-97.7643269878299,30.6369087471992,jbspiritous@gmail.com,false,2026-03-10 05:04,188.5 secs,CEO: Mapbox Satellite w/ Labels,,POINT(-97.7643269878299 30.6369087471992),50,,Built-up
134,19230,804481078,-97.7643269878299,30.636998578561062,jbspiritous@gmail.com,false,2026-03-10 05:04,188.5 secs,CEO: Mapbox Satellite w/ Labels,,POINT(-97.7643269878299 30.636998578561062),50,,Grasses
134,19231,804481079,-97.7643269878299,30.637088409839492,jbspiritous@gmail.com,false,2026-03-10 05:04,188.5 secs,CEO: Mapbox Satellite w/ Labels,,POINT(-97.7643269878299 30.637088409839492),50,,Grasses
134,19232,804481080,-97.7643269878299,30.637178241034547,jbspiritous@gmail.com,false,2026-03-10 05:04,188.5 secs,CEO: Mapbox Satellite w/ Labels,,POINT(-97.7643269878299 30.637178241034547),50,,Built-up structures
134,19233,804481081,-97.76422258296186,30.636369757276285,jbspiritous@gmail.com,false,2026-03-10 05:04,188.5 secs,CEO: Mapbox Satellite w/ Labels,,POINT(-97.76422258296186 30.636369757276285),50,,Built-up structures
134,19234,804481082,-97.76422258296186,30.636459589138653,jbspiritous@gmail.com,false,2026-03-10 05:04,188.5 secs,CEO: Mapbox Satellite w/ Labels,,POINT(-97.76422258296186 30.636459589138653),50,,Grasses
134,19235,804481083,-97.76422258296186,30.63654942091759,jbspiritous@gmail.com,false,2026-03-10 05:04,188.5 secs,CEO: Mapbox Satellite w/ Labels,,POINT(-97.76422258296186 30.63654942091759),50,,Built-up
134,19236,804481084,-97.76422258296186,30.636639252613108,jbspiritous@gmail.com,false,2026-03-10 05:04,188.5 secs,CEO: Mapbox Satellite w/ Labels,,POINT(-97.76422258296186 30.636639252613108),50,,Grasses
134,19237,804481085,-97.76422258296186,30.636729084225237,jbspiritous@gmail.com,false,2026-03-10 05:04,188.5 secs,CEO: Mapbox Satellite w/ Labels,,POINT(-97.76422258296186 30.636729084225237),50,,Trees
134,19238,804481086,-97.76422258296186,30.636818915753906,jbspiritous@gmail.com,false,2026-03-10 05:04,188.5 secs,CEO: Mapbox Satellite w/ Labels,,POINT(-97.76422258296186 30.636818915753906),50,,Built-up
134,19239,804481087,-97.76422258296186,30.6369087471992,jbspiritous@gmail.com,false,2026-03-10 05:04,188.5 secs,CEO: Mapbox Satellite w/ Labels,,POINT(-97.76422258296186 30.6369087471992),50,,Grasses
134,19240,804481088,-97.76422258296186,30.636998578561062,jbspiritous@gmail.com,false,2026-03-10 05:04,188.5 secs,CEO: Mapbox Satellite w/ Labels,,POINT(-97.76422258296186 30.636998578561062),50,,Trees
134,19241,804481089,-97.76422258296186,30.637088409839492,jbspiritous@gmail.com,false,2026-03-10 05:04,188.5 secs,CEO: Mapbox Satellite w/ Labels,,POINT(-97.76422258296186 30.637088409839492),50,,Trees
134,19242,804481090,-97.76422258296186,30.637178241034547,jbspiritous@gmail.com,false,2026-03-10 05:04,188.5 secs,CEO: Mapbox Satellite w/ Labels,,POINT(-97.76422258296186 30.637178241034547),50,,Built-up
134,19243,804481091,-97.76411817809382,30.636369757276285,jbspiritous@gmail.com,false,2026-03-10 05:04,188.5 secs,CEO: Mapbox Satellite w/ Labels,,POINT(-97.76411817809382 30.636369757276285),50,,Built-up structures
134,19244,804481092,-97.76411817809382,30.636459589138653,jbspiritous@gmail.com,false,2026-03-10 05:04,188.5 secs,CEO: Mapbox Satellite w/ Labels,,POINT(-97.76411817809382 30.636459589138653),50,,Grasses
134,19245,804481093,-97.76411817809382,30.63654942091759,jbspiritous@gmail.com,false,2026-03-10 05:04,188.5 secs,CEO: Mapbox Satellite w/ Labels,,POINT(-97.76411817809382 30.63654942091759),50,,Grasses
134,19246,804481094,-97.76411817809382,30.636639252613108,jbspiritous@gmail.com,false,2026-03-10 05:04,188.5 secs,CEO: Mapbox Satellite w/ Labels,,POINT(-97.76411817809382 30.636639252613108),50,,Grasses
134,19247,804481095,-97.76411817809382,30.636729084225237,jbspiritous@gmail.com,false,2026-03-10 05:04,188.5 secs,CEO: Mapbox Satellite w/ Labels,,POINT(-97.76411817809382 30.636729084225237),50,,Grasses
134,19248,804481096,-97.76411817809382,30.636818915753906,jbspiritous@gmail.com,false,2026-03-10 05:04,188.5 secs,CEO: Mapbox Satellite w/ Labels,,POINT(-97.76411817809382 30.636818915753906),50,,Grasses
134,19249,804481097,-97.76411817809382,30.6369087471992,jbspiritous@gmail.com,false,2026-03-10 05:04,188.5 secs,CEO: Mapbox Satellite w/ Labels,,POINT(-97.76411817809382 30.6369087471992),50,,Grasses
134,19250,804481098,-97.76411817809382,30.636998578561062,jbspiritous@gmail.com,false,2026-03-10 05:04,188.5 secs,CEO: Mapbox Satellite w/ Labels,,POINT(-97.76411817809382 30.636998578561062),50,,Grasses
134,19251,804481099,-97.76411817809382,30.637088409839492,jbspiritous@gmail.com,false,2026-03-10 05:04,188.5 secs,CEO: Mapbox Satellite w/ Labels,,POINT(-97.76411817809382 30.637088409839492),50,,Shrubs
134,19252,804481100,-97.76411817809382,30.637178241034547,jbspiritous@gmail.com,false,2026-03-10 05:04,188.5 secs,CEO: Mapbox Satellite w/ Labels,,POINT(-97.76411817809382 30.637178241034547),50,,Grasses
135,19297,804481101,-97.76505784374851,30.640866757276143,jbspiritous@gmail.com,false,2026-03-10 05:16,726.6 secs,CEO: Mapbox Satellite w/ Labels,,POINT(-97.76505784374851 30.640866757276143),50,,Trees
135,19298,804481102,-97.76505784374851,30.64095658913857,jbspiritous@gmail.com,false,2026-03-10 05:16,726.6 secs,CEO: Mapbox Satellite w/ Labels,,POINT(-97.76505784374851 30.64095658913857),50,,Built-up
135,19299,804481103,-97.76505784374851,30.641046420917547,jbspiritous@gmail.com,false,2026-03-10 05:16,726.6 secs,CEO: Mapbox Satellite w/ Labels,,POINT(-97.76505784374851 30.641046420917547),50,,Trees
135,19300,804481104,-97.76505784374851,30.64113625261311,jbspiritous@gmail.com,false,2026-03-10 05:16,726.6 secs,CEO: Mapbox Satellite w/ Labels,,POINT(-97.76505784374851 30.64113625261311),50,,Cropland
135,19301,804481105,-97.76505784374851,30.641226084225224,jbspiritous@gmail.com,false,2026-03-10 05:16,726.6 secs,CEO: Mapbox Satellite w/ Labels,,POINT(-97.76505784374851 30.641226084225224),50,,Cropland
135,19302,804481106,-97.76505784374851,30.641315915753907,jbspiritous@gmail.com,false,2026-03-10 05:16,726.6 secs,CEO: Mapbox Satellite w/ Labels,,POINT(-97.76505784374851 30.641315915753907),50,,Cropland
135,19303,804481107,-97.76505784374851,30.641405747199173,jbspiritous@gmail.com,false,2026-03-10 05:16,726.6 secs,CEO: Mapbox Satellite w/ Labels,,POINT(-97.76505784374851 30.641405747199173),50,,Trees
135,19304,804481108,-97.76505784374851,30.641495578561006,jbspiritous@gmail.com,false,2026-03-10 05:16,726.6 secs,CEO: Mapbox Satellite w/ Labels,,POINT(-97.76505784374851 30.641495578561006),50,,Built-up structures
135,19305,804481109,-97.76505784374851,30.641585409839422,jbspiritous@gmail.com,false,2026-03-10 05:16,726.6 secs,CEO: Mapbox Satellite w/ Labels,,POINT(-97.76505784374851 30.641585409839422),50,,Built-up structures
135,19306,804481110,-97.76505784374851,30.641675241034378,jbspiritous@gmail.com,false,2026-03-10 05:16,726.6 secs,CEO: Mapbox Satellite w/ Labels,,POINT(-97.76505784374851 30.641675241034378),50,,Built-up structures
135,19307,804481111,-97.76495343402662,30.640866757276143,jbspiritous@gmail.com,false,2026-03-10 05:16,726.6 secs,CEO: Mapbox Satellite w/ Labels,,POINT(-97.76495343402662 30.640866757276143),50,,Built-up
135,19308,804481112,-97.76495343402662,30.64095658913857,jbspiritous@gmail.com,false,2026-03-10 05:16,726.6 secs,CEO: Mapbox Satellite w/ Labels,,POINT(-97.76495343402662 30.64095658913857),50,,Built-up
135,19309,804481113,-97.76495343402662,30.641046420917547,jbspiritous@gmail.com,false,2026-03-10 05:16,726.6 secs,CEO: Mapbox Satellite w/ Labels,,POINT(-97.76495343402662 30.641046420917547),50,,Trees
135,19310,804481114,-97.76495343402662,30.64113625261311,jbspiritous@gmail.com,false,2026-03-10 05:16,726.6 secs,CEO: Mapbox Satellite w/ Labels,,POINT(-97.76495343402662 30.64113625261311),50,,Trees
135,19311,804481115,-97.76495343402662,30.641226084225224,jbspiritous@gmail.com,false,2026-03-10 05:16,726.6 secs,CEO: Mapbox Satellite w/ Labels,,POINT(-97.76495343402662 30.641226084225224),50,,Cropland
135,19312,804481116,-97.76495343402662,30.641315915753907,jbspiritous@gmail.com,false,2026-03-10 05:16,726.6 secs,CEO: Mapbox Satellite w/ Labels,,POINT(-97.76495343402662 30.641315915753907),50,,Cropland
135,19313,804481117,-97.76495343402662,30.641405747199173,jbspiritous@gmail.com,false,2026-03-10 05:16,726.6 secs,CEO: Mapbox Satellite w/ Labels,,POINT(-97.76495343402662 30.641405747199173),50,,Trees
135,19314,804481118,-97.76495343402662,30.641495578561006,jbspiritous@gmail.com,false,2026-03-10 05:16,726.6 secs,CEO: Mapbox Satellite w/ Labels,,POINT(-97.76495343402662 30.641495578561006),50,,Built-up structures
135,19315,804481119,-97.76495343402662,30.641585409839422,jbspiritous@gmail.com,false,2026-03-10 05:16,726.6 secs,CEO: Mapbox Satellite w/ Labels,,POINT(-97.76495343402662 30.641585409839422),50,,Built-up structures
135,19316,804481120,-97.76495343402662,30.641675241034378,jbspiritous@gmail.com,false,2026-03-10 05:16,726.6 secs,CEO: Mapbox Satellite w/ Labels,,POINT(-97.76495343402662 30.641675241034378),50,,Trees
135,19317,804481121,-97.76484902430472,30.640866757276143,jbspiritous@gmail.com,false,2026-03-10 05:16,726.6 secs,CEO: Mapbox Satellite w/ Labels,,POINT(-97.76484902430472 30.640866757276143),50,,Trees
135,19318,804481122,-97.76484902430472,30.64095658913857,jbspiritous@gmail.com,false,2026-03-10 05:16,726.6 secs,CEO: Mapbox Satellite w/ Labels,,POINT(-97.76484902430472 30.64095658913857),50,,Built-up
135,19319,804481123,-97.76484902430472,30.641046420917547,jbspiritous@gmail.com,false,2026-03-10 05:16,726.6 secs,CEO: Mapbox Satellite w/ Labels,,POINT(-97.76484902430472 30.641046420917547),50,,Trees
135,19320,804481124,-97.76484902430472,30.64113625261311,jbspiritous@gmail.com,false,2026-03-10 05:16,726.6 secs,CEO: Mapbox Satellite w/ Labels,,POINT(-97.76484902430472 30.64113625261311),50,,Trees
135,19321,804481125,-97.76484902430472,30.641226084225224,jbspiritous@gmail.com,false,2026-03-10 05:16,726.6 secs,CEO: Mapbox Satellite w/ Labels,,POINT(-97.76484902430472 30.641226084225224),50,,Cropland
135,19322,804481126,-97.76484902430472,30.641315915753907,jbspiritous@gmail.com,false,2026-03-10 05:16,726.6 secs,CEO: Mapbox Satellite w/ Labels,,POINT(-97.76484902430472 30.641315915753907),50,,Cropland
135,19323,804481127,-97.76484902430472,30.641405747199173,jbspiritous@gmail.com,false,2026-03-10 05:16,726.6 secs,CEO: Mapbox Satellite w/ Labels,,POINT(-97.76484902430472 30.641405747199173),50,,Trees
135,19324,804481128,-97.76484902430472,30.641495578561006,jbspiritous@gmail.com,false,2026-03-10 05:16,726.6 secs,CEO: Mapbox Satellite w/ Labels,,POINT(-97.76484902430472 30.641495578561006),50,,Built-up structures
135,19325,804481129,-97.76484902430472,30.641585409839422,jbspiritous@gmail.com,false,2026-03-10 05:16,726.6 secs,CEO: Mapbox Satellite w/ Labels,,POINT(-97.76484902430472 30.641585409839422),50,,Built-up structures
135,19326,804481130,-97.76484902430472,30.641675241034378,jbspiritous@gmail.com,false,2026-03-10 05:16,726.6 secs,CEO: Mapbox Satellite w/ Labels,,POINT(-97.76484902430472 30.641675241034378),50,,Built-up structures
135,19327,804481131,-97.76474461458284,30.640866757276143,jbspiritous@gmail.com,false,2026-03-10 05:16,726.6 secs,CEO: Mapbox Satellite w/ Labels,,POINT(-97.76474461458284 30.640866757276143),50,,Trees
135,19328,804481132,-97.76474461458284,30.64095658913857,jbspiritous@gmail.com,false,2026-03-10 05:16,726.6 secs,CEO: Mapbox Satellite w/ Labels,,POINT(-97.76474461458284 30.64095658913857),50,,Trees
135,19329,804481133,-97.76474461458284,30.641046420917547,jbspiritous@gmail.com,false,2026-03-10 05:16,726.6 secs,CEO: Mapbox Satellite w/ Labels,,POINT(-97.76474461458284 30.641046420917547),50,,Built-up
135,19330,804481134,-97.76474461458284,30.64113625261311,jbspiritous@gmail.com,false,2026-03-10 05:16,726.6 secs,CEO: Mapbox Satellite w/ Labels,,POINT(-97.76474461458284 30.64113625261311),50,,Cropland
135,19331,804481135,-97.76474461458284,30.641226084225224,jbspiritous@gmail.com,false,2026-03-10 05:16,726.6 secs,CEO: Mapbox Satellite w/ Labels,,POINT(-97.76474461458284 30.641226084225224),50,,Cropland
135,19332,804481136,-97.76474461458284,30.641315915753907,jbspiritous@gmail.com,false,2026-03-10 05:16,726.6 secs,CEO: Mapbox Satellite w/ Labels,,POINT(-97.76474461458284 30.641315915753907),50,,Cropland
135,19333,804481137,-97.76474461458284,30.641405747199173,jbspiritous@gmail.com,false,2026-03-10 05:16,726.6 secs,CEO: Mapbox Satellite w/ Labels,,POINT(-97.76474461458284 30.641405747199173),50,,Cropland
135,19334,804481138,-97.76474461458284,30.641495578561006,jbspiritous@gmail.com,false,2026-03-10 05:16,726.6 secs,CEO: Mapbox Satellite w/ Labels,,POINT(-97.76474461458284 30.641495578561006),50,,Cropland
135,19335,804481139,-97.76474461458284,30.641585409839422,jbspiritous@gmail.com,false,2026-03-10 05:16,726.6 secs,CEO: Mapbox Satellite w/ Labels,,POINT(-97.76474461458284 30.641585409839422),50,,Cropland
135,19336,804481140,-97.76474461458284,30.641675241034378,jbspiritous@gmail.com,false,2026-03-10 05:16,726.6 secs,CEO: Mapbox Satellite w/ Labels,,POINT(-97.76474461458284 30.641675241034378),50,,Wetland
135,19337,804481141,-97.76464020486097,30.640866757276143,jbspiritous@gmail.com,false,2026-03-10 05:16,726.6 secs,CEO: Mapbox Satellite w/ Labels,,POINT(-97.76464020486097 30.640866757276143),50,,Trees
135,19338,804481142,-97.76464020486097,30.64095658913857,jbspiritous@gmail.com,false,2026-03-10 05:16,726.6 secs,CEO: Mapbox Satellite w/ Labels,,POINT(-97.76464020486097 30.64095658913857),50,,Built-up
135,19339,804481143,-97.76464020486097,30.641046420917547,jbspiritous@gmail.com,false,2026-03-10 05:16,726.6 secs,CEO: Mapbox Satellite w/ Labels,,POINT(-97.76464020486097 30.641046420917547),50,,Built-up
135,19340,804481144,-97.76464020486097,30.64113625261311,jbspiritous@gmail.com,false,2026-03-10 05:16,726.6 secs,CEO: Mapbox Satellite w/ Labels,,POINT(-97.76464020486097 30.64113625261311),50,,Cropland
135,19341,804481145,-97.76464020486097,30.641226084225224,jbspiritous@gmail.com,false,2026-03-10 05:16,726.6 secs,CEO: Mapbox Satellite w/ Labels,,POINT(-97.76464020486097 30.641226084225224),50,,Cropland
135,19342,804481146,-97.76464020486097,30.641315915753907,jbspiritous@gmail.com,false,2026-03-10 05:16,726.6 secs,CEO: Mapbox Satellite w/ Labels,,POINT(-97.76464020486097 30.641315915753907),50,,Cropland
135,19343,804481147,-97.76464020486097,30.641405747199173,jbspiritous@gmail.com,false,2026-03-10 05:16,726.6 secs,CEO: Mapbox Satellite w/ Labels,,POINT(-97.76464020486097 30.641405747199173),50,,Cropland
135,19344,804481148,-97.76464020486097,30.641495578561006,jbspiritous@gmail.com,false,2026-03-10 05:16,726.6 secs,CEO: Mapbox Satellite w/ Labels,,POINT(-97.76464020486097 30.641495578561006),50,,Cropland
135,19345,804481149,-97.76464020486097,30.641585409839422,jbspiritous@gmail.com,false,2026-03-10 05:16,726.6 secs,CEO: Mapbox Satellite w/ Labels,,POINT(-97.76464020486097 30.641585409839422),50,,Cropland
135,19346,804481150,-97.76464020486097,30.641675241034378,jbspiritous@gmail.com,false,2026-03-10 05:16,726.6 secs,CEO: Mapbox Satellite w/ Labels,,POINT(-97.76464020486097 30.641675241034378),50,,Cropland
135,19347,804481151,-97.76453579513907,30.640866757276143,jbspiritous@gmail.com,false,2026-03-10 05:16,726.6 secs,CEO: Mapbox Satellite w/ Labels,,POINT(-97.76453579513907 30.640866757276143),50,,Built-up
135,19348,804481152,-97.76453579513907,30.64095658913857,jbspiritous@gmail.com,false,2026-03-10 05:16,726.6 secs,CEO: Mapbox Satellite w/ Labels,,POINT(-97.76453579513907 30.64095658913857),50,,Trees
135,19349,804481153,-97.76453579513907,30.641046420917547,jbspiritous@gmail.com,false,2026-03-10 05:16,726.6 secs,CEO: Mapbox Satellite w/ Labels,,POINT(-97.76453579513907 30.641046420917547),50,,Built-up
135,19350,804481154,-97.76453579513907,30.64113625261311,jbspiritous@gmail.com,false,2026-03-10 05:16,726.6 secs,CEO: Mapbox Satellite w/ Labels,,POINT(-97.76453579513907 30.64113625261311),50,,Trees
135,19351,804481155,-97.76453579513907,30.641226084225224,jbspiritous@gmail.com,false,2026-03-10 05:16,726.6 secs,CEO: Mapbox Satellite w/ Labels,,POINT(-97.76453579513907 30.641226084225224),50,,Trees
135,19352,804481156,-97.76453579513907,30.641315915753907,jbspiritous@gmail.com,false,2026-03-10 05:16,726.6 secs,CEO: Mapbox Satellite w/ Labels,,POINT(-97.76453579513907 30.641315915753907),50,,Trees
135,19353,804481157,-97.76453579513907,30.641405747199173,jbspiritous@gmail.com,false,2026-03-10 05:16,726.6 secs,CEO: Mapbox Satellite w/ Labels,,POINT(-97.76453579513907 30.641405747199173),50,,Cropland
135,19354,804481158,-97.76453579513907,30.641495578561006,jbspiritous@gmail.com,false,2026-03-10 05:16,726.6 secs,CEO: Mapbox Satellite w/ Labels,,POINT(-97.76453579513907 30.641495578561006),50,,Cropland
135,19355,804481159,-97.76453579513907,30.641585409839422,jbspiritous@gmail.com,false,2026-03-10 05:16,726.6 secs,CEO: Mapbox Satellite w/ Labels,,POINT(-97.76453579513907 30.641585409839422),50,,Cropland
135,19356,804481160,-97.76453579513907,30.641675241034378,jbspiritous@gmail.com,false,2026-03-10 05:16,726.6 secs,CEO: Mapbox Satellite w/ Labels,,POINT(-97.76453579513907 30.641675241034378),50,,Cropland
135,19357,804481161,-97.76443138541718,30.640866757276143,jbspiritous@gmail.com,false,2026-03-10 05:16,726.6 secs,CEO: Mapbox Satellite w/ Labels,,POINT(-97.76443138541718 30.640866757276143),50,,Trees
135,19358,804481162,-97.76443138541718,30.64095658913857,jbspiritous@gmail.com,false,2026-03-10 05:16,726.6 secs,CEO: Mapbox Satellite w/ Labels,,POINT(-97.76443138541718 30.64095658913857),50,,Grasses
135,19359,804481163,-97.76443138541718,30.641046420917547,jbspiritous@gmail.com,false,2026-03-10 05:16,726.6 secs,CEO: Mapbox Satellite w/ Labels,,POINT(-97.76443138541718 30.641046420917547),50,,Built-up
135,19360,804481164,-97.76443138541718,30.64113625261311,jbspiritous@gmail.com,false,2026-03-10 05:16,726.6 secs,CEO: Mapbox Satellite w/ Labels,,POINT(-97.76443138541718 30.64113625261311),50,,Trees
135,19361,804481165,-97.76443138541718,30.641226084225224,jbspiritous@gmail.com,false,2026-03-10 05:16,726.6 secs,CEO: Mapbox Satellite w/ Labels,,POINT(-97.76443138541718 30.641226084225224),50,,Cropland
135,19362,804481166,-97.76443138541718,30.641315915753907,jbspiritous@gmail.com,false,2026-03-10 05:16,726.6 secs,CEO: Mapbox Satellite w/ Labels,,POINT(-97.76443138541718 30.641315915753907),50,,Cropland
135,19363,804481167,-97.76443138541718,30.641405747199173,jbspiritous@gmail.com,false,2026-03-10 05:16,726.6 secs,CEO: Mapbox Satellite w/ Labels,,POINT(-97.76443138541718 30.641405747199173),50,,Cropland
135,19364,804481168,-97.76443138541718,30.641495578561006,jbspiritous@gmail.com,false,2026-03-10 05:16,726.6 secs,CEO: Mapbox Satellite w/ Labels,,POINT(-97.76443138541718 30.641495578561006),50,,Cropland
135,19365,804481169,-97.76443138541718,30.641585409839422,jbspiritous@gmail.com,false,2026-03-10 05:16,726.6 secs,CEO: Mapbox Satellite w/ Labels,,POINT(-97.76443138541718 30.641585409839422),50,,Trees
135,19366,804481170,-97.76443138541718,30.641675241034378,jbspiritous@gmail.com,false,2026-03-10 05:16,726.6 secs,CEO: Mapbox Satellite w/ Labels,,POINT(-97.76443138541718 30.641675241034378),50,,Trees
135,19367,804481171,-97.7643269756953,30.640866757276143,jbspiritous@gmail.com,false,2026-03-10 05:16,726.6 secs,CEO: Mapbox Satellite w/ Labels,,POINT(-97.7643269756953 30.640866757276143),50,,Trees
135,19368,804481172,-97.7643269756953,30.64095658913857,jbspiritous@gmail.com,false,2026-03-10 05:16,726.6 secs,CEO: Mapbox Satellite w/ Labels,,POINT(-97.7643269756953 30.64095658913857),50,,Trees
135,19369,804481173,-97.7643269756953,30.641046420917547,jbspiritous@gmail.com,false,2026-03-10 05:16,726.6 secs,CEO: Mapbox Satellite w/ Labels,,POINT(-97.7643269756953 30.641046420917547),50,,Built-up
135,19370,804481174,-97.7643269756953,30.64113625261311,jbspiritous@gmail.com,false,2026-03-10 05:16,726.6 secs,CEO: Mapbox Satellite w/ Labels,,POINT(-97.7643269756953 30.64113625261311),50,,Built-up
135,19371,804481175,-97.7643269756953,30.641226084225224,jbspiritous@gmail.com,false,2026-03-10 05:16,726.6 secs,CEO: Mapbox Satellite w/ Labels,,POINT(-97.7643269756953 30.641226084225224),50,,Cropland
135,19372,804481176,-97.7643269756953,30.641315915753907,jbspiritous@gmail.com,false,2026-03-10 05:16,726.6 secs,CEO: Mapbox Satellite w/ Labels,,POINT(-97.7643269756953 30.641315915753907),50,,Cropland
135,19373,804481177,-97.7643269756953,30.641405747199173,jbspiritous@gmail.com,false,2026-03-10 05:16,726.6 secs,CEO: Mapbox Satellite w/ Labels,,POINT(-97.7643269756953 30.641405747199173),50,,Cropland
135,19374,804481178,-97.7643269756953,30.641495578561006,jbspiritous@gmail.com,false,2026-03-10 05:16,726.6 secs,CEO: Mapbox Satellite w/ Labels,,POINT(-97.7643269756953 30.641495578561006),50,,Cropland
135,19375,804481179,-97.7643269756953,30.641585409839422,jbspiritous@gmail.com,false,2026-03-10 05:16,726.6 secs,CEO: Mapbox Satellite w/ Labels,,POINT(-97.7643269756953 30.641585409839422),50,,Trees
135,19376,804481180,-97.7643269756953,30.641675241034378,jbspiritous@gmail.com,false,2026-03-10 05:16,726.6 secs,CEO: Mapbox Satellite w/ Labels,,POINT(-97.7643269756953 30.641675241034378),50,,Trees
135,19377,804481181,-97.7642225659734,30.640866757276143,jbspiritous@gmail.com,false,2026-03-10 05:16,726.6 secs,CEO: Mapbox Satellite w/ Labels,,POINT(-97.7642225659734 30.640866757276143),50,,Grasses
135,19378,804481182,-97.7642225659734,30.64095658913857,jbspiritous@gmail.com,false,2026-03-10 05:16,726.6 secs,CEO: Mapbox Satellite w/ Labels,,POINT(-97.7642225659734 30.64095658913857),50,,Trees
135,19379,804481183,-97.7642225659734,30.641046420917547,jbspiritous@gmail.com,false,2026-03-10 05:16,726.6 secs,CEO: Mapbox Satellite w/ Labels,,POINT(-97.7642225659734 30.641046420917547),50,,Built-up
135,19380,804481184,-97.7642225659734,30.64113625261311,jbspiritous@gmail.com,false,2026-03-10 05:16,726.6 secs,CEO: Mapbox Satellite w/ Labels,,POINT(-97.7642225659734 30.64113625261311),50,,Built-up
135,19381,804481185,-97.7642225659734,30.641226084225224,jbspiritous@gmail.com,false,2026-03-10 05:16,726.6 secs,CEO: Mapbox Satellite w/ Labels,,POINT(-97.7642225659734 30.641226084225224),50,,Cropland
135,19382,804481186,-97.7642225659734,30.641315915753907,jbspiritous@gmail.com,false,2026-03-10 05:16,726.6 secs,CEO: Mapbox Satellite w/ Labels,,POINT(-97.7642225659734 30.641315915753907),50,,Cropland
135,19383,804481187,-97.7642225659734,30.641405747199173,jbspiritous@gmail.com,false,2026-03-10 05:16,726.6 secs,CEO: Mapbox Satellite w/ Labels,,POINT(-97.7642225659734 30.641405747199173),50,,Cropland
135,19384,804481188,-97.7642225659734,30.641495578561006,jbspiritous@gmail.com,false,2026-03-10 05:16,726.6 secs,CEO: Mapbox Satellite w/ Labels,,POINT(-97.7642225659734 30.641495578561006),50,,Cropland
135,19385,804481189,-97.7642225659734,30.641585409839422,jbspiritous@gmail.com,false,2026-03-10 05:16,726.6 secs,CEO: Mapbox Satellite w/ Labels,,POINT(-97.7642225659734 30.641585409839422),50,,Cropland
135,19386,804481190,-97.7642225659734,30.641675241034378,jbspiritous@gmail.com,false,2026-03-10 05:16,726.6 secs,CEO: Mapbox Satellite w/ Labels,,POINT(-97.7642225659734 30.641675241034378),50,,Cropland
135,19387,804481191,-97.76411815625151,30.640866757276143,jbspiritous@gmail.com,false,2026-03-10 05:16,726.6 secs,CEO: Mapbox Satellite w/ Labels,,POINT(-97.76411815625151 30.640866757276143),50,,Grasses
135,19388,804481192,-97.76411815625151,30.64095658913857,jbspiritous@gmail.com,false,2026-03-10 05:16,726.6 secs,CEO: Mapbox Satellite w/ Labels,,POINT(-97.76411815625151 30.64095658913857),50,,Trees
135,19389,804481193,-97.76411815625151,30.641046420917547,jbspiritous@gmail.com,false,2026-03-10 05:16,726.6 secs,CEO: Mapbox Satellite w/ Labels,,POINT(-97.76411815625151 30.641046420917547),50,,Built-up
135,19390,804481194,-97.76411815625151,30.64113625261311,jbspiritous@gmail.com,false,2026-03-10 05:16,726.6 secs,CEO: Mapbox Satellite w/ Labels,,POINT(-97.76411815625151 30.64113625261311),50,,Built-up
135,19391,804481195,-97.76411815625151,30.641226084225224,jbspiritous@gmail.com,false,2026-03-10 05:16,726.6 secs,CEO: Mapbox Satellite w/ Labels,,POINT(-97.76411815625151 30.641226084225224),50,,Cropland
135,19392,804481196,-97.76411815625151,30.641315915753907,jbspiritous@gmail.com,false,2026-03-10 05:16,726.6 secs,CEO: Mapbox Satellite w/ Labels,,POINT(-97.76411815625151 30.641315915753907),50,,Cropland
135,19393,804481197,-97.76411815625151,30.641405747199173,jbspiritous@gmail.com,false,2026-03-10 05:16,726.6 secs,CEO: Mapbox Satellite w/ Labels,,POINT(-97.76411815625151 30.641405747199173),50,,Cropland
135,19394,804481198,-97.76411815625151,30.641495578561006,jbspiritous@gmail.com,false,2026-03-10 05:16,726.6 secs,CEO: Mapbox Satellite w/ Labels,,POINT(-97.76411815625151 30.641495578561006),50,,Cropland
135,19395,804481199,-97.76411815625151,30.641585409839422,jbspiritous@gmail.com,false,2026-03-10 05:16,726.6 secs,CEO: Mapbox Satellite w/ Labels,,POINT(-97.76411815625151 30.641585409839422),50,,Cropland
135,19396,804481200,-97.76411815625151,30.641675241034378,jbspiritous@gmail.com,false,2026-03-10 05:16,726.6 secs,CEO: Mapbox Satellite w/ Labels,,POINT(-97.76411815625151 30.641675241034378),50,,Trees
136,19441,804481201,-97.76505786559089,30.645362757276004,jbspiritous@gmail.com,false,2026-03-10 05:18,140.1 secs,CEO: Mapbox Satellite w/ Labels,,POINT(-97.76505786559089 30.645362757276004),50,,Trees
136,19442,804481202,-97.76505786559089,30.645452589138472,jbspiritous@gmail.com,false,2026-03-10 05:18,140.1 secs,CEO: Mapbox Satellite w/ Labels,,POINT(-97.76505786559089 30.645452589138472),50,,Trees
136,19443,804481203,-97.76505786559089,30.645542420917522,jbspiritous@gmail.com,false,2026-03-10 05:18,140.1 secs,CEO: Mapbox Satellite w/ Labels,,POINT(-97.76505786559089 30.645542420917522),50,,Built-up
136,19444,804481204,-97.76505786559089,30.645632252613083,jbspiritous@gmail.com,false,2026-03-10 05:18,140.1 secs,CEO: Mapbox Satellite w/ Labels,,POINT(-97.76505786559089 30.645632252613083),50,,Built-up
136,19445,804481205,-97.76505786559089,30.645722084225213,jbspiritous@gmail.com,false,2026-03-10 05:18,140.1 secs,CEO: Mapbox Satellite w/ Labels,,POINT(-97.76505786559089 30.645722084225213),50,,Trees
136,19446,804481206,-97.76505786559089,30.645811915753924,jbspiritous@gmail.com,false,2026-03-10 05:18,140.1 secs,CEO: Mapbox Satellite w/ Labels,,POINT(-97.76505786559089 30.645811915753924),50,,Grasses
136,19447,804481207,-97.76505786559089,30.64590174719919,jbspiritous@gmail.com,false,2026-03-10 05:18,140.1 secs,CEO: Mapbox Satellite w/ Labels,,POINT(-97.76505786559089 30.64590174719919),50,,Trees
136,19448,804481208,-97.76505786559089,30.645991578560967,jbspiritous@gmail.com,false,2026-03-10 05:18,140.1 secs,CEO: Mapbox Satellite w/ Labels,,POINT(-97.76505786559089 30.645991578560967),50,,Trees
136,19449,804481209,-97.76505786559089,30.64608140983934,jbspiritous@gmail.com,false,2026-03-10 05:18,140.1 secs,CEO: Mapbox Satellite w/ Labels,,POINT(-97.76505786559089 30.64608140983934),50,,Grasses
136,19450,804481210,-97.76505786559089,30.64617124103424,jbspiritous@gmail.com,false,2026-03-10 05:18,140.1 secs,CEO: Mapbox Satellite w/ Labels,,POINT(-97.76505786559089 30.64617124103424),50,,Built-up
136,19451,804481211,-97.76495345101515,30.645362757276004,jbspiritous@gmail.com,false,2026-03-10 05:18,140.1 secs,CEO: Mapbox Satellite w/ Labels,,POINT(-97.76495345101515 30.645362757276004),50,,Trees
136,19452,804481212,-97.76495345101515,30.645452589138472,jbspiritous@gmail.com,false,2026-03-10 05:18,140.1 secs,CEO: Mapbox Satellite w/ Labels,,POINT(-97.76495345101515 30.645452589138472),50,,Trees
136,19453,804481213,-97.76495345101515,30.645542420917522,jbspiritous@gmail.com,false,2026-03-10 05:18,140.1 secs,CEO: Mapbox Satellite w/ Labels,,POINT(-97.76495345101515 30.645542420917522),50,,Trees
136,19454,804481214,-97.76495345101515,30.645632252613083,jbspiritous@gmail.com,false,2026-03-10 05:18,140.1 secs,CEO: Mapbox Satellite w/ Labels,,POINT(-97.76495345101515 30.645632252613083),50,,Built-up
136,19455,804481215,-97.76495345101515,30.645722084225213,jbspiritous@gmail.com,false,2026-03-10 05:18,140.1 secs,CEO: Mapbox Satellite w/ Labels,,POINT(-97.76495345101515 30.645722084225213),50,,Grasses
136,19456,804481216,-97.76495345101515,30.645811915753924,jbspiritous@gmail.com,false,2026-03-10 05:18,140.1 secs,CEO: Mapbox Satellite w/ Labels,,POINT(-97.76495345101515 30.645811915753924),50,,Grasses
136,19457,804481217,-97.76495345101515,30.64590174719919,jbspiritous@gmail.com,false,2026-03-10 05:18,140.1 secs,CEO: Mapbox Satellite w/ Labels,,POINT(-97.76495345101515 30.64590174719919),50,,Grasses
136,19458,804481218,-97.76495345101515,30.645991578560967,jbspiritous@gmail.com,false,2026-03-10 05:18,140.1 secs,CEO: Mapbox Satellite w/ Labels,,POINT(-97.76495345101515 30.645991578560967),50,,Grasses
136,19459,804481219,-97.76495345101515,30.64608140983934,jbspiritous@gmail.com,false,2026-03-10 05:18,140.1 secs,CEO: Mapbox Satellite w/ Labels,,POINT(-97.76495345101515 30.64608140983934),50,,Built-up
136,19460,804481220,-97.76495345101515,30.64617124103424,jbspiritous@gmail.com,false,2026-03-10 05:18,140.1 secs,CEO: Mapbox Satellite w/ Labels,,POINT(-97.76495345101515 30.64617124103424),50,,Grasses
136,19461,804481221,-97.76484903643939,30.645362757276004,jbspiritous@gmail.com,false,2026-03-10 05:18,140.1 secs,CEO: Mapbox Satellite w/ Labels,,POINT(-97.76484903643939 30.645362757276004),50,,Trees
136,19462,804481222,-97.76484903643939,30.645452589138472,jbspiritous@gmail.com,false,2026-03-10 05:18,140.1 secs,CEO: Mapbox Satellite w/ Labels,,POINT(-97.76484903643939 30.645452589138472),50,,Trees
136,19463,804481223,-97.76484903643939,30.645542420917522,jbspiritous@gmail.com,false,2026-03-10 05:18,140.1 secs,CEO: Mapbox Satellite w/ Labels,,POINT(-97.76484903643939 30.645542420917522),50,,Grasses
136,19464,804481224,-97.76484903643939,30.645632252613083,jbspiritous@gmail.com,false,2026-03-10 05:18,140.1 secs,CEO: Mapbox Satellite w/ Labels,,POINT(-97.76484903643939 30.645632252613083),50,,Trees
136,19465,804481225,-97.76484903643939,30.645722084225213,jbspiritous@gmail.com,false,2026-03-10 05:18,140.1 secs,CEO: Mapbox Satellite w/ Labels,,POINT(-97.76484903643939 30.645722084225213),50,,Built-up
136,19466,804481226,-97.76484903643939,30.645811915753924,jbspiritous@gmail.com,false,2026-03-10 05:18,140.1 secs,CEO: Mapbox Satellite w/ Labels,,POINT(-97.76484903643939 30.645811915753924),50,,Grasses
136,19467,804481227,-97.76484903643939,30.64590174719919,jbspiritous@gmail.com,false,2026-03-10 05:18,140.1 secs,CEO: Mapbox Satellite w/ Labels,,POINT(-97.76484903643939 30.64590174719919),50,,Built-up
136,19468,804481228,-97.76484903643939,30.645991578560967,jbspiritous@gmail.com,false,2026-03-10 05:18,140.1 secs,CEO: Mapbox Satellite w/ Labels,,POINT(-97.76484903643939 30.645991578560967),50,,Built-up
136,19469,804481229,-97.76484903643939,30.64608140983934,jbspiritous@gmail.com,false,2026-03-10 05:18,140.1 secs,CEO: Mapbox Satellite w/ Labels,,POINT(-97.76484903643939 30.64608140983934),50,,Trees
136,19470,804481230,-97.76484903643939,30.64617124103424,jbspiritous@gmail.com,false,2026-03-10 05:18,140.1 secs,CEO: Mapbox Satellite w/ Labels,,POINT(-97.76484903643939 30.64617124103424),50,,Grasses
136,19471,804481231,-97.76474462186364,30.645362757276004,jbspiritous@gmail.com,false,2026-03-10 05:18,140.1 secs,CEO: Mapbox Satellite w/ Labels,,POINT(-97.76474462186364 30.645362757276004),50,,Grasses
136,19472,804481232,-97.76474462186364,30.645452589138472,jbspiritous@gmail.com,false,2026-03-10 05:18,140.1 secs,CEO: Mapbox Satellite w/ Labels,,POINT(-97.76474462186364 30.645452589138472),50,,Grasses
136,19473,804481233,-97.76474462186364,30.645542420917522,jbspiritous@gmail.com,false,2026-03-10 05:18,140.1 secs,CEO: Mapbox Satellite w/ Labels,,POINT(-97.76474462186364 30.645542420917522),50,,Grasses
136,19474,804481234,-97.76474462186364,30.645632252613083,jbspiritous@gmail.com,false,2026-03-10 05:18,140.1 secs,CEO: Mapbox Satellite w/ Labels,,POINT(-97.76474462186364 30.645632252613083),50,,Grasses
136,19475,804481235,-97.76474462186364,30.645722084225213,jbspiritous@gmail.com,false,2026-03-10 05:18,140.1 secs,CEO: Mapbox Satellite w/ Labels,,POINT(-97.76474462186364 30.645722084225213),50,,Built-up
136,19476,804481236,-97.76474462186364,30.645811915753924,jbspiritous@gmail.com,false,2026-03-10 05:18,140.1 secs,CEO: Mapbox Satellite w/ Labels,,POINT(-97.76474462186364 30.645811915753924),50,,Built-up
136,19477,804481237,-97.76474462186364,30.64590174719919,jbspiritous@gmail.com,false,2026-03-10 05:18,140.1 secs,CEO: Mapbox Satellite w/ Labels,,POINT(-97.76474462186364 30.64590174719919),50,,Built-up
136,19478,804481238,-97.76474462186364,30.645991578560967,jbspiritous@gmail.com,false,2026-03-10 05:18,140.1 secs,CEO: Mapbox Satellite w/ Labels,,POINT(-97.76474462186364 30.645991578560967),50,,Grasses
136,19479,804481239,-97.76474462186364,30.64608140983934,jbspiritous@gmail.com,false,2026-03-10 05:18,140.1 secs,CEO: Mapbox Satellite w/ Labels,,POINT(-97.76474462186364 30.64608140983934),50,,Trees
136,19480,804481240,-97.76474462186364,30.64617124103424,jbspiritous@gmail.com,false,2026-03-10 05:18,140.1 secs,CEO: Mapbox Satellite w/ Labels,,POINT(-97.76474462186364 30.64617124103424),50,,Grasses
136,19481,804481241,-97.76464020728788,30.645362757276004,jbspiritous@gmail.com,false,2026-03-10 05:18,140.1 secs,CEO: Mapbox Satellite w/ Labels,,POINT(-97.76464020728788 30.645362757276004),50,,Trees
136,19482,804481242,-97.76464020728788,30.645452589138472,jbspiritous@gmail.com,false,2026-03-10 05:18,140.1 secs,CEO: Mapbox Satellite w/ Labels,,POINT(-97.76464020728788 30.645452589138472),50,,Trees
136,19483,804481243,-97.76464020728788,30.645542420917522,jbspiritous@gmail.com,false,2026-03-10 05:18,140.1 secs,CEO: Mapbox Satellite w/ Labels,,POINT(-97.76464020728788 30.645542420917522),50,,Grasses
136,19484,804481244,-97.76464020728788,30.645632252613083,jbspiritous@gmail.com,false,2026-03-10 05:18,140.1 secs,CEO: Mapbox Satellite w/ Labels,,POINT(-97.76464020728788 30.645632252613083),50,,Grasses
136,19485,804481245,-97.76464020728788,30.645722084225213,jbspiritous@gmail.com,false,2026-03-10 05:18,140.1 secs,CEO: Mapbox Satellite w/ Labels,,POINT(-97.76464020728788 30.645722084225213),50,,Built-up
136,19486,804481246,-97.76464020728788,30.645811915753924,jbspiritous@gmail.com,false,2026-03-10 05:18,140.1 secs,CEO: Mapbox Satellite w/ Labels,,POINT(-97.76464020728788 30.645811915753924),50,,Built-up
136,19487,804481247,-97.76464020728788,30.64590174719919,jbspiritous@gmail.com,false,2026-03-10 05:18,140.1 secs,CEO: Mapbox Satellite w/ Labels,,POINT(-97.76464020728788 30.64590174719919),50,,Built-up
136,19488,804481248,-97.76464020728788,30.645991578560967,jbspiritous@gmail.com,false,2026-03-10 05:18,140.1 secs,CEO: Mapbox Satellite w/ Labels,,POINT(-97.76464020728788 30.645991578560967),50,,Grasses
136,19489,804481249,-97.76464020728788,30.64608140983934,jbspiritous@gmail.com,false,2026-03-10 05:18,140.1 secs,CEO: Mapbox Satellite w/ Labels,,POINT(-97.76464020728788 30.64608140983934),50,,Grasses
136,19490,804481250,-97.76464020728788,30.64617124103424,jbspiritous@gmail.com,false,2026-03-10 05:18,140.1 secs,CEO: Mapbox Satellite w/ Labels,,POINT(-97.76464020728788 30.64617124103424),50,,Grasses
136,19491,804481251,-97.76453579271214,30.645362757276004,jbspiritous@gmail.com,false,2026-03-10 05:18,140.1 secs,CEO: Mapbox Satellite w/ Labels,,POINT(-97.76453579271214 30.645362757276004),50,,Trees
136,19492,804481252,-97.76453579271214,30.645452589138472,jbspiritous@gmail.com,false,2026-03-10 05:18,140.1 secs,CEO: Mapbox Satellite w/ Labels,,POINT(-97.76453579271214 30.645452589138472),50,,Trees
136,19493,804481253,-97.76453579271214,30.645542420917522,jbspiritous@gmail.com,false,2026-03-10 05:18,140.1 secs,CEO: Mapbox Satellite w/ Labels,,POINT(-97.76453579271214 30.645542420917522),50,,Built-up
136,19494,804481254,-97.76453579271214,30.645632252613083,jbspiritous@gmail.com,false,2026-03-10 05:18,140.1 secs,CEO: Mapbox Satellite w/ Labels,,POINT(-97.76453579271214 30.645632252613083),50,,Built-up
136,19495,804481255,-97.76453579271214,30.645722084225213,jbspiritous@gmail.com,false,2026-03-10 05:18,140.1 secs,CEO: Mapbox Satellite w/ Labels,,POINT(-97.76453579271214 30.645722084225213),50,,Grasses
136,19496,804481256,-97.76453579271214,30.645811915753924,jbspiritous@gmail.com,false,2026-03-10 05:18,140.1 secs,CEO: Mapbox Satellite w/ Labels,,POINT(-97.76453579271214 30.645811915753924),50,,Trees
136,19497,804481257,-97.76453579271214,30.64590174719919,jbspiritous@gmail.com,false,2026-03-10 05:18,140.1 secs,CEO: Mapbox Satellite w/ Labels,,POINT(-97.76453579271214 30.64590174719919),50,,Trees
136,19498,804481258,-97.76453579271214,30.645991578560967,jbspiritous@gmail.com,false,2026-03-10 05:18,140.1 secs,CEO: Mapbox Satellite w/ Labels,,POINT(-97.76453579271214 30.645991578560967),50,,Built-up
136,19499,804481259,-97.76453579271214,30.64608140983934,jbspiritous@gmail.com,false,2026-03-10 05:18,140.1 secs,CEO: Mapbox Satellite w/ Labels,,POINT(-97.76453579271214 30.64608140983934),50,,Trees
136,19500,804481260,-97.76453579271214,30.64617124103424,jbspiritous@gmail.com,false,2026-03-10 05:18,140.1 secs,CEO: Mapbox Satellite w/ Labels,,POINT(-97.76453579271214 30.64617124103424),50,,Grasses
136,19501,804481261,-97.76443137813638,30.645362757276004,jbspiritous@gmail.com,false,2026-03-10 05:18,140.1 secs,CEO: Mapbox Satellite w/ Labels,,POINT(-97.76443137813638 30.645362757276004),50,,Trees
136,19502,804481262,-97.76443137813638,30.645452589138472,jbspiritous@gmail.com,false,2026-03-10 05:18,140.1 secs,CEO: Mapbox Satellite w/ Labels,,POINT(-97.76443137813638 30.645452589138472),50,,Built-up
136,19503,804481263,-97.76443137813638,30.645542420917522,jbspiritous@gmail.com,false,2026-03-10 05:18,140.1 secs,CEO: Mapbox Satellite w/ Labels,,POINT(-97.76443137813638 30.645542420917522),50,,Built-up
136,19504,804481264,-97.76443137813638,30.645632252613083,jbspiritous@gmail.com,false,2026-03-10 05:18,140.1 secs,CEO: Mapbox Satellite w/ Labels,,POINT(-97.76443137813638 30.645632252613083),50,,Grasses
136,19505,804481265,-97.76443137813638,30.645722084225213,jbspiritous@gmail.com,false,2026-03-10 05:18,140.1 secs,CEO: Mapbox Satellite w/ Labels,,POINT(-97.76443137813638 30.645722084225213),50,,Trees
136,19506,804481266,-97.76443137813638,30.645811915753924,jbspiritous@gmail.com,false,2026-03-10 05:18,140.1 secs,CEO: Mapbox Satellite w/ Labels,,POINT(-97.76443137813638 30.645811915753924),50,,Trees
136,19507,804481267,-97.76443137813638,30.64590174719919,jbspiritous@gmail.com,false,2026-03-10 05:18,140.1 secs,CEO: Mapbox Satellite w/ Labels,,POINT(-97.76443137813638 30.64590174719919),50,,Trees
136,19508,804481268,-97.76443137813638,30.645991578560967,jbspiritous@gmail.com,false,2026-03-10 05:18,140.1 secs,CEO: Mapbox Satellite w/ Labels,,POINT(-97.76443137813638 30.645991578560967),50,,Grasses
136,19509,804481269,-97.76443137813638,30.64608140983934,jbspiritous@gmail.com,false,2026-03-10 05:18,140.1 secs,CEO: Mapbox Satellite w/ Labels,,POINT(-97.76443137813638 30.64608140983934),50,,Built-up
136,19510,804481270,-97.76443137813638,30.64617124103424,jbspiritous@gmail.com,false,2026-03-10 05:18,140.1 secs,CEO: Mapbox Satellite w/ Labels,,POINT(-97.76443137813638 30.64617124103424),50,,Trees
136,19511,804481271,-97.76432696356063,30.645362757276004,jbspiritous@gmail.com,false,2026-03-10 05:18,140.1 secs,CEO: Mapbox Satellite w/ Labels,,POINT(-97.76432696356063 30.645362757276004),50,,Built-up
136,19512,804481272,-97.76432696356063,30.645452589138472,jbspiritous@gmail.com,false,2026-03-10 05:18,140.1 secs,CEO: Mapbox Satellite w/ Labels,,POINT(-97.76432696356063 30.645452589138472),50,,Built-up
136,19513,804481273,-97.76432696356063,30.645542420917522,jbspiritous@gmail.com,false,2026-03-10 05:18,140.1 secs,CEO: Mapbox Satellite w/ Labels,,POINT(-97.76432696356063 30.645542420917522),50,,Grasses
136,19514,804481274,-97.76432696356063,30.645632252613083,jbspiritous@gmail.com,false,2026-03-10 05:18,140.1 secs,CEO: Mapbox Satellite w/ Labels,,POINT(-97.76432696356063 30.645632252613083),50,,Grasses
136,19515,804481275,-97.76432696356063,30.645722084225213,jbspiritous@gmail.com,false,2026-03-10 05:18,140.1 secs,CEO: Mapbox Satellite w/ Labels,,POINT(-97.76432696356063 30.645722084225213),50,,Trees
136,19516,804481276,-97.76432696356063,30.645811915753924,jbspiritous@gmail.com,false,2026-03-10 05:18,140.1 secs,CEO: Mapbox Satellite w/ Labels,,POINT(-97.76432696356063 30.645811915753924),50,,Trees
136,19517,804481277,-97.76432696356063,30.64590174719919,jbspiritous@gmail.com,false,2026-03-10 05:18,140.1 secs,CEO: Mapbox Satellite w/ Labels,,POINT(-97.76432696356063 30.64590174719919),50,,Grasses
136,19518,804481278,-97.76432696356063,30.645991578560967,jbspiritous@gmail.com,false,2026-03-10 05:18,140.1 secs,CEO: Mapbox Satellite w/ Labels,,POINT(-97.76432696356063 30.645991578560967),50,,Trees
136,19519,804481279,-97.76432696356063,30.64608140983934,jbspiritous@gmail.com,false,2026-03-10 05:18,140.1 secs,CEO: Mapbox Satellite w/ Labels,,POINT(-97.76432696356063 30.64608140983934),50,,Built-up
136,19520,804481280,-97.76432696356063,30.64617124103424,jbspiritous@gmail.com,false,2026-03-10 05:18,140.1 secs,CEO: Mapbox Satellite w/ Labels,,POINT(-97.76432696356063 30.64617124103424),50,,Built-up
136,19521,804481281,-97.76422254898488,30.645362757276004,jbspiritous@gmail.com,false,2026-03-10 05:18,140.1 secs,CEO: Mapbox Satellite w/ Labels,,POINT(-97.76422254898488 30.645362757276004),50,,Grasses
136,19522,804481282,-97.76422254898488,30.645452589138472,jbspiritous@gmail.com,false,2026-03-10 05:18,140.1 secs,CEO: Mapbox Satellite w/ Labels,,POINT(-97.76422254898488 30.645452589138472),50,,Built-up
136,19523,804481283,-97.76422254898488,30.645542420917522,jbspiritous@gmail.com,false,2026-03-10 05:18,140.1 secs,CEO: Mapbox Satellite w/ Labels,,POINT(-97.76422254898488 30.645542420917522),50,,Built-up structures
136,19524,804481284,-97.76422254898488,30.645632252613083,jbspiritous@gmail.com,false,2026-03-10 05:18,140.1 secs,CEO: Mapbox Satellite w/ Labels,,POINT(-97.76422254898488 30.645632252613083),50,,Built-up structures
136,19525,804481285,-97.76422254898488,30.645722084225213,jbspiritous@gmail.com,false,2026-03-10 05:18,140.1 secs,CEO: Mapbox Satellite w/ Labels,,POINT(-97.76422254898488 30.645722084225213),50,,Built-up structures
136,19526,804481286,-97.76422254898488,30.645811915753924,jbspiritous@gmail.com,false,2026-03-10 05:18,140.1 secs,CEO: Mapbox Satellite w/ Labels,,POINT(-97.76422254898488 30.645811915753924),50,,Grasses
136,19527,804481287,-97.76422254898488,30.64590174719919,jbspiritous@gmail.com,false,2026-03-10 05:18,140.1 secs,CEO: Mapbox Satellite w/ Labels,,POINT(-97.76422254898488 30.64590174719919),50,,Grasses
136,19528,804481288,-97.76422254898488,30.645991578560967,jbspiritous@gmail.com,false,2026-03-10 05:18,140.1 secs,CEO: Mapbox Satellite w/ Labels,,POINT(-97.76422254898488 30.645991578560967),50,,Grasses
136,19529,804481289,-97.76422254898488,30.64608140983934,jbspiritous@gmail.com,false,2026-03-10 05:18,140.1 secs,CEO: Mapbox Satellite w/ Labels,,POINT(-97.76422254898488 30.64608140983934),50,,Grasses
136,19530,804481290,-97.76422254898488,30.64617124103424,jbspiritous@gmail.com,false,2026-03-10 05:18,140.1 secs,CEO: Mapbox Satellite w/ Labels,,POINT(-97.76422254898488 30.64617124103424),50,,Built-up
136,19531,804481291,-97.76411813440915,30.645362757276004,jbspiritous@gmail.com,false,2026-03-10 05:18,140.1 secs,CEO: Mapbox Satellite w/ Labels,,POINT(-97.76411813440915 30.645362757276004),50,,Trees
136,19532,804481292,-97.76411813440915,30.645452589138472,jbspiritous@gmail.com,false,2026-03-10 05:18,140.1 secs,CEO: Mapbox Satellite w/ Labels,,POINT(-97.76411813440915 30.645452589138472),50,,Grasses
136,19533,804481293,-97.76411813440915,30.645542420917522,jbspiritous@gmail.com,false,2026-03-10 05:18,140.1 secs,CEO: Mapbox Satellite w/ Labels,,POINT(-97.76411813440915 30.645542420917522),50,,Trees
136,19534,804481294,-97.76411813440915,30.645632252613083,jbspiritous@gmail.com,false,2026-03-10 05:18,140.1 secs,CEO: Mapbox Satellite w/ Labels,,POINT(-97.76411813440915 30.645632252613083),50,,Built-up structures
136,19535,804481295,-97.76411813440915,30.645722084225213,jbspiritous@gmail.com,false,2026-03-10 05:18,140.1 secs,CEO: Mapbox Satellite w/ Labels,,POINT(-97.76411813440915 30.645722084225213),50,,Built-up structures
136,19536,804481296,-97.76411813440915,30.645811915753924,jbspiritous@gmail.com,false,2026-03-10 05:18,140.1 secs,CEO: Mapbox Satellite w/ Labels,,POINT(-97.76411813440915 30.645811915753924),50,,Grasses
136,19537,804481297,-97.76411813440915,30.64590174719919,jbspiritous@gmail.com,false,2026-03-10 05:18,140.1 secs,CEO: Mapbox Satellite w/ Labels,,POINT(-97.76411813440915 30.64590174719919),50,,Grasses
136,19538,804481298,-97.76411813440915,30.645991578560967,jbspiritous@gmail.com,false,2026-03-10 05:18,140.1 secs,CEO: Mapbox Satellite w/ Labels,,POINT(-97.76411813440915 30.645991578560967),50,,Grasses
136,19539,804481299,-97.76411813440915,30.64608140983934,jbspiritous@gmail.com,false,2026-03-10 05:18,140.1 secs,CEO: Mapbox Satellite w/ Labels,,POINT(-97.76411813440915 30.64608140983934),50,,Grasses
136,19540,804481300,-97.76411813440915,30.64617124103424,jbspiritous@gmail.com,false,2026-03-10 05:18,140.1 secs,CEO: Mapbox Satellite w/ Labels,,POINT(-97.76411813440915 30.64617124103424),50,,Trees